[32mTrack Importing RawVideo - Width 320 Height 240 FPS 30/1
[0m[32mXMT: MPEG-4 (XMT) Scene Parsing
[0mXMT Parsing: |==                  | (11/100)[33m[XMT Parsing] Warning: Unknown field "backColor" for node OrderedGroup - skipping (line 180)
[0m[33m[XMT Parsing] Warning: Unknown field "url" for node OrderedGroup - skipping (line 180)
[0m[33m[XMT Parsing] Warning: top-node already assigned - discarding node Background2D (line 181)
[0m[33m[XMT Parsing] Warning: top-node already assigned - discarding node WorldInfo (line 182)
[0m[33m[XMT Parsing] Warning: top-node already assigned - discarding node Viewport (line 183)
[0m[33m[XMT Parsing] Warning: top-node already assigned - discarding node Transform2D (line 210)
[0m[33m[XMT Parsing] Warning: top-node already assigned - discarding node Conditional (line 215)
[0m[33m[XMT Parsing] Warning: top-node already assigned - discarding node Conditional (line 220)
[0mXMT Parsing: |====                | (22/100)[33m[XMT Parsing] Warning: Unknown field "DE" for node ImageTexture - skipping (line 250)
[0m[31mService bifs-externproto-nood-lib.bt#GEOMETRY_PROTO Cannot find filter for service: Requested URL is not valid or cannot be found
[0m[33m[XMT Parsing] Warning: Node N13 has been defined several times - IDs may get corrupted (line 300)
[0mXMT Parsing: |======              | (33/100)XMT Parsing: |========            | (44/100)XMT Parsing: |===========         | (55/100)[33m[XMT Parsing] Warning: Unknown field "backColor" for node OrderedGroup - skipping (line 663)
[0m[33m[XMT Parsing] Warning: Unknown field "url" for node OrderedGroup - skipping (line 663)
[0m[33m[XMT Parsing] Warning: Node N1 has been defined several times - IDs may get corrupted (line 664)
[0m[33m[XMT Parsing] Warning: top-node already assigned - discarding node Background2D (line 664)
[0mXMT Parsing: |=============       | (66/100)[33m[XMT Parsing] Warning: top-node already assigned - discarding node WorldInfo (line 665)
[0m[33m[XMT Parsing] Warning: Node N2 has been defined several times - IDs may get corrupted (line 666)
[0m[33m[XMT Parsing] Warning: top-node already assigned - discarding node Viewport (line 666)
[0m[33m[XMT Parsing] Warning: top-node already assigned - discarding node Transform2D (line 693)
[0m[33m[XMT Parsing] Warning: top-node already assigned - discarding node Conditional (line 698)
[0m[33m[XMT Parsing] Warning: top-node already assigned - discarding node Conditional (line 703)
[0m[33m[XMT Parsing] Warning: Node N13 has been defined several times - IDs may get corrupted (line 782)
[0mXMT Parsing: |===============     | (78/100)[31m[XMT Parsing] Warning: closing element Shape doesn't match created node Curve2D (line 837)
[0m[31m[XMT Parsing] Warning: closing element PixelTexture doesn't match created node Curve2D (line 842)
[0m[31m[XMT Parsing] Warning: closing element Appearance doesn't match created node Curve2D (line 844)
[0m[31m[XMT Parsing] Warning: closing element IndexedLineSet2D doesn't match created node Shape (line 851)
[0m[31m[XMT Parsing] Warning: closing element LinearGradient doesn't match created node TransformMatrix2D (line 858)
[0m[31m[XMT Parsing] Warning: closing element Appearance doesn't match created node TransformMatrix2D (line 860)
[0mXMT Parsing: |=================   | (89/100)[31m[XMT Parsing] Invalid XML document:  (line 954)
[0m[31m[CtxLoad] Failed to load context for file /home/user/Documents/GitHub/CVE_bug_Tracker/triaging_data/Gpac/Mp4box/limb/150/150_xmt_node_end_scene_manager_loader_xmt_c_3536.xmt: BitStream Not Compliant
[0m[33m[Compositor] Could not detect end of stream(s) in the 10000 ms, aborting
[0m[33m[Importer] Error importing /home/user/Documents/GitHub/CVE_bug_Tracker/triaging_data/Gpac/Mp4box/limb/150/150_xmt_node_end_scene_manager_loader_xmt_c_3536.xmt
[0m[31mFailure while importing media: Internal Service Error
[0m[31mError importing /home/user/Documents/GitHub/CVE_bug_Tracker/triaging_data/Gpac/Mp4box/limb/150/150_xmt_node_end_scene_manager_loader_xmt_c_3536.xmt: Internal Service Error
[0m
=================================================================
==349699==ERROR: LeakSanitizer: detected memory leaks

Indirect leak of 2640 byte(s) in 33 object(s) allocated from:
    #0 0x7f9432f2365f in realloc ../../../../src/libsanitizer/asan/asan_malloc_linux.cpp:81
    #1 0x7f9431160d64 in realloc_chain utils/list.c:643
    #2 0x7f9431160d64 in gf_list_add utils/list.c:652
    #3 0x7f94319cbc09 in xmt_node_stack_push scene_manager/loader_xmt.c:1556
    #4 0x7f94319cbc09 in xmt_node_start scene_manager/loader_xmt.c:2987
    #5 0x7f943119730c in xml_sax_node_start utils/xml_parser.c:308
    #6 0x7f943119ba4c in xml_sax_parse_attribute utils/xml_parser.c:397
    #7 0x7f943119ba4c in xml_sax_parse utils/xml_parser.c:940
    #8 0x7f9431197d60 in gf_xml_sax_parse_intern utils/xml_parser.c:1110
    #9 0x7f943119cda7 in gf_xml_sax_parse utils/xml_parser.c:1138
    #10 0x7f943119d103 in xml_sax_read_file utils/xml_parser.c:1225
    #11 0x7f943119dbb8 in gf_xml_sax_parse_file utils/xml_parser.c:1338
    #12 0x7f94319baa39 in load_xmt_run scene_manager/loader_xmt.c:3700
    #13 0x7f9432067443 in ctxload_process filters/load_bt_xmt.c:544
    #14 0x7f9431de0093 in gf_filter_process_task filter_core/filter.c:3257
    #15 0x7f9431db44c1 in gf_fs_thread_proc filter_core/filter_session.c:2420
    #16 0x7f9431db9582 in gf_fs_run filter_core/filter_session.c:2728
    #17 0x7f943187328a in gf_media_import media_tools/media_import.c:1639
    #18 0x56087f79d411 in import_file /run/media/user/8ed8205b-4114-4c2a-b2d0-e2ad6640262d/gpac/runtime/gpac_asan/applications/mp4box/fileimport.c:1733
    #19 0x56087f759fc9 in do_add_cat /run/media/user/8ed8205b-4114-4c2a-b2d0-e2ad6640262d/gpac/runtime/gpac_asan/applications/mp4box/mp4box.c:4633
    #20 0x56087f75c3f7 in mp4box_main /run/media/user/8ed8205b-4114-4c2a-b2d0-e2ad6640262d/gpac/runtime/gpac_asan/applications/mp4box/mp4box.c:6377
    #21 0x7f9430c33f76 in __libc_start_call_main ../sysdeps/nptl/libc_start_call_main.h:58
    #22 0x7f9430c34026 in __libc_start_main_impl ../csu/libc-start.c:360
    #23 0x56087f73c080 in _start (/run/media/user/8ed8205b-4114-4c2a-b2d0-e2ad6640262d/gpac/runtime/gpac_asan/bin/gcc/MP4Box+0x4d080) (BuildId: 1651312aefdad6adf454cb6d555ab16d3e0fe1b8)

Indirect leak of 1680 byte(s) in 21 object(s) allocated from:
    #0 0x7f9432f2365f in realloc ../../../../src/libsanitizer/asan/asan_malloc_linux.cpp:81
    #1 0x7f9431160d64 in realloc_chain utils/list.c:643
    #2 0x7f9431160d64 in gf_list_add utils/list.c:652
    #3 0x7f94319cbc09 in xmt_node_stack_push scene_manager/loader_xmt.c:1556
    #4 0x7f94319cbc09 in xmt_node_start scene_manager/loader_xmt.c:2987
    #5 0x7f943119730c in xml_sax_node_start utils/xml_parser.c:308
    #6 0x7f943119ba4c in xml_sax_parse_attribute utils/xml_parser.c:397
    #7 0x7f943119ba4c in xml_sax_parse utils/xml_parser.c:940
    #8 0x7f943119796e in gf_xml_sax_parse_intern utils/xml_parser.c:1084
    #9 0x7f943119cda7 in gf_xml_sax_parse utils/xml_parser.c:1138
    #10 0x7f943119d103 in xml_sax_read_file utils/xml_parser.c:1225
    #11 0x7f943119dbb8 in gf_xml_sax_parse_file utils/xml_parser.c:1338
    #12 0x7f94319baa39 in load_xmt_run scene_manager/loader_xmt.c:3700
    #13 0x7f9432067443 in ctxload_process filters/load_bt_xmt.c:544
    #14 0x7f9431de0093 in gf_filter_process_task filter_core/filter.c:3257
    #15 0x7f9431db44c1 in gf_fs_thread_proc filter_core/filter_session.c:2420
    #16 0x7f9431db9582 in gf_fs_run filter_core/filter_session.c:2728
    #17 0x7f943187328a in gf_media_import media_tools/media_import.c:1639
    #18 0x56087f79d411 in import_file /run/media/user/8ed8205b-4114-4c2a-b2d0-e2ad6640262d/gpac/runtime/gpac_asan/applications/mp4box/fileimport.c:1733
    #19 0x56087f759fc9 in do_add_cat /run/media/user/8ed8205b-4114-4c2a-b2d0-e2ad6640262d/gpac/runtime/gpac_asan/applications/mp4box/mp4box.c:4633
    #20 0x56087f75c3f7 in mp4box_main /run/media/user/8ed8205b-4114-4c2a-b2d0-e2ad6640262d/gpac/runtime/gpac_asan/applications/mp4box/mp4box.c:6377
    #21 0x7f9430c33f76 in __libc_start_call_main ../sysdeps/nptl/libc_start_call_main.h:58
    #22 0x7f9430c34026 in __libc_start_main_impl ../csu/libc-start.c:360
    #23 0x56087f73c080 in _start (/run/media/user/8ed8205b-4114-4c2a-b2d0-e2ad6640262d/gpac/runtime/gpac_asan/bin/gcc/MP4Box+0x4d080) (BuildId: 1651312aefdad6adf454cb6d555ab16d3e0fe1b8)

Indirect leak of 1360 byte(s) in 17 object(s) allocated from:
    #0 0x7f9432f2365f in realloc ../../../../src/libsanitizer/asan/asan_malloc_linux.cpp:81
    #1 0x7f9431160d64 in realloc_chain utils/list.c:643
    #2 0x7f9431160d64 in gf_list_add utils/list.c:652
    #3 0x7f94319cbc09 in xmt_node_stack_push scene_manager/loader_xmt.c:1556
    #4 0x7f94319cbc09 in xmt_node_start scene_manager/loader_xmt.c:2987
    #5 0x7f943119730c in xml_sax_node_start utils/xml_parser.c:308
    #6 0x7f943119c087 in xml_sax_parse_attribute utils/xml_parser.c:357
    #7 0x7f943119c087 in xml_sax_parse utils/xml_parser.c:940
    #8 0x7f9431197d60 in gf_xml_sax_parse_intern utils/xml_parser.c:1110
    #9 0x7f943119cda7 in gf_xml_sax_parse utils/xml_parser.c:1138
    #10 0x7f943119d103 in xml_sax_read_file utils/xml_parser.c:1225
    #11 0x7f943119dbb8 in gf_xml_sax_parse_file utils/xml_parser.c:1338
    #12 0x7f94319baa39 in load_xmt_run scene_manager/loader_xmt.c:3700
    #13 0x7f9432067443 in ctxload_process filters/load_bt_xmt.c:544
    #14 0x7f9431de0093 in gf_filter_process_task filter_core/filter.c:3257
    #15 0x7f9431db44c1 in gf_fs_thread_proc filter_core/filter_session.c:2420
    #16 0x7f9431db9582 in gf_fs_run filter_core/filter_session.c:2728
    #17 0x7f943187328a in gf_media_import media_tools/media_import.c:1639
    #18 0x56087f79d411 in import_file /run/media/user/8ed8205b-4114-4c2a-b2d0-e2ad6640262d/gpac/runtime/gpac_asan/applications/mp4box/fileimport.c:1733
    #19 0x56087f759fc9 in do_add_cat /run/media/user/8ed8205b-4114-4c2a-b2d0-e2ad6640262d/gpac/runtime/gpac_asan/applications/mp4box/mp4box.c:4633
    #20 0x56087f75c3f7 in mp4box_main /run/media/user/8ed8205b-4114-4c2a-b2d0-e2ad6640262d/gpac/runtime/gpac_asan/applications/mp4box/mp4box.c:6377
    #21 0x7f9430c33f76 in __libc_start_call_main ../sysdeps/nptl/libc_start_call_main.h:58
    #22 0x7f9430c34026 in __libc_start_main_impl ../csu/libc-start.c:360
    #23 0x56087f73c080 in _start (/run/media/user/8ed8205b-4114-4c2a-b2d0-e2ad6640262d/gpac/runtime/gpac_asan/bin/gcc/MP4Box+0x4d080) (BuildId: 1651312aefdad6adf454cb6d555ab16d3e0fe1b8)

Indirect leak of 1324 byte(s) in 13 object(s) allocated from:
    #0 0x7f9432f2365f in realloc ../../../../src/libsanitizer/asan/asan_malloc_linux.cpp:81
    #1 0x7f9431371ad4 in gf_sg_vrml_mf_insert scenegraph/vrml_tools.c:1100
    #2 0x7f94319bf2da in xmt_parse_mf_field scene_manager/loader_xmt.c:1101
    #3 0x7f94319c764d in xmt_parse_element scene_manager/loader_xmt.c:2123
    #4 0x7f94319cbae3 in xmt_node_start scene_manager/loader_xmt.c:2980
    #5 0x7f943119730c in xml_sax_node_start utils/xml_parser.c:308
    #6 0x7f943119c087 in xml_sax_parse_attribute utils/xml_parser.c:357
    #7 0x7f943119c087 in xml_sax_parse utils/xml_parser.c:940
    #8 0x7f9431197d60 in gf_xml_sax_parse_intern utils/xml_parser.c:1110
    #9 0x7f943119cda7 in gf_xml_sax_parse utils/xml_parser.c:1138
    #10 0x7f943119d103 in xml_sax_read_file utils/xml_parser.c:1225
    #11 0x7f943119dbb8 in gf_xml_sax_parse_file utils/xml_parser.c:1338
    #12 0x7f94319baa39 in load_xmt_run scene_manager/loader_xmt.c:3700
    #13 0x7f9432067443 in ctxload_process filters/load_bt_xmt.c:544
    #14 0x7f9431de0093 in gf_filter_process_task filter_core/filter.c:3257
    #15 0x7f9431db44c1 in gf_fs_thread_proc filter_core/filter_session.c:2420
    #16 0x7f9431db9582 in gf_fs_run filter_core/filter_session.c:2728
    #17 0x7f943187328a in gf_media_import media_tools/media_import.c:1639
    #18 0x56087f79d411 in import_file /run/media/user/8ed8205b-4114-4c2a-b2d0-e2ad6640262d/gpac/runtime/gpac_asan/applications/mp4box/fileimport.c:1733
    #19 0x56087f759fc9 in do_add_cat /run/media/user/8ed8205b-4114-4c2a-b2d0-e2ad6640262d/gpac/runtime/gpac_asan/applications/mp4box/mp4box.c:4633
    #20 0x56087f75c3f7 in mp4box_main /run/media/user/8ed8205b-4114-4c2a-b2d0-e2ad6640262d/gpac/runtime/gpac_asan/applications/mp4box/mp4box.c:6377
    #21 0x7f9430c33f76 in __libc_start_call_main ../sysdeps/nptl/libc_start_call_main.h:58
    #22 0x7f9430c34026 in __libc_start_main_impl ../csu/libc-start.c:360
    #23 0x56087f73c080 in _start (/run/media/user/8ed8205b-4114-4c2a-b2d0-e2ad6640262d/gpac/runtime/gpac_asan/bin/gcc/MP4Box+0x4d080) (BuildId: 1651312aefdad6adf454cb6d555ab16d3e0fe1b8)

Indirect leak of 1056 byte(s) in 2 object(s) allocated from:
    #0 0x7f9432f2435f in malloc ../../../../src/libsanitizer/asan/asan_malloc_linux.cpp:67
    #1 0x7f943126403a in gf_sg_new scenegraph/base_scenegraph.c:53
    #2 0x7f9431264313 in gf_sg_new_subscene scenegraph/base_scenegraph.c:109
    #3 0x7f9431338cb0 in gf_sg_proto_create_node scenegraph/vrml_proto.c:797
    #4 0x7f94319c4d88 in xmt_parse_element scene_manager/loader_xmt.c:1975
    #5 0x7f94319cbae3 in xmt_node_start scene_manager/loader_xmt.c:2980
    #6 0x7f943119730c in xml_sax_node_start utils/xml_parser.c:308
    #7 0x7f943119ba4c in xml_sax_parse_attribute utils/xml_parser.c:397
    #8 0x7f943119ba4c in xml_sax_parse utils/xml_parser.c:940
    #9 0x7f943119796e in gf_xml_sax_parse_intern utils/xml_parser.c:1084
    #10 0x7f943119cda7 in gf_xml_sax_parse utils/xml_parser.c:1138
    #11 0x7f943119d103 in xml_sax_read_file utils/xml_parser.c:1225
    #12 0x7f943119dbb8 in gf_xml_sax_parse_file utils/xml_parser.c:1338
    #13 0x7f94319baa39 in load_xmt_run scene_manager/loader_xmt.c:3700
    #14 0x7f9432067443 in ctxload_process filters/load_bt_xmt.c:544
    #15 0x7f9431de0093 in gf_filter_process_task filter_core/filter.c:3257
    #16 0x7f9431db44c1 in gf_fs_thread_proc filter_core/filter_session.c:2420
    #17 0x7f9431db9582 in gf_fs_run filter_core/filter_session.c:2728
    #18 0x7f943187328a in gf_media_import media_tools/media_import.c:1639
    #19 0x56087f79d411 in import_file /run/media/user/8ed8205b-4114-4c2a-b2d0-e2ad6640262d/gpac/runtime/gpac_asan/applications/mp4box/fileimport.c:1733
    #20 0x56087f759fc9 in do_add_cat /run/media/user/8ed8205b-4114-4c2a-b2d0-e2ad6640262d/gpac/runtime/gpac_asan/applications/mp4box/mp4box.c:4633
    #21 0x56087f75c3f7 in mp4box_main /run/media/user/8ed8205b-4114-4c2a-b2d0-e2ad6640262d/gpac/runtime/gpac_asan/applications/mp4box/mp4box.c:6377
    #22 0x7f9430c33f76 in __libc_start_call_main ../sysdeps/nptl/libc_start_call_main.h:58
    #23 0x7f9430c34026 in __libc_start_main_impl ../csu/libc-start.c:360
    #24 0x56087f73c080 in _start (/run/media/user/8ed8205b-4114-4c2a-b2d0-e2ad6640262d/gpac/runtime/gpac_asan/bin/gcc/MP4Box+0x4d080) (BuildId: 1651312aefdad6adf454cb6d555ab16d3e0fe1b8)

Indirect leak of 960 byte(s) in 15 object(s) allocated from:
    #0 0x7f9432f2435f in malloc ../../../../src/libsanitizer/asan/asan_malloc_linux.cpp:67
    #1 0x7f9431265ded in gf_node_setup scenegraph/base_scenegraph.c:1319
    #2 0x7f94312dfffb in Shape_Create scenegraph/mpeg4_nodes.c:12958
    #3 0x7f94312dfffb in gf_sg_mpeg4_node_new scenegraph/mpeg4_nodes.c:36868
    #4 0x7f943126aa22 in gf_node_new scenegraph/base_scenegraph.c:2112
    #5 0x7f94319c6560 in xmt_parse_element scene_manager/loader_xmt.c:2036
    #6 0x7f94319cbae3 in xmt_node_start scene_manager/loader_xmt.c:2980
    #7 0x7f943119730c in xml_sax_node_start utils/xml_parser.c:308
    #8 0x7f943119ba4c in xml_sax_parse_attribute utils/xml_parser.c:397
    #9 0x7f943119ba4c in xml_sax_parse utils/xml_parser.c:940
    #10 0x7f9431197d60 in gf_xml_sax_parse_intern utils/xml_parser.c:1110
    #11 0x7f943119cda7 in gf_xml_sax_parse utils/xml_parser.c:1138
    #12 0x7f943119d103 in xml_sax_read_file utils/xml_parser.c:1225
    #13 0x7f943119dbb8 in gf_xml_sax_parse_file utils/xml_parser.c:1338
    #14 0x7f94319baa39 in load_xmt_run scene_manager/loader_xmt.c:3700
    #15 0x7f9432067443 in ctxload_process filters/load_bt_xmt.c:544
    #16 0x7f9431de0093 in gf_filter_process_task filter_core/filter.c:3257
    #17 0x7f9431db44c1 in gf_fs_thread_proc filter_core/filter_session.c:2420
    #18 0x7f9431db9582 in gf_fs_run filter_core/filter_session.c:2728
    #19 0x7f943187328a in gf_media_import media_tools/media_import.c:1639
    #20 0x56087f79d411 in import_file /run/media/user/8ed8205b-4114-4c2a-b2d0-e2ad6640262d/gpac/runtime/gpac_asan/applications/mp4box/fileimport.c:1733
    #21 0x56087f759fc9 in do_add_cat /run/media/user/8ed8205b-4114-4c2a-b2d0-e2ad6640262d/gpac/runtime/gpac_asan/applications/mp4box/mp4box.c:4633
    #22 0x56087f75c3f7 in mp4box_main /run/media/user/8ed8205b-4114-4c2a-b2d0-e2ad6640262d/gpac/runtime/gpac_asan/applications/mp4box/mp4box.c:6377
    #23 0x7f9430c33f76 in __libc_start_call_main ../sysdeps/nptl/libc_start_call_main.h:58
    #24 0x7f9430c34026 in __libc_start_main_impl ../csu/libc-start.c:360
    #25 0x56087f73c080 in _start (/run/media/user/8ed8205b-4114-4c2a-b2d0-e2ad6640262d/gpac/runtime/gpac_asan/bin/gcc/MP4Box+0x4d080) (BuildId: 1651312aefdad6adf454cb6d555ab16d3e0fe1b8)

Indirect leak of 960 byte(s) in 12 object(s) allocated from:
    #0 0x7f9432f2365f in realloc ../../../../src/libsanitizer/asan/asan_malloc_linux.cpp:81
    #1 0x7f9431160d64 in realloc_chain utils/list.c:643
    #2 0x7f9431160d64 in gf_list_add utils/list.c:652
    #3 0x7f94319cbc09 in xmt_node_stack_push scene_manager/loader_xmt.c:1556
    #4 0x7f94319cbc09 in xmt_node_start scene_manager/loader_xmt.c:2987
    #5 0x7f943119730c in xml_sax_node_start utils/xml_parser.c:308
    #6 0x7f943119c087 in xml_sax_parse_attribute utils/xml_parser.c:357
    #7 0x7f943119c087 in xml_sax_parse utils/xml_parser.c:940
    #8 0x7f943119796e in gf_xml_sax_parse_intern utils/xml_parser.c:1084
    #9 0x7f943119cda7 in gf_xml_sax_parse utils/xml_parser.c:1138
    #10 0x7f943119d103 in xml_sax_read_file utils/xml_parser.c:1225
    #11 0x7f943119dbb8 in gf_xml_sax_parse_file utils/xml_parser.c:1338
    #12 0x7f94319baa39 in load_xmt_run scene_manager/loader_xmt.c:3700
    #13 0x7f9432067443 in ctxload_process filters/load_bt_xmt.c:544
    #14 0x7f9431de0093 in gf_filter_process_task filter_core/filter.c:3257
    #15 0x7f9431db44c1 in gf_fs_thread_proc filter_core/filter_session.c:2420
    #16 0x7f9431db9582 in gf_fs_run filter_core/filter_session.c:2728
    #17 0x7f943187328a in gf_media_import media_tools/media_import.c:1639
    #18 0x56087f79d411 in import_file /run/media/user/8ed8205b-4114-4c2a-b2d0-e2ad6640262d/gpac/runtime/gpac_asan/applications/mp4box/fileimport.c:1733
    #19 0x56087f759fc9 in do_add_cat /run/media/user/8ed8205b-4114-4c2a-b2d0-e2ad6640262d/gpac/runtime/gpac_asan/applications/mp4box/mp4box.c:4633
    #20 0x56087f75c3f7 in mp4box_main /run/media/user/8ed8205b-4114-4c2a-b2d0-e2ad6640262d/gpac/runtime/gpac_asan/applications/mp4box/mp4box.c:6377
    #21 0x7f9430c33f76 in __libc_start_call_main ../sysdeps/nptl/libc_start_call_main.h:58
    #22 0x7f9430c34026 in __libc_start_main_impl ../csu/libc-start.c:360
    #23 0x56087f73c080 in _start (/run/media/user/8ed8205b-4114-4c2a-b2d0-e2ad6640262d/gpac/runtime/gpac_asan/bin/gcc/MP4Box+0x4d080) (BuildId: 1651312aefdad6adf454cb6d555ab16d3e0fe1b8)

Indirect leak of 840 byte(s) in 7 object(s) allocated from:
    #0 0x7f9432f2435f in malloc ../../../../src/libsanitizer/asan/asan_malloc_linux.cpp:67
    #1 0x7f9431277517 in gf_sg_command_new scenegraph/commands.c:38
    #2 0x7f94319cdaa8 in xmt_parse_command scene_manager/loader_xmt.c:2635
    #3 0x7f94319cdaa8 in xmt_node_start scene_manager/loader_xmt.c:2968
    #4 0x7f943119730c in xml_sax_node_start utils/xml_parser.c:308
    #5 0x7f943119c087 in xml_sax_parse_attribute utils/xml_parser.c:357
    #6 0x7f943119c087 in xml_sax_parse utils/xml_parser.c:940
    #7 0x7f943119796e in gf_xml_sax_parse_intern utils/xml_parser.c:1084
    #8 0x7f943119cda7 in gf_xml_sax_parse utils/xml_parser.c:1138
    #9 0x7f943119d103 in xml_sax_read_file utils/xml_parser.c:1225
    #10 0x7f943119dbb8 in gf_xml_sax_parse_file utils/xml_parser.c:1338
    #11 0x7f94319baa39 in load_xmt_run scene_manager/loader_xmt.c:3700
    #12 0x7f9432067443 in ctxload_process filters/load_bt_xmt.c:544
    #13 0x7f9431de0093 in gf_filter_process_task filter_core/filter.c:3257
    #14 0x7f9431db44c1 in gf_fs_thread_proc filter_core/filter_session.c:2420
    #15 0x7f9431db9582 in gf_fs_run filter_core/filter_session.c:2728
    #16 0x7f943187328a in gf_media_import media_tools/media_import.c:1639
    #17 0x56087f79d411 in import_file /run/media/user/8ed8205b-4114-4c2a-b2d0-e2ad6640262d/gpac/runtime/gpac_asan/applications/mp4box/fileimport.c:1733
    #18 0x56087f759fc9 in do_add_cat /run/media/user/8ed8205b-4114-4c2a-b2d0-e2ad6640262d/gpac/runtime/gpac_asan/applications/mp4box/mp4box.c:4633
    #19 0x56087f75c3f7 in mp4box_main /run/media/user/8ed8205b-4114-4c2a-b2d0-e2ad6640262d/gpac/runtime/gpac_asan/applications/mp4box/mp4box.c:6377
    #20 0x7f9430c33f76 in __libc_start_call_main ../sysdeps/nptl/libc_start_call_main.h:58
    #21 0x7f9430c34026 in __libc_start_main_impl ../csu/libc-start.c:360
    #22 0x56087f73c080 in _start (/run/media/user/8ed8205b-4114-4c2a-b2d0-e2ad6640262d/gpac/runtime/gpac_asan/bin/gcc/MP4Box+0x4d080) (BuildId: 1651312aefdad6adf454cb6d555ab16d3e0fe1b8)

Indirect leak of 720 byte(s) in 9 object(s) allocated from:
    #0 0x7f9432f2365f in realloc ../../../../src/libsanitizer/asan/asan_malloc_linux.cpp:81
    #1 0x7f9431160d64 in realloc_chain utils/list.c:643
    #2 0x7f9431160d64 in gf_list_add utils/list.c:652
    #3 0x7f94319cbc09 in xmt_node_stack_push scene_manager/loader_xmt.c:1556
    #4 0x7f94319cbc09 in xmt_node_start scene_manager/loader_xmt.c:2987
    #5 0x7f943119730c in xml_sax_node_start utils/xml_parser.c:308
    #6 0x7f943119ae3f in xml_sax_parse utils/xml_parser.c:863
    #7 0x7f9431197d60 in gf_xml_sax_parse_intern utils/xml_parser.c:1110
    #8 0x7f943119cda7 in gf_xml_sax_parse utils/xml_parser.c:1138
    #9 0x7f943119d103 in xml_sax_read_file utils/xml_parser.c:1225
    #10 0x7f943119dbb8 in gf_xml_sax_parse_file utils/xml_parser.c:1338
    #11 0x7f94319baa39 in load_xmt_run scene_manager/loader_xmt.c:3700
    #12 0x7f9432067443 in ctxload_process filters/load_bt_xmt.c:544
    #13 0x7f9431de0093 in gf_filter_process_task filter_core/filter.c:3257
    #14 0x7f9431db44c1 in gf_fs_thread_proc filter_core/filter_session.c:2420
    #15 0x7f9431db9582 in gf_fs_run filter_core/filter_session.c:2728
    #16 0x7f943187328a in gf_media_import media_tools/media_import.c:1639
    #17 0x56087f79d411 in import_file /run/media/user/8ed8205b-4114-4c2a-b2d0-e2ad6640262d/gpac/runtime/gpac_asan/applications/mp4box/fileimport.c:1733
    #18 0x56087f759fc9 in do_add_cat /run/media/user/8ed8205b-4114-4c2a-b2d0-e2ad6640262d/gpac/runtime/gpac_asan/applications/mp4box/mp4box.c:4633
    #19 0x56087f75c3f7 in mp4box_main /run/media/user/8ed8205b-4114-4c2a-b2d0-e2ad6640262d/gpac/runtime/gpac_asan/applications/mp4box/mp4box.c:6377
    #20 0x7f9430c33f76 in __libc_start_call_main ../sysdeps/nptl/libc_start_call_main.h:58
    #21 0x7f9430c34026 in __libc_start_main_impl ../csu/libc-start.c:360
    #22 0x56087f73c080 in _start (/run/media/user/8ed8205b-4114-4c2a-b2d0-e2ad6640262d/gpac/runtime/gpac_asan/bin/gcc/MP4Box+0x4d080) (BuildId: 1651312aefdad6adf454cb6d555ab16d3e0fe1b8)

Indirect leak of 576 byte(s) in 9 object(s) allocated from:
    #0 0x7f9432f2435f in malloc ../../../../src/libsanitizer/asan/asan_malloc_linux.cpp:67
    #1 0x7f9431265ded in gf_node_setup scenegraph/base_scenegraph.c:1319
    #2 0x7f94312dfffb in Shape_Create scenegraph/mpeg4_nodes.c:12958
    #3 0x7f94312dfffb in gf_sg_mpeg4_node_new scenegraph/mpeg4_nodes.c:36868
    #4 0x7f943126aa22 in gf_node_new scenegraph/base_scenegraph.c:2112
    #5 0x7f94319c6560 in xmt_parse_element scene_manager/loader_xmt.c:2036
    #6 0x7f94319cbae3 in xmt_node_start scene_manager/loader_xmt.c:2980
    #7 0x7f943119730c in xml_sax_node_start utils/xml_parser.c:308
    #8 0x7f943119ba4c in xml_sax_parse_attribute utils/xml_parser.c:397
    #9 0x7f943119ba4c in xml_sax_parse utils/xml_parser.c:940
    #10 0x7f943119796e in gf_xml_sax_parse_intern utils/xml_parser.c:1084
    #11 0x7f943119cda7 in gf_xml_sax_parse utils/xml_parser.c:1138
    #12 0x7f943119d103 in xml_sax_read_file utils/xml_parser.c:1225
    #13 0x7f943119dbb8 in gf_xml_sax_parse_file utils/xml_parser.c:1338
    #14 0x7f94319baa39 in load_xmt_run scene_manager/loader_xmt.c:3700
    #15 0x7f9432067443 in ctxload_process filters/load_bt_xmt.c:544
    #16 0x7f9431de0093 in gf_filter_process_task filter_core/filter.c:3257
    #17 0x7f9431db44c1 in gf_fs_thread_proc filter_core/filter_session.c:2420
    #18 0x7f9431db9582 in gf_fs_run filter_core/filter_session.c:2728
    #19 0x7f943187328a in gf_media_import media_tools/media_import.c:1639
    #20 0x56087f79d411 in import_file /run/media/user/8ed8205b-4114-4c2a-b2d0-e2ad6640262d/gpac/runtime/gpac_asan/applications/mp4box/fileimport.c:1733
    #21 0x56087f759fc9 in do_add_cat /run/media/user/8ed8205b-4114-4c2a-b2d0-e2ad6640262d/gpac/runtime/gpac_asan/applications/mp4box/mp4box.c:4633
    #22 0x56087f75c3f7 in mp4box_main /run/media/user/8ed8205b-4114-4c2a-b2d0-e2ad6640262d/gpac/runtime/gpac_asan/applications/mp4box/mp4box.c:6377
    #23 0x7f9430c33f76 in __libc_start_call_main ../sysdeps/nptl/libc_start_call_main.h:58
    #24 0x7f9430c34026 in __libc_start_main_impl ../csu/libc-start.c:360
    #25 0x56087f73c080 in _start (/run/media/user/8ed8205b-4114-4c2a-b2d0-e2ad6640262d/gpac/runtime/gpac_asan/bin/gcc/MP4Box+0x4d080) (BuildId: 1651312aefdad6adf454cb6d555ab16d3e0fe1b8)

Indirect leak of 560 byte(s) in 7 object(s) allocated from:
    #0 0x7f9432f2365f in realloc ../../../../src/libsanitizer/asan/asan_malloc_linux.cpp:81
    #1 0x7f9431160d64 in realloc_chain utils/list.c:643
    #2 0x7f9431160d64 in gf_list_add utils/list.c:652
    #3 0x7f9431277f09 in gf_sg_command_field_new scenegraph/commands.c:955
    #4 0x7f94319cdc1e in xmt_parse_command scene_manager/loader_xmt.c:2656
    #5 0x7f94319cdc1e in xmt_node_start scene_manager/loader_xmt.c:2968
    #6 0x7f943119730c in xml_sax_node_start utils/xml_parser.c:308
    #7 0x7f943119c087 in xml_sax_parse_attribute utils/xml_parser.c:357
    #8 0x7f943119c087 in xml_sax_parse utils/xml_parser.c:940
    #9 0x7f943119796e in gf_xml_sax_parse_intern utils/xml_parser.c:1084
    #10 0x7f943119cda7 in gf_xml_sax_parse utils/xml_parser.c:1138
    #11 0x7f943119d103 in xml_sax_read_file utils/xml_parser.c:1225
    #12 0x7f943119dbb8 in gf_xml_sax_parse_file utils/xml_parser.c:1338
    #13 0x7f94319baa39 in load_xmt_run scene_manager/loader_xmt.c:3700
    #14 0x7f9432067443 in ctxload_process filters/load_bt_xmt.c:544
    #15 0x7f9431de0093 in gf_filter_process_task filter_core/filter.c:3257
    #16 0x7f9431db44c1 in gf_fs_thread_proc filter_core/filter_session.c:2420
    #17 0x7f9431db9582 in gf_fs_run filter_core/filter_session.c:2728
    #18 0x7f943187328a in gf_media_import media_tools/media_import.c:1639
    #19 0x56087f79d411 in import_file /run/media/user/8ed8205b-4114-4c2a-b2d0-e2ad6640262d/gpac/runtime/gpac_asan/applications/mp4box/fileimport.c:1733
    #20 0x56087f759fc9 in do_add_cat /run/media/user/8ed8205b-4114-4c2a-b2d0-e2ad6640262d/gpac/runtime/gpac_asan/applications/mp4box/mp4box.c:4633
    #21 0x56087f75c3f7 in mp4box_main /run/media/user/8ed8205b-4114-4c2a-b2d0-e2ad6640262d/gpac/runtime/gpac_asan/applications/mp4box/mp4box.c:6377
    #22 0x7f9430c33f76 in __libc_start_call_main ../sysdeps/nptl/libc_start_call_main.h:58
    #23 0x7f9430c34026 in __libc_start_main_impl ../csu/libc-start.c:360
    #24 0x56087f73c080 in _start (/run/media/user/8ed8205b-4114-4c2a-b2d0-e2ad6640262d/gpac/runtime/gpac_asan/bin/gcc/MP4Box+0x4d080) (BuildId: 1651312aefdad6adf454cb6d555ab16d3e0fe1b8)

Indirect leak of 528 byte(s) in 33 object(s) allocated from:
    #0 0x7f9432f2435f in malloc ../../../../src/libsanitizer/asan/asan_malloc_linux.cpp:67
    #1 0x7f9431160b1d in gf_list_new utils/list.c:612
    #2 0x7f94319cc45d in xmt_node_stack_push scene_manager/loader_xmt.c:1555
    #3 0x7f94319cc45d in xmt_node_start scene_manager/loader_xmt.c:2987
    #4 0x7f943119730c in xml_sax_node_start utils/xml_parser.c:308
    #5 0x7f943119ba4c in xml_sax_parse_attribute utils/xml_parser.c:397
    #6 0x7f943119ba4c in xml_sax_parse utils/xml_parser.c:940
    #7 0x7f9431197d60 in gf_xml_sax_parse_intern utils/xml_parser.c:1110
    #8 0x7f943119cda7 in gf_xml_sax_parse utils/xml_parser.c:1138
    #9 0x7f943119d103 in xml_sax_read_file utils/xml_parser.c:1225
    #10 0x7f943119dbb8 in gf_xml_sax_parse_file utils/xml_parser.c:1338
    #11 0x7f94319baa39 in load_xmt_run scene_manager/loader_xmt.c:3700
    #12 0x7f9432067443 in ctxload_process filters/load_bt_xmt.c:544
    #13 0x7f9431de0093 in gf_filter_process_task filter_core/filter.c:3257
    #14 0x7f9431db44c1 in gf_fs_thread_proc filter_core/filter_session.c:2420
    #15 0x7f9431db9582 in gf_fs_run filter_core/filter_session.c:2728
    #16 0x7f943187328a in gf_media_import media_tools/media_import.c:1639
    #17 0x56087f79d411 in import_file /run/media/user/8ed8205b-4114-4c2a-b2d0-e2ad6640262d/gpac/runtime/gpac_asan/applications/mp4box/fileimport.c:1733
    #18 0x56087f759fc9 in do_add_cat /run/media/user/8ed8205b-4114-4c2a-b2d0-e2ad6640262d/gpac/runtime/gpac_asan/applications/mp4box/mp4box.c:4633
    #19 0x56087f75c3f7 in mp4box_main /run/media/user/8ed8205b-4114-4c2a-b2d0-e2ad6640262d/gpac/runtime/gpac_asan/applications/mp4box/mp4box.c:6377
    #20 0x7f9430c33f76 in __libc_start_call_main ../sysdeps/nptl/libc_start_call_main.h:58
    #21 0x7f9430c34026 in __libc_start_main_impl ../csu/libc-start.c:360
    #22 0x56087f73c080 in _start (/run/media/user/8ed8205b-4114-4c2a-b2d0-e2ad6640262d/gpac/runtime/gpac_asan/bin/gcc/MP4Box+0x4d080) (BuildId: 1651312aefdad6adf454cb6d555ab16d3e0fe1b8)

Indirect leak of 480 byte(s) in 6 object(s) allocated from:
    #0 0x7f9432f2365f in realloc ../../../../src/libsanitizer/asan/asan_malloc_linux.cpp:81
    #1 0x7f9431160d64 in realloc_chain utils/list.c:643
    #2 0x7f9431160d64 in gf_list_add utils/list.c:652
    #3 0x7f94319cbc09 in xmt_node_stack_push scene_manager/loader_xmt.c:1556
    #4 0x7f94319cbc09 in xmt_node_start scene_manager/loader_xmt.c:2987
    #5 0x7f943119730c in xml_sax_node_start utils/xml_parser.c:308
    #6 0x7f943119ae3f in xml_sax_parse utils/xml_parser.c:863
    #7 0x7f943119796e in gf_xml_sax_parse_intern utils/xml_parser.c:1084
    #8 0x7f943119cda7 in gf_xml_sax_parse utils/xml_parser.c:1138
    #9 0x7f943119d103 in xml_sax_read_file utils/xml_parser.c:1225
    #10 0x7f943119dbb8 in gf_xml_sax_parse_file utils/xml_parser.c:1338
    #11 0x7f94319baa39 in load_xmt_run scene_manager/loader_xmt.c:3700
    #12 0x7f9432067443 in ctxload_process filters/load_bt_xmt.c:544
    #13 0x7f9431de0093 in gf_filter_process_task filter_core/filter.c:3257
    #14 0x7f9431db44c1 in gf_fs_thread_proc filter_core/filter_session.c:2420
    #15 0x7f9431db9582 in gf_fs_run filter_core/filter_session.c:2728
    #16 0x7f943187328a in gf_media_import media_tools/media_import.c:1639
    #17 0x56087f79d411 in import_file /run/media/user/8ed8205b-4114-4c2a-b2d0-e2ad6640262d/gpac/runtime/gpac_asan/applications/mp4box/fileimport.c:1733
    #18 0x56087f759fc9 in do_add_cat /run/media/user/8ed8205b-4114-4c2a-b2d0-e2ad6640262d/gpac/runtime/gpac_asan/applications/mp4box/mp4box.c:4633
    #19 0x56087f75c3f7 in mp4box_main /run/media/user/8ed8205b-4114-4c2a-b2d0-e2ad6640262d/gpac/runtime/gpac_asan/applications/mp4box/mp4box.c:6377
    #20 0x7f9430c33f76 in __libc_start_call_main ../sysdeps/nptl/libc_start_call_main.h:58
    #21 0x7f9430c34026 in __libc_start_main_impl ../csu/libc-start.c:360
    #22 0x56087f73c080 in _start (/run/media/user/8ed8205b-4114-4c2a-b2d0-e2ad6640262d/gpac/runtime/gpac_asan/bin/gcc/MP4Box+0x4d080) (BuildId: 1651312aefdad6adf454cb6d555ab16d3e0fe1b8)

Indirect leak of 432 byte(s) in 18 object(s) allocated from:
    #0 0x7f9432f2435f in malloc ../../../../src/libsanitizer/asan/asan_malloc_linux.cpp:67
    #1 0x7f943133909e in gf_sg_proto_create_node scenegraph/vrml_proto.c:804
    #2 0x7f94319c4d88 in xmt_parse_element scene_manager/loader_xmt.c:1975
    #3 0x7f94319cbae3 in xmt_node_start scene_manager/loader_xmt.c:2980
    #4 0x7f943119730c in xml_sax_node_start utils/xml_parser.c:308
    #5 0x7f943119ba4c in xml_sax_parse_attribute utils/xml_parser.c:397
    #6 0x7f943119ba4c in xml_sax_parse utils/xml_parser.c:940
    #7 0x7f943119796e in gf_xml_sax_parse_intern utils/xml_parser.c:1084
    #8 0x7f943119cda7 in gf_xml_sax_parse utils/xml_parser.c:1138
    #9 0x7f943119d103 in xml_sax_read_file utils/xml_parser.c:1225
    #10 0x7f943119dbb8 in gf_xml_sax_parse_file utils/xml_parser.c:1338
    #11 0x7f94319baa39 in load_xmt_run scene_manager/loader_xmt.c:3700
    #12 0x7f9432067443 in ctxload_process filters/load_bt_xmt.c:544
    #13 0x7f9431de0093 in gf_filter_process_task filter_core/filter.c:3257
    #14 0x7f9431db44c1 in gf_fs_thread_proc filter_core/filter_session.c:2420
    #15 0x7f9431db9582 in gf_fs_run filter_core/filter_session.c:2728
    #16 0x7f943187328a in gf_media_import media_tools/media_import.c:1639
    #17 0x56087f79d411 in import_file /run/media/user/8ed8205b-4114-4c2a-b2d0-e2ad6640262d/gpac/runtime/gpac_asan/applications/mp4box/fileimport.c:1733
    #18 0x56087f759fc9 in do_add_cat /run/media/user/8ed8205b-4114-4c2a-b2d0-e2ad6640262d/gpac/runtime/gpac_asan/applications/mp4box/mp4box.c:4633
    #19 0x56087f75c3f7 in mp4box_main /run/media/user/8ed8205b-4114-4c2a-b2d0-e2ad6640262d/gpac/runtime/gpac_asan/applications/mp4box/mp4box.c:6377
    #20 0x7f9430c33f76 in __libc_start_call_main ../sysdeps/nptl/libc_start_call_main.h:58
    #21 0x7f9430c34026 in __libc_start_main_impl ../csu/libc-start.c:360
    #22 0x56087f73c080 in _start (/run/media/user/8ed8205b-4114-4c2a-b2d0-e2ad6640262d/gpac/runtime/gpac_asan/bin/gcc/MP4Box+0x4d080) (BuildId: 1651312aefdad6adf454cb6d555ab16d3e0fe1b8)

Indirect leak of 416 byte(s) in 2 object(s) allocated from:
    #0 0x7f9432f2435f in malloc ../../../../src/libsanitizer/asan/asan_malloc_linux.cpp:67
    #1 0x7f9431b07319 in compositor_init_audiosource compositor/mpeg4_audio.c:252
    #2 0x7f9431c5c51a in gf_scene_on_node_init compositor/scene_node_init.c:286
    #3 0x7f9431c5c51a in gf_scene_on_node_init compositor/scene_node_init.c:206
    #4 0x7f9431c5c51a in gf_scene_node_callback compositor/scene_node_init.c:360
    #5 0x7f94319c6a44 in xmt_parse_element scene_manager/loader_xmt.c:2180
    #6 0x7f94319cbae3 in xmt_node_start scene_manager/loader_xmt.c:2980
    #7 0x7f943119730c in xml_sax_node_start utils/xml_parser.c:308
    #8 0x7f943119ba4c in xml_sax_parse_attribute utils/xml_parser.c:397
    #9 0x7f943119ba4c in xml_sax_parse utils/xml_parser.c:940
    #10 0x7f9431197d60 in gf_xml_sax_parse_intern utils/xml_parser.c:1110
    #11 0x7f943119cda7 in gf_xml_sax_parse utils/xml_parser.c:1138
    #12 0x7f943119d103 in xml_sax_read_file utils/xml_parser.c:1225
    #13 0x7f943119dbb8 in gf_xml_sax_parse_file utils/xml_parser.c:1338
    #14 0x7f94319baa39 in load_xmt_run scene_manager/loader_xmt.c:3700
    #15 0x7f9432067443 in ctxload_process filters/load_bt_xmt.c:544
    #16 0x7f9431de0093 in gf_filter_process_task filter_core/filter.c:3257
    #17 0x7f9431db44c1 in gf_fs_thread_proc filter_core/filter_session.c:2420
    #18 0x7f9431db9582 in gf_fs_run filter_core/filter_session.c:2728
    #19 0x7f943187328a in gf_media_import media_tools/media_import.c:1639
    #20 0x56087f79d411 in import_file /run/media/user/8ed8205b-4114-4c2a-b2d0-e2ad6640262d/gpac/runtime/gpac_asan/applications/mp4box/fileimport.c:1733
    #21 0x56087f759fc9 in do_add_cat /run/media/user/8ed8205b-4114-4c2a-b2d0-e2ad6640262d/gpac/runtime/gpac_asan/applications/mp4box/mp4box.c:4633
    #22 0x56087f75c3f7 in mp4box_main /run/media/user/8ed8205b-4114-4c2a-b2d0-e2ad6640262d/gpac/runtime/gpac_asan/applications/mp4box/mp4box.c:6377
    #23 0x7f9430c33f76 in __libc_start_call_main ../sysdeps/nptl/libc_start_call_main.h:58
    #24 0x7f9430c34026 in __libc_start_main_impl ../csu/libc-start.c:360
    #25 0x56087f73c080 in _start (/run/media/user/8ed8205b-4114-4c2a-b2d0-e2ad6640262d/gpac/runtime/gpac_asan/bin/gcc/MP4Box+0x4d080) (BuildId: 1651312aefdad6adf454cb6d555ab16d3e0fe1b8)

Indirect leak of 416 byte(s) in 2 object(s) allocated from:
    #0 0x7f9432f2435f in malloc ../../../../src/libsanitizer/asan/asan_malloc_linux.cpp:67
    #1 0x7f9431b06f79 in compositor_init_audioclip compositor/mpeg4_audio.c:124
    #2 0x7f9431c5c51a in gf_scene_on_node_init compositor/scene_node_init.c:286
    #3 0x7f9431c5c51a in gf_scene_on_node_init compositor/scene_node_init.c:206
    #4 0x7f9431c5c51a in gf_scene_node_callback compositor/scene_node_init.c:360
    #5 0x7f94319c6a44 in xmt_parse_element scene_manager/loader_xmt.c:2180
    #6 0x7f94319cbae3 in xmt_node_start scene_manager/loader_xmt.c:2980
    #7 0x7f943119730c in xml_sax_node_start utils/xml_parser.c:308
    #8 0x7f943119ae3f in xml_sax_parse utils/xml_parser.c:863
    #9 0x7f9431197d60 in gf_xml_sax_parse_intern utils/xml_parser.c:1110
    #10 0x7f943119cda7 in gf_xml_sax_parse utils/xml_parser.c:1138
    #11 0x7f943119d103 in xml_sax_read_file utils/xml_parser.c:1225
    #12 0x7f943119dbb8 in gf_xml_sax_parse_file utils/xml_parser.c:1338
    #13 0x7f94319baa39 in load_xmt_run scene_manager/loader_xmt.c:3700
    #14 0x7f9432067443 in ctxload_process filters/load_bt_xmt.c:544
    #15 0x7f9431de0093 in gf_filter_process_task filter_core/filter.c:3257
    #16 0x7f9431db44c1 in gf_fs_thread_proc filter_core/filter_session.c:2420
    #17 0x7f9431db9582 in gf_fs_run filter_core/filter_session.c:2728
    #18 0x7f943187328a in gf_media_import media_tools/media_import.c:1639
    #19 0x56087f79d411 in import_file /run/media/user/8ed8205b-4114-4c2a-b2d0-e2ad6640262d/gpac/runtime/gpac_asan/applications/mp4box/fileimport.c:1733
    #20 0x56087f759fc9 in do_add_cat /run/media/user/8ed8205b-4114-4c2a-b2d0-e2ad6640262d/gpac/runtime/gpac_asan/applications/mp4box/mp4box.c:4633
    #21 0x56087f75c3f7 in mp4box_main /run/media/user/8ed8205b-4114-4c2a-b2d0-e2ad6640262d/gpac/runtime/gpac_asan/applications/mp4box/mp4box.c:6377
    #22 0x7f9430c33f76 in __libc_start_call_main ../sysdeps/nptl/libc_start_call_main.h:58
    #23 0x7f9430c34026 in __libc_start_main_impl ../csu/libc-start.c:360
    #24 0x56087f73c080 in _start (/run/media/user/8ed8205b-4114-4c2a-b2d0-e2ad6640262d/gpac/runtime/gpac_asan/bin/gcc/MP4Box+0x4d080) (BuildId: 1651312aefdad6adf454cb6d555ab16d3e0fe1b8)

Indirect leak of 384 byte(s) in 4 object(s) allocated from:
    #0 0x7f9432f2435f in malloc ../../../../src/libsanitizer/asan/asan_malloc_linux.cpp:67
    #1 0x7f9431b67963 in compositor_init_text compositor/mpeg4_text.c:720
    #2 0x7f9431c5c51a in gf_scene_on_node_init compositor/scene_node_init.c:286
    #3 0x7f9431c5c51a in gf_scene_on_node_init compositor/scene_node_init.c:206
    #4 0x7f9431c5c51a in gf_scene_node_callback compositor/scene_node_init.c:360
    #5 0x7f94319c6a44 in xmt_parse_element scene_manager/loader_xmt.c:2180
    #6 0x7f94319cbae3 in xmt_node_start scene_manager/loader_xmt.c:2980
    #7 0x7f943119730c in xml_sax_node_start utils/xml_parser.c:308
    #8 0x7f943119ba4c in xml_sax_parse_attribute utils/xml_parser.c:397
    #9 0x7f943119ba4c in xml_sax_parse utils/xml_parser.c:940
    #10 0x7f943119796e in gf_xml_sax_parse_intern utils/xml_parser.c:1084
    #11 0x7f943119cda7 in gf_xml_sax_parse utils/xml_parser.c:1138
    #12 0x7f943119d103 in xml_sax_read_file utils/xml_parser.c:1225
    #13 0x7f943119dbb8 in gf_xml_sax_parse_file utils/xml_parser.c:1338
    #14 0x7f94319baa39 in load_xmt_run scene_manager/loader_xmt.c:3700
    #15 0x7f9432067443 in ctxload_process filters/load_bt_xmt.c:544
    #16 0x7f9431de0093 in gf_filter_process_task filter_core/filter.c:3257
    #17 0x7f9431db44c1 in gf_fs_thread_proc filter_core/filter_session.c:2420
    #18 0x7f9431db9582 in gf_fs_run filter_core/filter_session.c:2728
    #19 0x7f943187328a in gf_media_import media_tools/media_import.c:1639
    #20 0x56087f79d411 in import_file /run/media/user/8ed8205b-4114-4c2a-b2d0-e2ad6640262d/gpac/runtime/gpac_asan/applications/mp4box/fileimport.c:1733
    #21 0x56087f759fc9 in do_add_cat /run/media/user/8ed8205b-4114-4c2a-b2d0-e2ad6640262d/gpac/runtime/gpac_asan/applications/mp4box/mp4box.c:4633
    #22 0x56087f75c3f7 in mp4box_main /run/media/user/8ed8205b-4114-4c2a-b2d0-e2ad6640262d/gpac/runtime/gpac_asan/applications/mp4box/mp4box.c:6377
    #23 0x7f9430c33f76 in __libc_start_call_main ../sysdeps/nptl/libc_start_call_main.h:58
    #24 0x7f9430c34026 in __libc_start_main_impl ../csu/libc-start.c:360
    #25 0x56087f73c080 in _start (/run/media/user/8ed8205b-4114-4c2a-b2d0-e2ad6640262d/gpac/runtime/gpac_asan/bin/gcc/MP4Box+0x4d080) (BuildId: 1651312aefdad6adf454cb6d555ab16d3e0fe1b8)

Indirect leak of 360 byte(s) in 15 object(s) allocated from:
    #0 0x7f9432f2435f in malloc ../../../../src/libsanitizer/asan/asan_malloc_linux.cpp:67
    #1 0x7f94312dffd3 in Shape_Create scenegraph/mpeg4_nodes.c:12956
    #2 0x7f94312dffd3 in gf_sg_mpeg4_node_new scenegraph/mpeg4_nodes.c:36868
    #3 0x7f943126aa22 in gf_node_new scenegraph/base_scenegraph.c:2112
    #4 0x7f94319c6560 in xmt_parse_element scene_manager/loader_xmt.c:2036
    #5 0x7f94319cbae3 in xmt_node_start scene_manager/loader_xmt.c:2980
    #6 0x7f943119730c in xml_sax_node_start utils/xml_parser.c:308
    #7 0x7f943119ba4c in xml_sax_parse_attribute utils/xml_parser.c:397
    #8 0x7f943119ba4c in xml_sax_parse utils/xml_parser.c:940
    #9 0x7f9431197d60 in gf_xml_sax_parse_intern utils/xml_parser.c:1110
    #10 0x7f943119cda7 in gf_xml_sax_parse utils/xml_parser.c:1138
    #11 0x7f943119d103 in xml_sax_read_file utils/xml_parser.c:1225
    #12 0x7f943119dbb8 in gf_xml_sax_parse_file utils/xml_parser.c:1338
    #13 0x7f94319baa39 in load_xmt_run scene_manager/loader_xmt.c:3700
    #14 0x7f9432067443 in ctxload_process filters/load_bt_xmt.c:544
    #15 0x7f9431de0093 in gf_filter_process_task filter_core/filter.c:3257
    #16 0x7f9431db44c1 in gf_fs_thread_proc filter_core/filter_session.c:2420
    #17 0x7f9431db9582 in gf_fs_run filter_core/filter_session.c:2728
    #18 0x7f943187328a in gf_media_import media_tools/media_import.c:1639
    #19 0x56087f79d411 in import_file /run/media/user/8ed8205b-4114-4c2a-b2d0-e2ad6640262d/gpac/runtime/gpac_asan/applications/mp4box/fileimport.c:1733
    #20 0x56087f759fc9 in do_add_cat /run/media/user/8ed8205b-4114-4c2a-b2d0-e2ad6640262d/gpac/runtime/gpac_asan/applications/mp4box/mp4box.c:4633
    #21 0x56087f75c3f7 in mp4box_main /run/media/user/8ed8205b-4114-4c2a-b2d0-e2ad6640262d/gpac/runtime/gpac_asan/applications/mp4box/mp4box.c:6377
    #22 0x7f9430c33f76 in __libc_start_call_main ../sysdeps/nptl/libc_start_call_main.h:58
    #23 0x7f9430c34026 in __libc_start_main_impl ../csu/libc-start.c:360
    #24 0x56087f73c080 in _start (/run/media/user/8ed8205b-4114-4c2a-b2d0-e2ad6640262d/gpac/runtime/gpac_asan/bin/gcc/MP4Box+0x4d080) (BuildId: 1651312aefdad6adf454cb6d555ab16d3e0fe1b8)

Indirect leak of 336 byte(s) in 21 object(s) allocated from:
    #0 0x7f9432f2435f in malloc ../../../../src/libsanitizer/asan/asan_malloc_linux.cpp:67
    #1 0x7f9431160b1d in gf_list_new utils/list.c:612
    #2 0x7f94319cc45d in xmt_node_stack_push scene_manager/loader_xmt.c:1555
    #3 0x7f94319cc45d in xmt_node_start scene_manager/loader_xmt.c:2987
    #4 0x7f943119730c in xml_sax_node_start utils/xml_parser.c:308
    #5 0x7f943119ba4c in xml_sax_parse_attribute utils/xml_parser.c:397
    #6 0x7f943119ba4c in xml_sax_parse utils/xml_parser.c:940
    #7 0x7f943119796e in gf_xml_sax_parse_intern utils/xml_parser.c:1084
    #8 0x7f943119cda7 in gf_xml_sax_parse utils/xml_parser.c:1138
    #9 0x7f943119d103 in xml_sax_read_file utils/xml_parser.c:1225
    #10 0x7f943119dbb8 in gf_xml_sax_parse_file utils/xml_parser.c:1338
    #11 0x7f94319baa39 in load_xmt_run scene_manager/loader_xmt.c:3700
    #12 0x7f9432067443 in ctxload_process filters/load_bt_xmt.c:544
    #13 0x7f9431de0093 in gf_filter_process_task filter_core/filter.c:3257
    #14 0x7f9431db44c1 in gf_fs_thread_proc filter_core/filter_session.c:2420
    #15 0x7f9431db9582 in gf_fs_run filter_core/filter_session.c:2728
    #16 0x7f943187328a in gf_media_import media_tools/media_import.c:1639
    #17 0x56087f79d411 in import_file /run/media/user/8ed8205b-4114-4c2a-b2d0-e2ad6640262d/gpac/runtime/gpac_asan/applications/mp4box/fileimport.c:1733
    #18 0x56087f759fc9 in do_add_cat /run/media/user/8ed8205b-4114-4c2a-b2d0-e2ad6640262d/gpac/runtime/gpac_asan/applications/mp4box/mp4box.c:4633
    #19 0x56087f75c3f7 in mp4box_main /run/media/user/8ed8205b-4114-4c2a-b2d0-e2ad6640262d/gpac/runtime/gpac_asan/applications/mp4box/mp4box.c:6377
    #20 0x7f9430c33f76 in __libc_start_call_main ../sysdeps/nptl/libc_start_call_main.h:58
    #21 0x7f9430c34026 in __libc_start_main_impl ../csu/libc-start.c:360
    #22 0x56087f73c080 in _start (/run/media/user/8ed8205b-4114-4c2a-b2d0-e2ad6640262d/gpac/runtime/gpac_asan/bin/gcc/MP4Box+0x4d080) (BuildId: 1651312aefdad6adf454cb6d555ab16d3e0fe1b8)

Indirect leak of 328 byte(s) in 4 object(s) allocated from:
    #0 0x7f9432f2365f in realloc ../../../../src/libsanitizer/asan/asan_malloc_linux.cpp:81
    #1 0x7f9431371ad4 in gf_sg_vrml_mf_insert scenegraph/vrml_tools.c:1100
    #2 0x7f94319bf2da in xmt_parse_mf_field scene_manager/loader_xmt.c:1101
    #3 0x7f94319c764d in xmt_parse_element scene_manager/loader_xmt.c:2123
    #4 0x7f94319cbae3 in xmt_node_start scene_manager/loader_xmt.c:2980
    #5 0x7f943119730c in xml_sax_node_start utils/xml_parser.c:308
    #6 0x7f943119ba4c in xml_sax_parse_attribute utils/xml_parser.c:397
    #7 0x7f943119ba4c in xml_sax_parse utils/xml_parser.c:940
    #8 0x7f9431197d60 in gf_xml_sax_parse_intern utils/xml_parser.c:1110
    #9 0x7f943119cda7 in gf_xml_sax_parse utils/xml_parser.c:1138
    #10 0x7f943119d103 in xml_sax_read_file utils/xml_parser.c:1225
    #11 0x7f943119dbb8 in gf_xml_sax_parse_file utils/xml_parser.c:1338
    #12 0x7f94319baa39 in load_xmt_run scene_manager/loader_xmt.c:3700
    #13 0x7f9432067443 in ctxload_process filters/load_bt_xmt.c:544
    #14 0x7f9431de0093 in gf_filter_process_task filter_core/filter.c:3257
    #15 0x7f9431db44c1 in gf_fs_thread_proc filter_core/filter_session.c:2420
    #16 0x7f9431db9582 in gf_fs_run filter_core/filter_session.c:2728
    #17 0x7f943187328a in gf_media_import media_tools/media_import.c:1639
    #18 0x56087f79d411 in import_file /run/media/user/8ed8205b-4114-4c2a-b2d0-e2ad6640262d/gpac/runtime/gpac_asan/applications/mp4box/fileimport.c:1733
    #19 0x56087f759fc9 in do_add_cat /run/media/user/8ed8205b-4114-4c2a-b2d0-e2ad6640262d/gpac/runtime/gpac_asan/applications/mp4box/mp4box.c:4633
    #20 0x56087f75c3f7 in mp4box_main /run/media/user/8ed8205b-4114-4c2a-b2d0-e2ad6640262d/gpac/runtime/gpac_asan/applications/mp4box/mp4box.c:6377
    #21 0x7f9430c33f76 in __libc_start_call_main ../sysdeps/nptl/libc_start_call_main.h:58
    #22 0x7f9430c34026 in __libc_start_main_impl ../csu/libc-start.c:360
    #23 0x56087f73c080 in _start (/run/media/user/8ed8205b-4114-4c2a-b2d0-e2ad6640262d/gpac/runtime/gpac_asan/bin/gcc/MP4Box+0x4d080) (BuildId: 1651312aefdad6adf454cb6d555ab16d3e0fe1b8)

Indirect leak of 320 byte(s) in 5 object(s) allocated from:
    #0 0x7f9432f2435f in malloc ../../../../src/libsanitizer/asan/asan_malloc_linux.cpp:67
    #1 0x7f9431265ded in gf_node_setup scenegraph/base_scenegraph.c:1319
    #2 0x7f94312e1994 in Appearance_Create scenegraph/mpeg4_nodes.c:426
    #3 0x7f94312e1994 in gf_sg_mpeg4_node_new scenegraph/mpeg4_nodes.c:36712
    #4 0x7f943126aa22 in gf_node_new scenegraph/base_scenegraph.c:2112
    #5 0x7f94319c6560 in xmt_parse_element scene_manager/loader_xmt.c:2036
    #6 0x7f94319cbae3 in xmt_node_start scene_manager/loader_xmt.c:2980
    #7 0x7f943119730c in xml_sax_node_start utils/xml_parser.c:308
    #8 0x7f943119ba4c in xml_sax_parse_attribute utils/xml_parser.c:397
    #9 0x7f943119ba4c in xml_sax_parse utils/xml_parser.c:940
    #10 0x7f9431197d60 in gf_xml_sax_parse_intern utils/xml_parser.c:1110
    #11 0x7f943119cda7 in gf_xml_sax_parse utils/xml_parser.c:1138
    #12 0x7f943119d103 in xml_sax_read_file utils/xml_parser.c:1225
    #13 0x7f943119dbb8 in gf_xml_sax_parse_file utils/xml_parser.c:1338
    #14 0x7f94319baa39 in load_xmt_run scene_manager/loader_xmt.c:3700
    #15 0x7f9432067443 in ctxload_process filters/load_bt_xmt.c:544
    #16 0x7f9431de0093 in gf_filter_process_task filter_core/filter.c:3257
    #17 0x7f9431db44c1 in gf_fs_thread_proc filter_core/filter_session.c:2420
    #18 0x7f9431db9582 in gf_fs_run filter_core/filter_session.c:2728
    #19 0x7f943187328a in gf_media_import media_tools/media_import.c:1639
    #20 0x56087f79d411 in import_file /run/media/user/8ed8205b-4114-4c2a-b2d0-e2ad6640262d/gpac/runtime/gpac_asan/applications/mp4box/fileimport.c:1733
    #21 0x56087f759fc9 in do_add_cat /run/media/user/8ed8205b-4114-4c2a-b2d0-e2ad6640262d/gpac/runtime/gpac_asan/applications/mp4box/mp4box.c:4633
    #22 0x56087f75c3f7 in mp4box_main /run/media/user/8ed8205b-4114-4c2a-b2d0-e2ad6640262d/gpac/runtime/gpac_asan/applications/mp4box/mp4box.c:6377
    #23 0x7f9430c33f76 in __libc_start_call_main ../sysdeps/nptl/libc_start_call_main.h:58
    #24 0x7f9430c34026 in __libc_start_main_impl ../csu/libc-start.c:360
    #25 0x56087f73c080 in _start (/run/media/user/8ed8205b-4114-4c2a-b2d0-e2ad6640262d/gpac/runtime/gpac_asan/bin/gcc/MP4Box+0x4d080) (BuildId: 1651312aefdad6adf454cb6d555ab16d3e0fe1b8)

Indirect leak of 320 byte(s) in 2 object(s) allocated from:
    #0 0x7f9432f2435f in malloc ../../../../src/libsanitizer/asan/asan_malloc_linux.cpp:67
    #1 0x7f9431b4d4d2 in compositor_init_layout compositor/mpeg4_layout.c:814
    #2 0x7f9431c5c51a in gf_scene_on_node_init compositor/scene_node_init.c:286
    #3 0x7f9431c5c51a in gf_scene_on_node_init compositor/scene_node_init.c:206
    #4 0x7f9431c5c51a in gf_scene_node_callback compositor/scene_node_init.c:360
    #5 0x7f94319c6a44 in xmt_parse_element scene_manager/loader_xmt.c:2180
    #6 0x7f94319cbae3 in xmt_node_start scene_manager/loader_xmt.c:2980
    #7 0x7f943119730c in xml_sax_node_start utils/xml_parser.c:308
    #8 0x7f943119ae3f in xml_sax_parse utils/xml_parser.c:863
    #9 0x7f943119796e in gf_xml_sax_parse_intern utils/xml_parser.c:1084
    #10 0x7f943119cda7 in gf_xml_sax_parse utils/xml_parser.c:1138
    #11 0x7f943119d103 in xml_sax_read_file utils/xml_parser.c:1225
    #12 0x7f943119dbb8 in gf_xml_sax_parse_file utils/xml_parser.c:1338
    #13 0x7f94319baa39 in load_xmt_run scene_manager/loader_xmt.c:3700
    #14 0x7f9432067443 in ctxload_process filters/load_bt_xmt.c:544
    #15 0x7f9431de0093 in gf_filter_process_task filter_core/filter.c:3257
    #16 0x7f9431db44c1 in gf_fs_thread_proc filter_core/filter_session.c:2420
    #17 0x7f9431db9582 in gf_fs_run filter_core/filter_session.c:2728
    #18 0x7f943187328a in gf_media_import media_tools/media_import.c:1639
    #19 0x56087f79d411 in import_file /run/media/user/8ed8205b-4114-4c2a-b2d0-e2ad6640262d/gpac/runtime/gpac_asan/applications/mp4box/fileimport.c:1733
    #20 0x56087f759fc9 in do_add_cat /run/media/user/8ed8205b-4114-4c2a-b2d0-e2ad6640262d/gpac/runtime/gpac_asan/applications/mp4box/mp4box.c:4633
    #21 0x56087f75c3f7 in mp4box_main /run/media/user/8ed8205b-4114-4c2a-b2d0-e2ad6640262d/gpac/runtime/gpac_asan/applications/mp4box/mp4box.c:6377
    #22 0x7f9430c33f76 in __libc_start_call_main ../sysdeps/nptl/libc_start_call_main.h:58
    #23 0x7f9430c34026 in __libc_start_main_impl ../csu/libc-start.c:360
    #24 0x56087f73c080 in _start (/run/media/user/8ed8205b-4114-4c2a-b2d0-e2ad6640262d/gpac/runtime/gpac_asan/bin/gcc/MP4Box+0x4d080) (BuildId: 1651312aefdad6adf454cb6d555ab16d3e0fe1b8)

Indirect leak of 280 byte(s) in 7 object(s) allocated from:
    #0 0x7f9432f2435f in malloc ../../../../src/libsanitizer/asan/asan_malloc_linux.cpp:67
    #1 0x7f9431277ed2 in gf_sg_command_field_new scenegraph/commands.c:953
    #2 0x7f94319cdc1e in xmt_parse_command scene_manager/loader_xmt.c:2656
    #3 0x7f94319cdc1e in xmt_node_start scene_manager/loader_xmt.c:2968
    #4 0x7f943119730c in xml_sax_node_start utils/xml_parser.c:308
    #5 0x7f943119c087 in xml_sax_parse_attribute utils/xml_parser.c:357
    #6 0x7f943119c087 in xml_sax_parse utils/xml_parser.c:940
    #7 0x7f943119796e in gf_xml_sax_parse_intern utils/xml_parser.c:1084
    #8 0x7f943119cda7 in gf_xml_sax_parse utils/xml_parser.c:1138
    #9 0x7f943119d103 in xml_sax_read_file utils/xml_parser.c:1225
    #10 0x7f943119dbb8 in gf_xml_sax_parse_file utils/xml_parser.c:1338
    #11 0x7f94319baa39 in load_xmt_run scene_manager/loader_xmt.c:3700
    #12 0x7f9432067443 in ctxload_process filters/load_bt_xmt.c:544
    #13 0x7f9431de0093 in gf_filter_process_task filter_core/filter.c:3257
    #14 0x7f9431db44c1 in gf_fs_thread_proc filter_core/filter_session.c:2420
    #15 0x7f9431db9582 in gf_fs_run filter_core/filter_session.c:2728
    #16 0x7f943187328a in gf_media_import media_tools/media_import.c:1639
    #17 0x56087f79d411 in import_file /run/media/user/8ed8205b-4114-4c2a-b2d0-e2ad6640262d/gpac/runtime/gpac_asan/applications/mp4box/fileimport.c:1733
    #18 0x56087f759fc9 in do_add_cat /run/media/user/8ed8205b-4114-4c2a-b2d0-e2ad6640262d/gpac/runtime/gpac_asan/applications/mp4box/mp4box.c:4633
    #19 0x56087f75c3f7 in mp4box_main /run/media/user/8ed8205b-4114-4c2a-b2d0-e2ad6640262d/gpac/runtime/gpac_asan/applications/mp4box/mp4box.c:6377
    #20 0x7f9430c33f76 in __libc_start_call_main ../sysdeps/nptl/libc_start_call_main.h:58
    #21 0x7f9430c34026 in __libc_start_main_impl ../csu/libc-start.c:360
    #22 0x56087f73c080 in _start (/run/media/user/8ed8205b-4114-4c2a-b2d0-e2ad6640262d/gpac/runtime/gpac_asan/bin/gcc/MP4Box+0x4d080) (BuildId: 1651312aefdad6adf454cb6d555ab16d3e0fe1b8)

Indirect leak of 272 byte(s) in 1 object(s) allocated from:
    #0 0x7f9432f2435f in malloc ../../../../src/libsanitizer/asan/asan_malloc_linux.cpp:67
    #1 0x7f9431b07839 in compositor_init_audiobuffer compositor/mpeg4_audio.c:606
    #2 0x7f9431c5c51a in gf_scene_on_node_init compositor/scene_node_init.c:286
    #3 0x7f9431c5c51a in gf_scene_on_node_init compositor/scene_node_init.c:206
    #4 0x7f9431c5c51a in gf_scene_node_callback compositor/scene_node_init.c:360
    #5 0x7f94319c6a44 in xmt_parse_element scene_manager/loader_xmt.c:2180
    #6 0x7f94319cbae3 in xmt_node_start scene_manager/loader_xmt.c:2980
    #7 0x7f943119730c in xml_sax_node_start utils/xml_parser.c:308
    #8 0x7f943119ae3f in xml_sax_parse utils/xml_parser.c:863
    #9 0x7f943119796e in gf_xml_sax_parse_intern utils/xml_parser.c:1084
    #10 0x7f943119cda7 in gf_xml_sax_parse utils/xml_parser.c:1138
    #11 0x7f943119d103 in xml_sax_read_file utils/xml_parser.c:1225
    #12 0x7f943119dbb8 in gf_xml_sax_parse_file utils/xml_parser.c:1338
    #13 0x7f94319baa39 in load_xmt_run scene_manager/loader_xmt.c:3700
    #14 0x7f9432067443 in ctxload_process filters/load_bt_xmt.c:544
    #15 0x7f9431de0093 in gf_filter_process_task filter_core/filter.c:3257
    #16 0x7f9431db44c1 in gf_fs_thread_proc filter_core/filter_session.c:2420
    #17 0x7f9431db9582 in gf_fs_run filter_core/filter_session.c:2728
    #18 0x7f943187328a in gf_media_import media_tools/media_import.c:1639
    #19 0x56087f79d411 in import_file /run/media/user/8ed8205b-4114-4c2a-b2d0-e2ad6640262d/gpac/runtime/gpac_asan/applications/mp4box/fileimport.c:1733
    #20 0x56087f759fc9 in do_add_cat /run/media/user/8ed8205b-4114-4c2a-b2d0-e2ad6640262d/gpac/runtime/gpac_asan/applications/mp4box/mp4box.c:4633
    #21 0x56087f75c3f7 in mp4box_main /run/media/user/8ed8205b-4114-4c2a-b2d0-e2ad6640262d/gpac/runtime/gpac_asan/applications/mp4box/mp4box.c:6377
    #22 0x7f9430c33f76 in __libc_start_call_main ../sysdeps/nptl/libc_start_call_main.h:58
    #23 0x7f9430c34026 in __libc_start_main_impl ../csu/libc-start.c:360
    #24 0x56087f73c080 in _start (/run/media/user/8ed8205b-4114-4c2a-b2d0-e2ad6640262d/gpac/runtime/gpac_asan/bin/gcc/MP4Box+0x4d080) (BuildId: 1651312aefdad6adf454cb6d555ab16d3e0fe1b8)

Indirect leak of 272 byte(s) in 1 object(s) allocated from:
    #0 0x7f9432f2435f in malloc ../../../../src/libsanitizer/asan/asan_malloc_linux.cpp:67
    #1 0x7f9431b07839 in compositor_init_audiobuffer compositor/mpeg4_audio.c:606
    #2 0x7f9431c5c51a in gf_scene_on_node_init compositor/scene_node_init.c:286
    #3 0x7f9431c5c51a in gf_scene_on_node_init compositor/scene_node_init.c:206
    #4 0x7f9431c5c51a in gf_scene_node_callback compositor/scene_node_init.c:360
    #5 0x7f94319c6a44 in xmt_parse_element scene_manager/loader_xmt.c:2180
    #6 0x7f94319cbae3 in xmt_node_start scene_manager/loader_xmt.c:2980
    #7 0x7f943119730c in xml_sax_node_start utils/xml_parser.c:308
    #8 0x7f943119ae3f in xml_sax_parse utils/xml_parser.c:863
    #9 0x7f9431197d60 in gf_xml_sax_parse_intern utils/xml_parser.c:1110
    #10 0x7f943119cda7 in gf_xml_sax_parse utils/xml_parser.c:1138
    #11 0x7f943119d103 in xml_sax_read_file utils/xml_parser.c:1225
    #12 0x7f943119dbb8 in gf_xml_sax_parse_file utils/xml_parser.c:1338
    #13 0x7f94319baa39 in load_xmt_run scene_manager/loader_xmt.c:3700
    #14 0x7f9432067443 in ctxload_process filters/load_bt_xmt.c:544
    #15 0x7f9431de0093 in gf_filter_process_task filter_core/filter.c:3257
    #16 0x7f9431db44c1 in gf_fs_thread_proc filter_core/filter_session.c:2420
    #17 0x7f9431db9582 in gf_fs_run filter_core/filter_session.c:2728
    #18 0x7f943187328a in gf_media_import media_tools/media_import.c:1639
    #19 0x56087f79d411 in import_file /run/media/user/8ed8205b-4114-4c2a-b2d0-e2ad6640262d/gpac/runtime/gpac_asan/applications/mp4box/fileimport.c:1733
    #20 0x56087f759fc9 in do_add_cat /run/media/user/8ed8205b-4114-4c2a-b2d0-e2ad6640262d/gpac/runtime/gpac_asan/applications/mp4box/mp4box.c:4633
    #21 0x56087f75c3f7 in mp4box_main /run/media/user/8ed8205b-4114-4c2a-b2d0-e2ad6640262d/gpac/runtime/gpac_asan/applications/mp4box/mp4box.c:6377
    #22 0x7f9430c33f76 in __libc_start_call_main ../sysdeps/nptl/libc_start_call_main.h:58
    #23 0x7f9430c34026 in __libc_start_main_impl ../csu/libc-start.c:360
    #24 0x56087f73c080 in _start (/run/media/user/8ed8205b-4114-4c2a-b2d0-e2ad6640262d/gpac/runtime/gpac_asan/bin/gcc/MP4Box+0x4d080) (BuildId: 1651312aefdad6adf454cb6d555ab16d3e0fe1b8)

Indirect leak of 272 byte(s) in 17 object(s) allocated from:
    #0 0x7f9432f2435f in malloc ../../../../src/libsanitizer/asan/asan_malloc_linux.cpp:67
    #1 0x7f9431160b1d in gf_list_new utils/list.c:612
    #2 0x7f94319cc45d in xmt_node_stack_push scene_manager/loader_xmt.c:1555
    #3 0x7f94319cc45d in xmt_node_start scene_manager/loader_xmt.c:2987
    #4 0x7f943119730c in xml_sax_node_start utils/xml_parser.c:308
    #5 0x7f943119c087 in xml_sax_parse_attribute utils/xml_parser.c:357
    #6 0x7f943119c087 in xml_sax_parse utils/xml_parser.c:940
    #7 0x7f9431197d60 in gf_xml_sax_parse_intern utils/xml_parser.c:1110
    #8 0x7f943119cda7 in gf_xml_sax_parse utils/xml_parser.c:1138
    #9 0x7f943119d103 in xml_sax_read_file utils/xml_parser.c:1225
    #10 0x7f943119dbb8 in gf_xml_sax_parse_file utils/xml_parser.c:1338
    #11 0x7f94319baa39 in load_xmt_run scene_manager/loader_xmt.c:3700
    #12 0x7f9432067443 in ctxload_process filters/load_bt_xmt.c:544
    #13 0x7f9431de0093 in gf_filter_process_task filter_core/filter.c:3257
    #14 0x7f9431db44c1 in gf_fs_thread_proc filter_core/filter_session.c:2420
    #15 0x7f9431db9582 in gf_fs_run filter_core/filter_session.c:2728
    #16 0x7f943187328a in gf_media_import media_tools/media_import.c:1639
    #17 0x56087f79d411 in import_file /run/media/user/8ed8205b-4114-4c2a-b2d0-e2ad6640262d/gpac/runtime/gpac_asan/applications/mp4box/fileimport.c:1733
    #18 0x56087f759fc9 in do_add_cat /run/media/user/8ed8205b-4114-4c2a-b2d0-e2ad6640262d/gpac/runtime/gpac_asan/applications/mp4box/mp4box.c:4633
    #19 0x56087f75c3f7 in mp4box_main /run/media/user/8ed8205b-4114-4c2a-b2d0-e2ad6640262d/gpac/runtime/gpac_asan/applications/mp4box/mp4box.c:6377
    #20 0x7f9430c33f76 in __libc_start_call_main ../sysdeps/nptl/libc_start_call_main.h:58
    #21 0x7f9430c34026 in __libc_start_main_impl ../csu/libc-start.c:360
    #22 0x56087f73c080 in _start (/run/media/user/8ed8205b-4114-4c2a-b2d0-e2ad6640262d/gpac/runtime/gpac_asan/bin/gcc/MP4Box+0x4d080) (BuildId: 1651312aefdad6adf454cb6d555ab16d3e0fe1b8)

Indirect leak of 272 byte(s) in 17 object(s) allocated from:
    #0 0x7f9432f2435f in malloc ../../../../src/libsanitizer/asan/asan_malloc_linux.cpp:67
    #1 0x7f9431264c93 in gf_node_register scenegraph/base_scenegraph.c:840
    #2 0x7f94319c7571 in xmt_parse_element scene_manager/loader_xmt.c:2170
    #3 0x7f94319cbae3 in xmt_node_start scene_manager/loader_xmt.c:2980
    #4 0x7f943119730c in xml_sax_node_start utils/xml_parser.c:308
    #5 0x7f943119ba4c in xml_sax_parse_attribute utils/xml_parser.c:397
    #6 0x7f943119ba4c in xml_sax_parse utils/xml_parser.c:940
    #7 0x7f9431197d60 in gf_xml_sax_parse_intern utils/xml_parser.c:1110
    #8 0x7f943119cda7 in gf_xml_sax_parse utils/xml_parser.c:1138
    #9 0x7f943119d103 in xml_sax_read_file utils/xml_parser.c:1225
    #10 0x7f943119dbb8 in gf_xml_sax_parse_file utils/xml_parser.c:1338
    #11 0x7f94319baa39 in load_xmt_run scene_manager/loader_xmt.c:3700
    #12 0x7f9432067443 in ctxload_process filters/load_bt_xmt.c:544
    #13 0x7f9431de0093 in gf_filter_process_task filter_core/filter.c:3257
    #14 0x7f9431db44c1 in gf_fs_thread_proc filter_core/filter_session.c:2420
    #15 0x7f9431db9582 in gf_fs_run filter_core/filter_session.c:2728
    #16 0x7f943187328a in gf_media_import media_tools/media_import.c:1639
    #17 0x56087f79d411 in import_file /run/media/user/8ed8205b-4114-4c2a-b2d0-e2ad6640262d/gpac/runtime/gpac_asan/applications/mp4box/fileimport.c:1733
    #18 0x56087f759fc9 in do_add_cat /run/media/user/8ed8205b-4114-4c2a-b2d0-e2ad6640262d/gpac/runtime/gpac_asan/applications/mp4box/mp4box.c:4633
    #19 0x56087f75c3f7 in mp4box_main /run/media/user/8ed8205b-4114-4c2a-b2d0-e2ad6640262d/gpac/runtime/gpac_asan/applications/mp4box/mp4box.c:6377
    #20 0x7f9430c33f76 in __libc_start_call_main ../sysdeps/nptl/libc_start_call_main.h:58
    #21 0x7f9430c34026 in __libc_start_main_impl ../csu/libc-start.c:360
    #22 0x56087f73c080 in _start (/run/media/user/8ed8205b-4114-4c2a-b2d0-e2ad6640262d/gpac/runtime/gpac_asan/bin/gcc/MP4Box+0x4d080) (BuildId: 1651312aefdad6adf454cb6d555ab16d3e0fe1b8)

Indirect leak of 272 byte(s) in 17 object(s) allocated from:
    #0 0x7f9432f2435f in malloc ../../../../src/libsanitizer/asan/asan_malloc_linux.cpp:67
    #1 0x7f9431266a02 in gf_node_list_add_child_last scenegraph/base_scenegraph.c:1562
    #2 0x7f94319c754d in xmt_parse_element scene_manager/loader_xmt.c:2169
    #3 0x7f94319cbae3 in xmt_node_start scene_manager/loader_xmt.c:2980
    #4 0x7f943119730c in xml_sax_node_start utils/xml_parser.c:308
    #5 0x7f943119ba4c in xml_sax_parse_attribute utils/xml_parser.c:397
    #6 0x7f943119ba4c in xml_sax_parse utils/xml_parser.c:940
    #7 0x7f9431197d60 in gf_xml_sax_parse_intern utils/xml_parser.c:1110
    #8 0x7f943119cda7 in gf_xml_sax_parse utils/xml_parser.c:1138
    #9 0x7f943119d103 in xml_sax_read_file utils/xml_parser.c:1225
    #10 0x7f943119dbb8 in gf_xml_sax_parse_file utils/xml_parser.c:1338
    #11 0x7f94319baa39 in load_xmt_run scene_manager/loader_xmt.c:3700
    #12 0x7f9432067443 in ctxload_process filters/load_bt_xmt.c:544
    #13 0x7f9431de0093 in gf_filter_process_task filter_core/filter.c:3257
    #14 0x7f9431db44c1 in gf_fs_thread_proc filter_core/filter_session.c:2420
    #15 0x7f9431db9582 in gf_fs_run filter_core/filter_session.c:2728
    #16 0x7f943187328a in gf_media_import media_tools/media_import.c:1639
    #17 0x56087f79d411 in import_file /run/media/user/8ed8205b-4114-4c2a-b2d0-e2ad6640262d/gpac/runtime/gpac_asan/applications/mp4box/fileimport.c:1733
    #18 0x56087f759fc9 in do_add_cat /run/media/user/8ed8205b-4114-4c2a-b2d0-e2ad6640262d/gpac/runtime/gpac_asan/applications/mp4box/mp4box.c:4633
    #19 0x56087f75c3f7 in mp4box_main /run/media/user/8ed8205b-4114-4c2a-b2d0-e2ad6640262d/gpac/runtime/gpac_asan/applications/mp4box/mp4box.c:6377
    #20 0x7f9430c33f76 in __libc_start_call_main ../sysdeps/nptl/libc_start_call_main.h:58
    #21 0x7f9430c34026 in __libc_start_main_impl ../csu/libc-start.c:360
    #22 0x56087f73c080 in _start (/run/media/user/8ed8205b-4114-4c2a-b2d0-e2ad6640262d/gpac/runtime/gpac_asan/bin/gcc/MP4Box+0x4d080) (BuildId: 1651312aefdad6adf454cb6d555ab16d3e0fe1b8)

Indirect leak of 272 byte(s) in 17 object(s) allocated from:
    #0 0x7f9432f2435f in malloc ../../../../src/libsanitizer/asan/asan_malloc_linux.cpp:67
    #1 0x7f9431264c93 in gf_node_register scenegraph/base_scenegraph.c:840
    #2 0x7f94319c6233 in xmt_parse_element scene_manager/loader_xmt.c:2165
    #3 0x7f94319cbae3 in xmt_node_start scene_manager/loader_xmt.c:2980
    #4 0x7f943119730c in xml_sax_node_start utils/xml_parser.c:308
    #5 0x7f943119c087 in xml_sax_parse_attribute utils/xml_parser.c:357
    #6 0x7f943119c087 in xml_sax_parse utils/xml_parser.c:940
    #7 0x7f9431197d60 in gf_xml_sax_parse_intern utils/xml_parser.c:1110
    #8 0x7f943119cda7 in gf_xml_sax_parse utils/xml_parser.c:1138
    #9 0x7f943119d103 in xml_sax_read_file utils/xml_parser.c:1225
    #10 0x7f943119dbb8 in gf_xml_sax_parse_file utils/xml_parser.c:1338
    #11 0x7f94319baa39 in load_xmt_run scene_manager/loader_xmt.c:3700
    #12 0x7f9432067443 in ctxload_process filters/load_bt_xmt.c:544
    #13 0x7f9431de0093 in gf_filter_process_task filter_core/filter.c:3257
    #14 0x7f9431db44c1 in gf_fs_thread_proc filter_core/filter_session.c:2420
    #15 0x7f9431db9582 in gf_fs_run filter_core/filter_session.c:2728
    #16 0x7f943187328a in gf_media_import media_tools/media_import.c:1639
    #17 0x56087f79d411 in import_file /run/media/user/8ed8205b-4114-4c2a-b2d0-e2ad6640262d/gpac/runtime/gpac_asan/applications/mp4box/fileimport.c:1733
    #18 0x56087f759fc9 in do_add_cat /run/media/user/8ed8205b-4114-4c2a-b2d0-e2ad6640262d/gpac/runtime/gpac_asan/applications/mp4box/mp4box.c:4633
    #19 0x56087f75c3f7 in mp4box_main /run/media/user/8ed8205b-4114-4c2a-b2d0-e2ad6640262d/gpac/runtime/gpac_asan/applications/mp4box/mp4box.c:6377
    #20 0x7f9430c33f76 in __libc_start_call_main ../sysdeps/nptl/libc_start_call_main.h:58
    #21 0x7f9430c34026 in __libc_start_main_impl ../csu/libc-start.c:360
    #22 0x56087f73c080 in _start (/run/media/user/8ed8205b-4114-4c2a-b2d0-e2ad6640262d/gpac/runtime/gpac_asan/bin/gcc/MP4Box+0x4d080) (BuildId: 1651312aefdad6adf454cb6d555ab16d3e0fe1b8)

Indirect leak of 256 byte(s) in 4 object(s) allocated from:
    #0 0x7f9432f2435f in malloc ../../../../src/libsanitizer/asan/asan_malloc_linux.cpp:67
    #1 0x7f9431265ded in gf_node_setup scenegraph/base_scenegraph.c:1319
    #2 0x7f94312dfbf2 in Text_Create scenegraph/mpeg4_nodes.c:14108
    #3 0x7f94312dfbf2 in gf_sg_mpeg4_node_new scenegraph/mpeg4_nodes.c:36884
    #4 0x7f943126aa22 in gf_node_new scenegraph/base_scenegraph.c:2112
    #5 0x7f94319c6560 in xmt_parse_element scene_manager/loader_xmt.c:2036
    #6 0x7f94319cbae3 in xmt_node_start scene_manager/loader_xmt.c:2980
    #7 0x7f943119730c in xml_sax_node_start utils/xml_parser.c:308
    #8 0x7f943119ba4c in xml_sax_parse_attribute utils/xml_parser.c:397
    #9 0x7f943119ba4c in xml_sax_parse utils/xml_parser.c:940
    #10 0x7f943119796e in gf_xml_sax_parse_intern utils/xml_parser.c:1084
    #11 0x7f943119cda7 in gf_xml_sax_parse utils/xml_parser.c:1138
    #12 0x7f943119d103 in xml_sax_read_file utils/xml_parser.c:1225
    #13 0x7f943119dbb8 in gf_xml_sax_parse_file utils/xml_parser.c:1338
    #14 0x7f94319baa39 in load_xmt_run scene_manager/loader_xmt.c:3700
    #15 0x7f9432067443 in ctxload_process filters/load_bt_xmt.c:544
    #16 0x7f9431de0093 in gf_filter_process_task filter_core/filter.c:3257
    #17 0x7f9431db44c1 in gf_fs_thread_proc filter_core/filter_session.c:2420
    #18 0x7f9431db9582 in gf_fs_run filter_core/filter_session.c:2728
    #19 0x7f943187328a in gf_media_import media_tools/media_import.c:1639
    #20 0x56087f79d411 in import_file /run/media/user/8ed8205b-4114-4c2a-b2d0-e2ad6640262d/gpac/runtime/gpac_asan/applications/mp4box/fileimport.c:1733
    #21 0x56087f759fc9 in do_add_cat /run/media/user/8ed8205b-4114-4c2a-b2d0-e2ad6640262d/gpac/runtime/gpac_asan/applications/mp4box/mp4box.c:4633
    #22 0x56087f75c3f7 in mp4box_main /run/media/user/8ed8205b-4114-4c2a-b2d0-e2ad6640262d/gpac/runtime/gpac_asan/applications/mp4box/mp4box.c:6377
    #23 0x7f9430c33f76 in __libc_start_call_main ../sysdeps/nptl/libc_start_call_main.h:58
    #24 0x7f9430c34026 in __libc_start_main_impl ../csu/libc-start.c:360
    #25 0x56087f73c080 in _start (/run/media/user/8ed8205b-4114-4c2a-b2d0-e2ad6640262d/gpac/runtime/gpac_asan/bin/gcc/MP4Box+0x4d080) (BuildId: 1651312aefdad6adf454cb6d555ab16d3e0fe1b8)

Indirect leak of 256 byte(s) in 4 object(s) allocated from:
    #0 0x7f9432f2435f in malloc ../../../../src/libsanitizer/asan/asan_malloc_linux.cpp:67
    #1 0x7f9431265ded in gf_node_setup scenegraph/base_scenegraph.c:1319
    #2 0x7f94312e1051 in Coordinate2D_Create scenegraph/mpeg4_nodes.c:3511
    #3 0x7f94312e1051 in gf_sg_mpeg4_node_new scenegraph/mpeg4_nodes.c:36756
    #4 0x7f943126aa22 in gf_node_new scenegraph/base_scenegraph.c:2112
    #5 0x7f94319c6560 in xmt_parse_element scene_manager/loader_xmt.c:2036
    #6 0x7f94319cbae3 in xmt_node_start scene_manager/loader_xmt.c:2980
    #7 0x7f943119730c in xml_sax_node_start utils/xml_parser.c:308
    #8 0x7f943119c087 in xml_sax_parse_attribute utils/xml_parser.c:357
    #9 0x7f943119c087 in xml_sax_parse utils/xml_parser.c:940
    #10 0x7f9431197d60 in gf_xml_sax_parse_intern utils/xml_parser.c:1110
    #11 0x7f943119cda7 in gf_xml_sax_parse utils/xml_parser.c:1138
    #12 0x7f943119d103 in xml_sax_read_file utils/xml_parser.c:1225
    #13 0x7f943119dbb8 in gf_xml_sax_parse_file utils/xml_parser.c:1338
    #14 0x7f94319baa39 in load_xmt_run scene_manager/loader_xmt.c:3700
    #15 0x7f9432067443 in ctxload_process filters/load_bt_xmt.c:544
    #16 0x7f9431de0093 in gf_filter_process_task filter_core/filter.c:3257
    #17 0x7f9431db44c1 in gf_fs_thread_proc filter_core/filter_session.c:2420
    #18 0x7f9431db9582 in gf_fs_run filter_core/filter_session.c:2728
    #19 0x7f943187328a in gf_media_import media_tools/media_import.c:1639
    #20 0x56087f79d411 in import_file /run/media/user/8ed8205b-4114-4c2a-b2d0-e2ad6640262d/gpac/runtime/gpac_asan/applications/mp4box/fileimport.c:1733
    #21 0x56087f759fc9 in do_add_cat /run/media/user/8ed8205b-4114-4c2a-b2d0-e2ad6640262d/gpac/runtime/gpac_asan/applications/mp4box/mp4box.c:4633
    #22 0x56087f75c3f7 in mp4box_main /run/media/user/8ed8205b-4114-4c2a-b2d0-e2ad6640262d/gpac/runtime/gpac_asan/applications/mp4box/mp4box.c:6377
    #23 0x7f9430c33f76 in __libc_start_call_main ../sysdeps/nptl/libc_start_call_main.h:58
    #24 0x7f9430c34026 in __libc_start_main_impl ../csu/libc-start.c:360
    #25 0x56087f73c080 in _start (/run/media/user/8ed8205b-4114-4c2a-b2d0-e2ad6640262d/gpac/runtime/gpac_asan/bin/gcc/MP4Box+0x4d080) (BuildId: 1651312aefdad6adf454cb6d555ab16d3e0fe1b8)

Indirect leak of 256 byte(s) in 4 object(s) allocated from:
    #0 0x7f9432f2435f in malloc ../../../../src/libsanitizer/asan/asan_malloc_linux.cpp:67
    #1 0x7f943121975d in gf_path_new utils/path2d.c:35
    #2 0x7f9431ad91d1 in drawable_init_ex compositor/drawable.c:137
    #3 0x7f9431b67986 in compositor_init_text compositor/mpeg4_text.c:725
    #4 0x7f9431c5c51a in gf_scene_on_node_init compositor/scene_node_init.c:286
    #5 0x7f9431c5c51a in gf_scene_on_node_init compositor/scene_node_init.c:206
    #6 0x7f9431c5c51a in gf_scene_node_callback compositor/scene_node_init.c:360
    #7 0x7f94319c6a44 in xmt_parse_element scene_manager/loader_xmt.c:2180
    #8 0x7f94319cbae3 in xmt_node_start scene_manager/loader_xmt.c:2980
    #9 0x7f943119730c in xml_sax_node_start utils/xml_parser.c:308
    #10 0x7f943119ba4c in xml_sax_parse_attribute utils/xml_parser.c:397
    #11 0x7f943119ba4c in xml_sax_parse utils/xml_parser.c:940
    #12 0x7f943119796e in gf_xml_sax_parse_intern utils/xml_parser.c:1084
    #13 0x7f943119cda7 in gf_xml_sax_parse utils/xml_parser.c:1138
    #14 0x7f943119d103 in xml_sax_read_file utils/xml_parser.c:1225
    #15 0x7f943119dbb8 in gf_xml_sax_parse_file utils/xml_parser.c:1338
    #16 0x7f94319baa39 in load_xmt_run scene_manager/loader_xmt.c:3700
    #17 0x7f9432067443 in ctxload_process filters/load_bt_xmt.c:544
    #18 0x7f9431de0093 in gf_filter_process_task filter_core/filter.c:3257
    #19 0x7f9431db44c1 in gf_fs_thread_proc filter_core/filter_session.c:2420
    #20 0x7f9431db9582 in gf_fs_run filter_core/filter_session.c:2728
    #21 0x7f943187328a in gf_media_import media_tools/media_import.c:1639
    #22 0x56087f79d411 in import_file /run/media/user/8ed8205b-4114-4c2a-b2d0-e2ad6640262d/gpac/runtime/gpac_asan/applications/mp4box/fileimport.c:1733
    #23 0x56087f759fc9 in do_add_cat /run/media/user/8ed8205b-4114-4c2a-b2d0-e2ad6640262d/gpac/runtime/gpac_asan/applications/mp4box/mp4box.c:4633
    #24 0x56087f75c3f7 in mp4box_main /run/media/user/8ed8205b-4114-4c2a-b2d0-e2ad6640262d/gpac/runtime/gpac_asan/applications/mp4box/mp4box.c:6377
    #25 0x7f9430c33f76 in __libc_start_call_main ../sysdeps/nptl/libc_start_call_main.h:58
    #26 0x7f9430c34026 in __libc_start_main_impl ../csu/libc-start.c:360
    #27 0x56087f73c080 in _start (/run/media/user/8ed8205b-4114-4c2a-b2d0-e2ad6640262d/gpac/runtime/gpac_asan/bin/gcc/MP4Box+0x4d080) (BuildId: 1651312aefdad6adf454cb6d555ab16d3e0fe1b8)

Indirect leak of 240 byte(s) in 15 object(s) allocated from:
    #0 0x7f9432f2435f in malloc ../../../../src/libsanitizer/asan/asan_malloc_linux.cpp:67
    #1 0x7f9431264c93 in gf_node_register scenegraph/base_scenegraph.c:840
    #2 0x7f94319c6233 in xmt_parse_element scene_manager/loader_xmt.c:2165
    #3 0x7f94319cbae3 in xmt_node_start scene_manager/loader_xmt.c:2980
    #4 0x7f943119730c in xml_sax_node_start utils/xml_parser.c:308
    #5 0x7f943119ba4c in xml_sax_parse_attribute utils/xml_parser.c:397
    #6 0x7f943119ba4c in xml_sax_parse utils/xml_parser.c:940
    #7 0x7f9431197d60 in gf_xml_sax_parse_intern utils/xml_parser.c:1110
    #8 0x7f943119cda7 in gf_xml_sax_parse utils/xml_parser.c:1138
    #9 0x7f943119d103 in xml_sax_read_file utils/xml_parser.c:1225
    #10 0x7f943119dbb8 in gf_xml_sax_parse_file utils/xml_parser.c:1338
    #11 0x7f94319baa39 in load_xmt_run scene_manager/loader_xmt.c:3700
    #12 0x7f9432067443 in ctxload_process filters/load_bt_xmt.c:544
    #13 0x7f9431de0093 in gf_filter_process_task filter_core/filter.c:3257
    #14 0x7f9431db44c1 in gf_fs_thread_proc filter_core/filter_session.c:2420
    #15 0x7f9431db9582 in gf_fs_run filter_core/filter_session.c:2728
    #16 0x7f943187328a in gf_media_import media_tools/media_import.c:1639
    #17 0x56087f79d411 in import_file /run/media/user/8ed8205b-4114-4c2a-b2d0-e2ad6640262d/gpac/runtime/gpac_asan/applications/mp4box/fileimport.c:1733
    #18 0x56087f759fc9 in do_add_cat /run/media/user/8ed8205b-4114-4c2a-b2d0-e2ad6640262d/gpac/runtime/gpac_asan/applications/mp4box/mp4box.c:4633
    #19 0x56087f75c3f7 in mp4box_main /run/media/user/8ed8205b-4114-4c2a-b2d0-e2ad6640262d/gpac/runtime/gpac_asan/applications/mp4box/mp4box.c:6377
    #20 0x7f9430c33f76 in __libc_start_call_main ../sysdeps/nptl/libc_start_call_main.h:58
    #21 0x7f9430c34026 in __libc_start_main_impl ../csu/libc-start.c:360
    #22 0x56087f73c080 in _start (/run/media/user/8ed8205b-4114-4c2a-b2d0-e2ad6640262d/gpac/runtime/gpac_asan/bin/gcc/MP4Box+0x4d080) (BuildId: 1651312aefdad6adf454cb6d555ab16d3e0fe1b8)

Indirect leak of 232 byte(s) in 1 object(s) allocated from:
    #0 0x7f9432f2435f in malloc ../../../../src/libsanitizer/asan/asan_malloc_linux.cpp:67
    #1 0x7f94312e1c14 in IndexedFaceSet_Create scenegraph/mpeg4_nodes.c:7938
    #2 0x7f94312e1c14 in gf_sg_mpeg4_node_new scenegraph/mpeg4_nodes.c:36802
    #3 0x7f943126aa22 in gf_node_new scenegraph/base_scenegraph.c:2112
    #4 0x7f94319c6560 in xmt_parse_element scene_manager/loader_xmt.c:2036
    #5 0x7f94319cbae3 in xmt_node_start scene_manager/loader_xmt.c:2980
    #6 0x7f943119730c in xml_sax_node_start utils/xml_parser.c:308
    #7 0x7f943119c087 in xml_sax_parse_attribute utils/xml_parser.c:357
    #8 0x7f943119c087 in xml_sax_parse utils/xml_parser.c:940
    #9 0x7f943119796e in gf_xml_sax_parse_intern utils/xml_parser.c:1084
    #10 0x7f943119cda7 in gf_xml_sax_parse utils/xml_parser.c:1138
    #11 0x7f943119d103 in xml_sax_read_file utils/xml_parser.c:1225
    #12 0x7f943119dbb8 in gf_xml_sax_parse_file utils/xml_parser.c:1338
    #13 0x7f94319baa39 in load_xmt_run scene_manager/loader_xmt.c:3700
    #14 0x7f9432067443 in ctxload_process filters/load_bt_xmt.c:544
    #15 0x7f9431de0093 in gf_filter_process_task filter_core/filter.c:3257
    #16 0x7f9431db44c1 in gf_fs_thread_proc filter_core/filter_session.c:2420
    #17 0x7f9431db9582 in gf_fs_run filter_core/filter_session.c:2728
    #18 0x7f943187328a in gf_media_import media_tools/media_import.c:1639
    #19 0x56087f79d411 in import_file /run/media/user/8ed8205b-4114-4c2a-b2d0-e2ad6640262d/gpac/runtime/gpac_asan/applications/mp4box/fileimport.c:1733
    #20 0x56087f759fc9 in do_add_cat /run/media/user/8ed8205b-4114-4c2a-b2d0-e2ad6640262d/gpac/runtime/gpac_asan/applications/mp4box/mp4box.c:4633
    #21 0x56087f75c3f7 in mp4box_main /run/media/user/8ed8205b-4114-4c2a-b2d0-e2ad6640262d/gpac/runtime/gpac_asan/applications/mp4box/mp4box.c:6377
    #22 0x7f9430c33f76 in __libc_start_call_main ../sysdeps/nptl/libc_start_call_main.h:58
    #23 0x7f9430c34026 in __libc_start_main_impl ../csu/libc-start.c:360
    #24 0x56087f73c080 in _start (/run/media/user/8ed8205b-4114-4c2a-b2d0-e2ad6640262d/gpac/runtime/gpac_asan/bin/gcc/MP4Box+0x4d080) (BuildId: 1651312aefdad6adf454cb6d555ab16d3e0fe1b8)

Indirect leak of 232 byte(s) in 1 object(s) allocated from:
    #0 0x7f9432f2435f in malloc ../../../../src/libsanitizer/asan/asan_malloc_linux.cpp:67
    #1 0x7f94312e1c14 in IndexedFaceSet_Create scenegraph/mpeg4_nodes.c:7938
    #2 0x7f94312e1c14 in gf_sg_mpeg4_node_new scenegraph/mpeg4_nodes.c:36802
    #3 0x7f943126aa22 in gf_node_new scenegraph/base_scenegraph.c:2112
    #4 0x7f94319c6560 in xmt_parse_element scene_manager/loader_xmt.c:2036
    #5 0x7f94319cbae3 in xmt_node_start scene_manager/loader_xmt.c:2980
    #6 0x7f943119730c in xml_sax_node_start utils/xml_parser.c:308
    #7 0x7f943119ba4c in xml_sax_parse_attribute utils/xml_parser.c:397
    #8 0x7f943119ba4c in xml_sax_parse utils/xml_parser.c:940
    #9 0x7f9431197d60 in gf_xml_sax_parse_intern utils/xml_parser.c:1110
    #10 0x7f943119cda7 in gf_xml_sax_parse utils/xml_parser.c:1138
    #11 0x7f943119d103 in xml_sax_read_file utils/xml_parser.c:1225
    #12 0x7f943119dbb8 in gf_xml_sax_parse_file utils/xml_parser.c:1338
    #13 0x7f94319baa39 in load_xmt_run scene_manager/loader_xmt.c:3700
    #14 0x7f9432067443 in ctxload_process filters/load_bt_xmt.c:544
    #15 0x7f9431de0093 in gf_filter_process_task filter_core/filter.c:3257
    #16 0x7f9431db44c1 in gf_fs_thread_proc filter_core/filter_session.c:2420
    #17 0x7f9431db9582 in gf_fs_run filter_core/filter_session.c:2728
    #18 0x7f943187328a in gf_media_import media_tools/media_import.c:1639
    #19 0x56087f79d411 in import_file /run/media/user/8ed8205b-4114-4c2a-b2d0-e2ad6640262d/gpac/runtime/gpac_asan/applications/mp4box/fileimport.c:1733
    #20 0x56087f759fc9 in do_add_cat /run/media/user/8ed8205b-4114-4c2a-b2d0-e2ad6640262d/gpac/runtime/gpac_asan/applications/mp4box/mp4box.c:4633
    #21 0x56087f75c3f7 in mp4box_main /run/media/user/8ed8205b-4114-4c2a-b2d0-e2ad6640262d/gpac/runtime/gpac_asan/applications/mp4box/mp4box.c:6377
    #22 0x7f9430c33f76 in __libc_start_call_main ../sysdeps/nptl/libc_start_call_main.h:58
    #23 0x7f9430c34026 in __libc_start_main_impl ../csu/libc-start.c:360
    #24 0x56087f73c080 in _start (/run/media/user/8ed8205b-4114-4c2a-b2d0-e2ad6640262d/gpac/runtime/gpac_asan/bin/gcc/MP4Box+0x4d080) (BuildId: 1651312aefdad6adf454cb6d555ab16d3e0fe1b8)

Indirect leak of 224 byte(s) in 1 object(s) allocated from:
    #0 0x7f9432f2435f in malloc ../../../../src/libsanitizer/asan/asan_malloc_linux.cpp:67
    #1 0x7f9431a33639 in new_mesh compositor/mesh.c:107
    #2 0x7f9431bc7560 in drawable_3d_new compositor/visual_manager_3d.c:43
    #3 0x7f9431b2bd1b in compositor_init_point_set compositor/mpeg4_geometry_3d.c:232
    #4 0x7f9431c5c51a in gf_scene_on_node_init compositor/scene_node_init.c:286
    #5 0x7f9431c5c51a in gf_scene_on_node_init compositor/scene_node_init.c:206
    #6 0x7f9431c5c51a in gf_scene_node_callback compositor/scene_node_init.c:360
    #7 0x7f94319c6a44 in xmt_parse_element scene_manager/loader_xmt.c:2180
    #8 0x7f94319cbae3 in xmt_node_start scene_manager/loader_xmt.c:2980
    #9 0x7f943119730c in xml_sax_node_start utils/xml_parser.c:308
    #10 0x7f943119ba4c in xml_sax_parse_attribute utils/xml_parser.c:397
    #11 0x7f943119ba4c in xml_sax_parse utils/xml_parser.c:940
    #12 0x7f943119796e in gf_xml_sax_parse_intern utils/xml_parser.c:1084
    #13 0x7f943119cda7 in gf_xml_sax_parse utils/xml_parser.c:1138
    #14 0x7f943119d103 in xml_sax_read_file utils/xml_parser.c:1225
    #15 0x7f943119dbb8 in gf_xml_sax_parse_file utils/xml_parser.c:1338
    #16 0x7f94319baa39 in load_xmt_run scene_manager/loader_xmt.c:3700
    #17 0x7f9432067443 in ctxload_process filters/load_bt_xmt.c:544
    #18 0x7f9431de0093 in gf_filter_process_task filter_core/filter.c:3257
    #19 0x7f9431db44c1 in gf_fs_thread_proc filter_core/filter_session.c:2420
    #20 0x7f9431db9582 in gf_fs_run filter_core/filter_session.c:2728
    #21 0x7f943187328a in gf_media_import media_tools/media_import.c:1639
    #22 0x56087f79d411 in import_file /run/media/user/8ed8205b-4114-4c2a-b2d0-e2ad6640262d/gpac/runtime/gpac_asan/applications/mp4box/fileimport.c:1733
    #23 0x56087f759fc9 in do_add_cat /run/media/user/8ed8205b-4114-4c2a-b2d0-e2ad6640262d/gpac/runtime/gpac_asan/applications/mp4box/mp4box.c:4633
    #24 0x56087f75c3f7 in mp4box_main /run/media/user/8ed8205b-4114-4c2a-b2d0-e2ad6640262d/gpac/runtime/gpac_asan/applications/mp4box/mp4box.c:6377
    #25 0x7f9430c33f76 in __libc_start_call_main ../sysdeps/nptl/libc_start_call_main.h:58
    #26 0x7f9430c34026 in __libc_start_main_impl ../csu/libc-start.c:360
    #27 0x56087f73c080 in _start (/run/media/user/8ed8205b-4114-4c2a-b2d0-e2ad6640262d/gpac/runtime/gpac_asan/bin/gcc/MP4Box+0x4d080) (BuildId: 1651312aefdad6adf454cb6d555ab16d3e0fe1b8)

Indirect leak of 224 byte(s) in 1 object(s) allocated from:
    #0 0x7f9432f2435f in malloc ../../../../src/libsanitizer/asan/asan_malloc_linux.cpp:67
    #1 0x7f9431a33639 in new_mesh compositor/mesh.c:107
    #2 0x7f9431bc7560 in drawable_3d_new compositor/visual_manager_3d.c:43
    #3 0x7f9431b2ab3b in compositor_init_cone compositor/mpeg4_geometry_3d.c:99
    #4 0x7f9431c5c51a in gf_scene_on_node_init compositor/scene_node_init.c:286
    #5 0x7f9431c5c51a in gf_scene_on_node_init compositor/scene_node_init.c:206
    #6 0x7f9431c5c51a in gf_scene_node_callback compositor/scene_node_init.c:360
    #7 0x7f94319c6a44 in xmt_parse_element scene_manager/loader_xmt.c:2180
    #8 0x7f94319cbae3 in xmt_node_start scene_manager/loader_xmt.c:2980
    #9 0x7f943119730c in xml_sax_node_start utils/xml_parser.c:308
    #10 0x7f943119c087 in xml_sax_parse_attribute utils/xml_parser.c:357
    #11 0x7f943119c087 in xml_sax_parse utils/xml_parser.c:940
    #12 0x7f9431197d60 in gf_xml_sax_parse_intern utils/xml_parser.c:1110
    #13 0x7f943119cda7 in gf_xml_sax_parse utils/xml_parser.c:1138
    #14 0x7f943119d103 in xml_sax_read_file utils/xml_parser.c:1225
    #15 0x7f943119dbb8 in gf_xml_sax_parse_file utils/xml_parser.c:1338
    #16 0x7f94319baa39 in load_xmt_run scene_manager/loader_xmt.c:3700
    #17 0x7f9432067443 in ctxload_process filters/load_bt_xmt.c:544
    #18 0x7f9431de0093 in gf_filter_process_task filter_core/filter.c:3257
    #19 0x7f9431db44c1 in gf_fs_thread_proc filter_core/filter_session.c:2420
    #20 0x7f9431db9582 in gf_fs_run filter_core/filter_session.c:2728
    #21 0x7f943187328a in gf_media_import media_tools/media_import.c:1639
    #22 0x56087f79d411 in import_file /run/media/user/8ed8205b-4114-4c2a-b2d0-e2ad6640262d/gpac/runtime/gpac_asan/applications/mp4box/fileimport.c:1733
    #23 0x56087f759fc9 in do_add_cat /run/media/user/8ed8205b-4114-4c2a-b2d0-e2ad6640262d/gpac/runtime/gpac_asan/applications/mp4box/mp4box.c:4633
    #24 0x56087f75c3f7 in mp4box_main /run/media/user/8ed8205b-4114-4c2a-b2d0-e2ad6640262d/gpac/runtime/gpac_asan/applications/mp4box/mp4box.c:6377
    #25 0x7f9430c33f76 in __libc_start_call_main ../sysdeps/nptl/libc_start_call_main.h:58
    #26 0x7f9430c34026 in __libc_start_main_impl ../csu/libc-start.c:360
    #27 0x56087f73c080 in _start (/run/media/user/8ed8205b-4114-4c2a-b2d0-e2ad6640262d/gpac/runtime/gpac_asan/bin/gcc/MP4Box+0x4d080) (BuildId: 1651312aefdad6adf454cb6d555ab16d3e0fe1b8)

Indirect leak of 224 byte(s) in 1 object(s) allocated from:
    #0 0x7f9432f2435f in malloc ../../../../src/libsanitizer/asan/asan_malloc_linux.cpp:67
    #1 0x7f9431a33639 in new_mesh compositor/mesh.c:107
    #2 0x7f9431bc7560 in drawable_3d_new compositor/visual_manager_3d.c:43
    #3 0x7f9431b2ab1b in compositor_init_box compositor/mpeg4_geometry_3d.c:82
    #4 0x7f9431c5c51a in gf_scene_on_node_init compositor/scene_node_init.c:286
    #5 0x7f9431c5c51a in gf_scene_on_node_init compositor/scene_node_init.c:206
    #6 0x7f9431c5c51a in gf_scene_node_callback compositor/scene_node_init.c:360
    #7 0x7f94319c6a44 in xmt_parse_element scene_manager/loader_xmt.c:2180
    #8 0x7f94319cbae3 in xmt_node_start scene_manager/loader_xmt.c:2980
    #9 0x7f943119730c in xml_sax_node_start utils/xml_parser.c:308
    #10 0x7f943119c087 in xml_sax_parse_attribute utils/xml_parser.c:357
    #11 0x7f943119c087 in xml_sax_parse utils/xml_parser.c:940
    #12 0x7f9431197d60 in gf_xml_sax_parse_intern utils/xml_parser.c:1110
    #13 0x7f943119cda7 in gf_xml_sax_parse utils/xml_parser.c:1138
    #14 0x7f943119d103 in xml_sax_read_file utils/xml_parser.c:1225
    #15 0x7f943119dbb8 in gf_xml_sax_parse_file utils/xml_parser.c:1338
    #16 0x7f94319baa39 in load_xmt_run scene_manager/loader_xmt.c:3700
    #17 0x7f9432067443 in ctxload_process filters/load_bt_xmt.c:544
    #18 0x7f9431de0093 in gf_filter_process_task filter_core/filter.c:3257
    #19 0x7f9431db44c1 in gf_fs_thread_proc filter_core/filter_session.c:2420
    #20 0x7f9431db9582 in gf_fs_run filter_core/filter_session.c:2728
    #21 0x7f943187328a in gf_media_import media_tools/media_import.c:1639
    #22 0x56087f79d411 in import_file /run/media/user/8ed8205b-4114-4c2a-b2d0-e2ad6640262d/gpac/runtime/gpac_asan/applications/mp4box/fileimport.c:1733
    #23 0x56087f759fc9 in do_add_cat /run/media/user/8ed8205b-4114-4c2a-b2d0-e2ad6640262d/gpac/runtime/gpac_asan/applications/mp4box/mp4box.c:4633
    #24 0x56087f75c3f7 in mp4box_main /run/media/user/8ed8205b-4114-4c2a-b2d0-e2ad6640262d/gpac/runtime/gpac_asan/applications/mp4box/mp4box.c:6377
    #25 0x7f9430c33f76 in __libc_start_call_main ../sysdeps/nptl/libc_start_call_main.h:58
    #26 0x7f9430c34026 in __libc_start_main_impl ../csu/libc-start.c:360
    #27 0x56087f73c080 in _start (/run/media/user/8ed8205b-4114-4c2a-b2d0-e2ad6640262d/gpac/runtime/gpac_asan/bin/gcc/MP4Box+0x4d080) (BuildId: 1651312aefdad6adf454cb6d555ab16d3e0fe1b8)

Indirect leak of 224 byte(s) in 1 object(s) allocated from:
    #0 0x7f9432f2435f in malloc ../../../../src/libsanitizer/asan/asan_malloc_linux.cpp:67
    #1 0x7f9431a33639 in new_mesh compositor/mesh.c:107
    #2 0x7f9431bc7560 in drawable_3d_new compositor/visual_manager_3d.c:43
    #3 0x7f9431b2ab5b in compositor_init_cylinder compositor/mpeg4_geometry_3d.c:116
    #4 0x7f9431c5c51a in gf_scene_on_node_init compositor/scene_node_init.c:286
    #5 0x7f9431c5c51a in gf_scene_on_node_init compositor/scene_node_init.c:206
    #6 0x7f9431c5c51a in gf_scene_node_callback compositor/scene_node_init.c:360
    #7 0x7f94319c6a44 in xmt_parse_element scene_manager/loader_xmt.c:2180
    #8 0x7f94319cbae3 in xmt_node_start scene_manager/loader_xmt.c:2980
    #9 0x7f943119730c in xml_sax_node_start utils/xml_parser.c:308
    #10 0x7f943119c087 in xml_sax_parse_attribute utils/xml_parser.c:357
    #11 0x7f943119c087 in xml_sax_parse utils/xml_parser.c:940
    #12 0x7f9431197d60 in gf_xml_sax_parse_intern utils/xml_parser.c:1110
    #13 0x7f943119cda7 in gf_xml_sax_parse utils/xml_parser.c:1138
    #14 0x7f943119d103 in xml_sax_read_file utils/xml_parser.c:1225
    #15 0x7f943119dbb8 in gf_xml_sax_parse_file utils/xml_parser.c:1338
    #16 0x7f94319baa39 in load_xmt_run scene_manager/loader_xmt.c:3700
    #17 0x7f9432067443 in ctxload_process filters/load_bt_xmt.c:544
    #18 0x7f9431de0093 in gf_filter_process_task filter_core/filter.c:3257
    #19 0x7f9431db44c1 in gf_fs_thread_proc filter_core/filter_session.c:2420
    #20 0x7f9431db9582 in gf_fs_run filter_core/filter_session.c:2728
    #21 0x7f943187328a in gf_media_import media_tools/media_import.c:1639
    #22 0x56087f79d411 in import_file /run/media/user/8ed8205b-4114-4c2a-b2d0-e2ad6640262d/gpac/runtime/gpac_asan/applications/mp4box/fileimport.c:1733
    #23 0x56087f759fc9 in do_add_cat /run/media/user/8ed8205b-4114-4c2a-b2d0-e2ad6640262d/gpac/runtime/gpac_asan/applications/mp4box/mp4box.c:4633
    #24 0x56087f75c3f7 in mp4box_main /run/media/user/8ed8205b-4114-4c2a-b2d0-e2ad6640262d/gpac/runtime/gpac_asan/applications/mp4box/mp4box.c:6377
    #25 0x7f9430c33f76 in __libc_start_call_main ../sysdeps/nptl/libc_start_call_main.h:58
    #26 0x7f9430c34026 in __libc_start_main_impl ../csu/libc-start.c:360
    #27 0x56087f73c080 in _start (/run/media/user/8ed8205b-4114-4c2a-b2d0-e2ad6640262d/gpac/runtime/gpac_asan/bin/gcc/MP4Box+0x4d080) (BuildId: 1651312aefdad6adf454cb6d555ab16d3e0fe1b8)

Indirect leak of 224 byte(s) in 2 object(s) allocated from:
    #0 0x7f9432f2435f in malloc ../../../../src/libsanitizer/asan/asan_malloc_linux.cpp:67
    #1 0x7f94312cbeef in Layout_Create scenegraph/mpeg4_nodes.c:9184
    #2 0x7f943126aa22 in gf_node_new scenegraph/base_scenegraph.c:2112
    #3 0x7f94319c6560 in xmt_parse_element scene_manager/loader_xmt.c:2036
    #4 0x7f94319cbae3 in xmt_node_start scene_manager/loader_xmt.c:2980
    #5 0x7f943119730c in xml_sax_node_start utils/xml_parser.c:308
    #6 0x7f943119ae3f in xml_sax_parse utils/xml_parser.c:863
    #7 0x7f943119796e in gf_xml_sax_parse_intern utils/xml_parser.c:1084
    #8 0x7f943119cda7 in gf_xml_sax_parse utils/xml_parser.c:1138
    #9 0x7f943119d103 in xml_sax_read_file utils/xml_parser.c:1225
    #10 0x7f943119dbb8 in gf_xml_sax_parse_file utils/xml_parser.c:1338
    #11 0x7f94319baa39 in load_xmt_run scene_manager/loader_xmt.c:3700
    #12 0x7f9432067443 in ctxload_process filters/load_bt_xmt.c:544
    #13 0x7f9431de0093 in gf_filter_process_task filter_core/filter.c:3257
    #14 0x7f9431db44c1 in gf_fs_thread_proc filter_core/filter_session.c:2420
    #15 0x7f9431db9582 in gf_fs_run filter_core/filter_session.c:2728
    #16 0x7f943187328a in gf_media_import media_tools/media_import.c:1639
    #17 0x56087f79d411 in import_file /run/media/user/8ed8205b-4114-4c2a-b2d0-e2ad6640262d/gpac/runtime/gpac_asan/applications/mp4box/fileimport.c:1733
    #18 0x56087f759fc9 in do_add_cat /run/media/user/8ed8205b-4114-4c2a-b2d0-e2ad6640262d/gpac/runtime/gpac_asan/applications/mp4box/mp4box.c:4633
    #19 0x56087f75c3f7 in mp4box_main /run/media/user/8ed8205b-4114-4c2a-b2d0-e2ad6640262d/gpac/runtime/gpac_asan/applications/mp4box/mp4box.c:6377
    #20 0x7f9430c33f76 in __libc_start_call_main ../sysdeps/nptl/libc_start_call_main.h:58
    #21 0x7f9430c34026 in __libc_start_main_impl ../csu/libc-start.c:360
    #22 0x56087f73c080 in _start (/run/media/user/8ed8205b-4114-4c2a-b2d0-e2ad6640262d/gpac/runtime/gpac_asan/bin/gcc/MP4Box+0x4d080) (BuildId: 1651312aefdad6adf454cb6d555ab16d3e0fe1b8)

Indirect leak of 224 byte(s) in 4 object(s) allocated from:
    #0 0x7f9432f2435f in malloc ../../../../src/libsanitizer/asan/asan_malloc_linux.cpp:67
    #1 0x7f94312dfbca in Text_Create scenegraph/mpeg4_nodes.c:14106
    #2 0x7f94312dfbca in gf_sg_mpeg4_node_new scenegraph/mpeg4_nodes.c:36884
    #3 0x7f943126aa22 in gf_node_new scenegraph/base_scenegraph.c:2112
    #4 0x7f94319c6560 in xmt_parse_element scene_manager/loader_xmt.c:2036
    #5 0x7f94319cbae3 in xmt_node_start scene_manager/loader_xmt.c:2980
    #6 0x7f943119730c in xml_sax_node_start utils/xml_parser.c:308
    #7 0x7f943119ba4c in xml_sax_parse_attribute utils/xml_parser.c:397
    #8 0x7f943119ba4c in xml_sax_parse utils/xml_parser.c:940
    #9 0x7f943119796e in gf_xml_sax_parse_intern utils/xml_parser.c:1084
    #10 0x7f943119cda7 in gf_xml_sax_parse utils/xml_parser.c:1138
    #11 0x7f943119d103 in xml_sax_read_file utils/xml_parser.c:1225
    #12 0x7f943119dbb8 in gf_xml_sax_parse_file utils/xml_parser.c:1338
    #13 0x7f94319baa39 in load_xmt_run scene_manager/loader_xmt.c:3700
    #14 0x7f9432067443 in ctxload_process filters/load_bt_xmt.c:544
    #15 0x7f9431de0093 in gf_filter_process_task filter_core/filter.c:3257
    #16 0x7f9431db44c1 in gf_fs_thread_proc filter_core/filter_session.c:2420
    #17 0x7f9431db9582 in gf_fs_run filter_core/filter_session.c:2728
    #18 0x7f943187328a in gf_media_import media_tools/media_import.c:1639
    #19 0x56087f79d411 in import_file /run/media/user/8ed8205b-4114-4c2a-b2d0-e2ad6640262d/gpac/runtime/gpac_asan/applications/mp4box/fileimport.c:1733
    #20 0x56087f759fc9 in do_add_cat /run/media/user/8ed8205b-4114-4c2a-b2d0-e2ad6640262d/gpac/runtime/gpac_asan/applications/mp4box/mp4box.c:4633
    #21 0x56087f75c3f7 in mp4box_main /run/media/user/8ed8205b-4114-4c2a-b2d0-e2ad6640262d/gpac/runtime/gpac_asan/applications/mp4box/mp4box.c:6377
    #22 0x7f9430c33f76 in __libc_start_call_main ../sysdeps/nptl/libc_start_call_main.h:58
    #23 0x7f9430c34026 in __libc_start_main_impl ../csu/libc-start.c:360
    #24 0x56087f73c080 in _start (/run/media/user/8ed8205b-4114-4c2a-b2d0-e2ad6640262d/gpac/runtime/gpac_asan/bin/gcc/MP4Box+0x4d080) (BuildId: 1651312aefdad6adf454cb6d555ab16d3e0fe1b8)

Indirect leak of 224 byte(s) in 1 object(s) allocated from:
    #0 0x7f9432f2435f in malloc ../../../../src/libsanitizer/asan/asan_malloc_linux.cpp:67
    #1 0x7f9431a33639 in new_mesh compositor/mesh.c:107
    #2 0x7f9431bc7560 in drawable_3d_new compositor/visual_manager_3d.c:43
    #3 0x7f9431b2bdeb in compositor_init_ils compositor/mpeg4_geometry_3d.c:334
    #4 0x7f9431c5c51a in gf_scene_on_node_init compositor/scene_node_init.c:286
    #5 0x7f9431c5c51a in gf_scene_on_node_init compositor/scene_node_init.c:206
    #6 0x7f9431c5c51a in gf_scene_node_callback compositor/scene_node_init.c:360
    #7 0x7f94319c6a44 in xmt_parse_element scene_manager/loader_xmt.c:2180
    #8 0x7f94319cbae3 in xmt_node_start scene_manager/loader_xmt.c:2980
    #9 0x7f943119730c in xml_sax_node_start utils/xml_parser.c:308
    #10 0x7f943119ba4c in xml_sax_parse_attribute utils/xml_parser.c:397
    #11 0x7f943119ba4c in xml_sax_parse utils/xml_parser.c:940
    #12 0x7f9431197d60 in gf_xml_sax_parse_intern utils/xml_parser.c:1110
    #13 0x7f943119cda7 in gf_xml_sax_parse utils/xml_parser.c:1138
    #14 0x7f943119d103 in xml_sax_read_file utils/xml_parser.c:1225
    #15 0x7f943119dbb8 in gf_xml_sax_parse_file utils/xml_parser.c:1338
    #16 0x7f94319baa39 in load_xmt_run scene_manager/loader_xmt.c:3700
    #17 0x7f9432067443 in ctxload_process filters/load_bt_xmt.c:544
    #18 0x7f9431de0093 in gf_filter_process_task filter_core/filter.c:3257
    #19 0x7f9431db44c1 in gf_fs_thread_proc filter_core/filter_session.c:2420
    #20 0x7f9431db9582 in gf_fs_run filter_core/filter_session.c:2728
    #21 0x7f943187328a in gf_media_import media_tools/media_import.c:1639
    #22 0x56087f79d411 in import_file /run/media/user/8ed8205b-4114-4c2a-b2d0-e2ad6640262d/gpac/runtime/gpac_asan/applications/mp4box/fileimport.c:1733
    #23 0x56087f759fc9 in do_add_cat /run/media/user/8ed8205b-4114-4c2a-b2d0-e2ad6640262d/gpac/runtime/gpac_asan/applications/mp4box/mp4box.c:4633
    #24 0x56087f75c3f7 in mp4box_main /run/media/user/8ed8205b-4114-4c2a-b2d0-e2ad6640262d/gpac/runtime/gpac_asan/applications/mp4box/mp4box.c:6377
    #25 0x7f9430c33f76 in __libc_start_call_main ../sysdeps/nptl/libc_start_call_main.h:58
    #26 0x7f9430c34026 in __libc_start_main_impl ../csu/libc-start.c:360
    #27 0x56087f73c080 in _start (/run/media/user/8ed8205b-4114-4c2a-b2d0-e2ad6640262d/gpac/runtime/gpac_asan/bin/gcc/MP4Box+0x4d080) (BuildId: 1651312aefdad6adf454cb6d555ab16d3e0fe1b8)

Indirect leak of 224 byte(s) in 1 object(s) allocated from:
    #0 0x7f9432f2435f in malloc ../../../../src/libsanitizer/asan/asan_malloc_linux.cpp:67
    #1 0x7f9431a33639 in new_mesh compositor/mesh.c:107
    #2 0x7f9431bc7560 in drawable_3d_new compositor/visual_manager_3d.c:43
    #3 0x7f9431b2bd3b in compositor_init_ifs compositor/mpeg4_geometry_3d.c:284
    #4 0x7f9431c5c51a in gf_scene_on_node_init compositor/scene_node_init.c:286
    #5 0x7f9431c5c51a in gf_scene_on_node_init compositor/scene_node_init.c:206
    #6 0x7f9431c5c51a in gf_scene_node_callback compositor/scene_node_init.c:360
    #7 0x7f94319c6a44 in xmt_parse_element scene_manager/loader_xmt.c:2180
    #8 0x7f94319cbae3 in xmt_node_start scene_manager/loader_xmt.c:2980
    #9 0x7f943119730c in xml_sax_node_start utils/xml_parser.c:308
    #10 0x7f943119ba4c in xml_sax_parse_attribute utils/xml_parser.c:397
    #11 0x7f943119ba4c in xml_sax_parse utils/xml_parser.c:940
    #12 0x7f9431197d60 in gf_xml_sax_parse_intern utils/xml_parser.c:1110
    #13 0x7f943119cda7 in gf_xml_sax_parse utils/xml_parser.c:1138
    #14 0x7f943119d103 in xml_sax_read_file utils/xml_parser.c:1225
    #15 0x7f943119dbb8 in gf_xml_sax_parse_file utils/xml_parser.c:1338
    #16 0x7f94319baa39 in load_xmt_run scene_manager/loader_xmt.c:3700
    #17 0x7f9432067443 in ctxload_process filters/load_bt_xmt.c:544
    #18 0x7f9431de0093 in gf_filter_process_task filter_core/filter.c:3257
    #19 0x7f9431db44c1 in gf_fs_thread_proc filter_core/filter_session.c:2420
    #20 0x7f9431db9582 in gf_fs_run filter_core/filter_session.c:2728
    #21 0x7f943187328a in gf_media_import media_tools/media_import.c:1639
    #22 0x56087f79d411 in import_file /run/media/user/8ed8205b-4114-4c2a-b2d0-e2ad6640262d/gpac/runtime/gpac_asan/applications/mp4box/fileimport.c:1733
    #23 0x56087f759fc9 in do_add_cat /run/media/user/8ed8205b-4114-4c2a-b2d0-e2ad6640262d/gpac/runtime/gpac_asan/applications/mp4box/mp4box.c:4633
    #24 0x56087f75c3f7 in mp4box_main /run/media/user/8ed8205b-4114-4c2a-b2d0-e2ad6640262d/gpac/runtime/gpac_asan/applications/mp4box/mp4box.c:6377
    #25 0x7f9430c33f76 in __libc_start_call_main ../sysdeps/nptl/libc_start_call_main.h:58
    #26 0x7f9430c34026 in __libc_start_main_impl ../csu/libc-start.c:360
    #27 0x56087f73c080 in _start (/run/media/user/8ed8205b-4114-4c2a-b2d0-e2ad6640262d/gpac/runtime/gpac_asan/bin/gcc/MP4Box+0x4d080) (BuildId: 1651312aefdad6adf454cb6d555ab16d3e0fe1b8)

Indirect leak of 224 byte(s) in 1 object(s) allocated from:
    #0 0x7f9432f2435f in malloc ../../../../src/libsanitizer/asan/asan_malloc_linux.cpp:67
    #1 0x7f9431a33639 in new_mesh compositor/mesh.c:107
    #2 0x7f9431bc7560 in drawable_3d_new compositor/visual_manager_3d.c:43
    #3 0x7f9431b2beab in compositor_init_extrusion compositor/mpeg4_geometry_3d.c:426
    #4 0x7f9431c5c51a in gf_scene_on_node_init compositor/scene_node_init.c:286
    #5 0x7f9431c5c51a in gf_scene_on_node_init compositor/scene_node_init.c:206
    #6 0x7f9431c5c51a in gf_scene_node_callback compositor/scene_node_init.c:360
    #7 0x7f94319c6a44 in xmt_parse_element scene_manager/loader_xmt.c:2180
    #8 0x7f94319cbae3 in xmt_node_start scene_manager/loader_xmt.c:2980
    #9 0x7f943119730c in xml_sax_node_start utils/xml_parser.c:308
    #10 0x7f943119c087 in xml_sax_parse_attribute utils/xml_parser.c:357
    #11 0x7f943119c087 in xml_sax_parse utils/xml_parser.c:940
    #12 0x7f9431197d60 in gf_xml_sax_parse_intern utils/xml_parser.c:1110
    #13 0x7f943119cda7 in gf_xml_sax_parse utils/xml_parser.c:1138
    #14 0x7f943119d103 in xml_sax_read_file utils/xml_parser.c:1225
    #15 0x7f943119dbb8 in gf_xml_sax_parse_file utils/xml_parser.c:1338
    #16 0x7f94319baa39 in load_xmt_run scene_manager/loader_xmt.c:3700
    #17 0x7f9432067443 in ctxload_process filters/load_bt_xmt.c:544
    #18 0x7f9431de0093 in gf_filter_process_task filter_core/filter.c:3257
    #19 0x7f9431db44c1 in gf_fs_thread_proc filter_core/filter_session.c:2420
    #20 0x7f9431db9582 in gf_fs_run filter_core/filter_session.c:2728
    #21 0x7f943187328a in gf_media_import media_tools/media_import.c:1639
    #22 0x56087f79d411 in import_file /run/media/user/8ed8205b-4114-4c2a-b2d0-e2ad6640262d/gpac/runtime/gpac_asan/applications/mp4box/fileimport.c:1733
    #23 0x56087f759fc9 in do_add_cat /run/media/user/8ed8205b-4114-4c2a-b2d0-e2ad6640262d/gpac/runtime/gpac_asan/applications/mp4box/mp4box.c:4633
    #24 0x56087f75c3f7 in mp4box_main /run/media/user/8ed8205b-4114-4c2a-b2d0-e2ad6640262d/gpac/runtime/gpac_asan/applications/mp4box/mp4box.c:6377
    #25 0x7f9430c33f76 in __libc_start_call_main ../sysdeps/nptl/libc_start_call_main.h:58
    #26 0x7f9430c34026 in __libc_start_main_impl ../csu/libc-start.c:360
    #27 0x56087f73c080 in _start (/run/media/user/8ed8205b-4114-4c2a-b2d0-e2ad6640262d/gpac/runtime/gpac_asan/bin/gcc/MP4Box+0x4d080) (BuildId: 1651312aefdad6adf454cb6d555ab16d3e0fe1b8)

Indirect leak of 224 byte(s) in 1 object(s) allocated from:
    #0 0x7f9432f2435f in malloc ../../../../src/libsanitizer/asan/asan_malloc_linux.cpp:67
    #1 0x7f9431b6a599 in compositor_init_movietexture compositor/mpeg4_textures.c:177
    #2 0x7f9431c5c51a in gf_scene_on_node_init compositor/scene_node_init.c:286
    #3 0x7f9431c5c51a in gf_scene_on_node_init compositor/scene_node_init.c:206
    #4 0x7f9431c5c51a in gf_scene_node_callback compositor/scene_node_init.c:360
    #5 0x7f94319c6a44 in xmt_parse_element scene_manager/loader_xmt.c:2180
    #6 0x7f94319cbae3 in xmt_node_start scene_manager/loader_xmt.c:2980
    #7 0x7f943119730c in xml_sax_node_start utils/xml_parser.c:308
    #8 0x7f943119c087 in xml_sax_parse_attribute utils/xml_parser.c:357
    #9 0x7f943119c087 in xml_sax_parse utils/xml_parser.c:940
    #10 0x7f943119796e in gf_xml_sax_parse_intern utils/xml_parser.c:1084
    #11 0x7f943119cda7 in gf_xml_sax_parse utils/xml_parser.c:1138
    #12 0x7f943119d103 in xml_sax_read_file utils/xml_parser.c:1225
    #13 0x7f943119dbb8 in gf_xml_sax_parse_file utils/xml_parser.c:1338
    #14 0x7f94319baa39 in load_xmt_run scene_manager/loader_xmt.c:3700
    #15 0x7f9432067443 in ctxload_process filters/load_bt_xmt.c:544
    #16 0x7f9431de0093 in gf_filter_process_task filter_core/filter.c:3257
    #17 0x7f9431db44c1 in gf_fs_thread_proc filter_core/filter_session.c:2420
    #18 0x7f9431db9582 in gf_fs_run filter_core/filter_session.c:2728
    #19 0x7f943187328a in gf_media_import media_tools/media_import.c:1639
    #20 0x56087f79d411 in import_file /run/media/user/8ed8205b-4114-4c2a-b2d0-e2ad6640262d/gpac/runtime/gpac_asan/applications/mp4box/fileimport.c:1733
    #21 0x56087f759fc9 in do_add_cat /run/media/user/8ed8205b-4114-4c2a-b2d0-e2ad6640262d/gpac/runtime/gpac_asan/applications/mp4box/mp4box.c:4633
    #22 0x56087f75c3f7 in mp4box_main /run/media/user/8ed8205b-4114-4c2a-b2d0-e2ad6640262d/gpac/runtime/gpac_asan/applications/mp4box/mp4box.c:6377
    #23 0x7f9430c33f76 in __libc_start_call_main ../sysdeps/nptl/libc_start_call_main.h:58
    #24 0x7f9430c34026 in __libc_start_main_impl ../csu/libc-start.c:360
    #25 0x56087f73c080 in _start (/run/media/user/8ed8205b-4114-4c2a-b2d0-e2ad6640262d/gpac/runtime/gpac_asan/bin/gcc/MP4Box+0x4d080) (BuildId: 1651312aefdad6adf454cb6d555ab16d3e0fe1b8)

Indirect leak of 224 byte(s) in 1 object(s) allocated from:
    #0 0x7f9432f2435f in malloc ../../../../src/libsanitizer/asan/asan_malloc_linux.cpp:67
    #1 0x7f9431a33639 in new_mesh compositor/mesh.c:107
    #2 0x7f9431bc7560 in drawable_3d_new compositor/visual_manager_3d.c:43
    #3 0x7f9431b2be5b in compositor_init_elevation_grid compositor/mpeg4_geometry_3d.c:371
    #4 0x7f9431c5c51a in gf_scene_on_node_init compositor/scene_node_init.c:286
    #5 0x7f9431c5c51a in gf_scene_on_node_init compositor/scene_node_init.c:206
    #6 0x7f9431c5c51a in gf_scene_node_callback compositor/scene_node_init.c:360
    #7 0x7f94319c6a44 in xmt_parse_element scene_manager/loader_xmt.c:2180
    #8 0x7f94319cbae3 in xmt_node_start scene_manager/loader_xmt.c:2980
    #9 0x7f943119730c in xml_sax_node_start utils/xml_parser.c:308
    #10 0x7f943119c087 in xml_sax_parse_attribute utils/xml_parser.c:357
    #11 0x7f943119c087 in xml_sax_parse utils/xml_parser.c:940
    #12 0x7f9431197d60 in gf_xml_sax_parse_intern utils/xml_parser.c:1110
    #13 0x7f943119cda7 in gf_xml_sax_parse utils/xml_parser.c:1138
    #14 0x7f943119d103 in xml_sax_read_file utils/xml_parser.c:1225
    #15 0x7f943119dbb8 in gf_xml_sax_parse_file utils/xml_parser.c:1338
    #16 0x7f94319baa39 in load_xmt_run scene_manager/loader_xmt.c:3700
    #17 0x7f9432067443 in ctxload_process filters/load_bt_xmt.c:544
    #18 0x7f9431de0093 in gf_filter_process_task filter_core/filter.c:3257
    #19 0x7f9431db44c1 in gf_fs_thread_proc filter_core/filter_session.c:2420
    #20 0x7f9431db9582 in gf_fs_run filter_core/filter_session.c:2728
    #21 0x7f943187328a in gf_media_import media_tools/media_import.c:1639
    #22 0x56087f79d411 in import_file /run/media/user/8ed8205b-4114-4c2a-b2d0-e2ad6640262d/gpac/runtime/gpac_asan/applications/mp4box/fileimport.c:1733
    #23 0x56087f759fc9 in do_add_cat /run/media/user/8ed8205b-4114-4c2a-b2d0-e2ad6640262d/gpac/runtime/gpac_asan/applications/mp4box/mp4box.c:4633
    #24 0x56087f75c3f7 in mp4box_main /run/media/user/8ed8205b-4114-4c2a-b2d0-e2ad6640262d/gpac/runtime/gpac_asan/applications/mp4box/mp4box.c:6377
    #25 0x7f9430c33f76 in __libc_start_call_main ../sysdeps/nptl/libc_start_call_main.h:58
    #26 0x7f9430c34026 in __libc_start_main_impl ../csu/libc-start.c:360
    #27 0x56087f73c080 in _start (/run/media/user/8ed8205b-4114-4c2a-b2d0-e2ad6640262d/gpac/runtime/gpac_asan/bin/gcc/MP4Box+0x4d080) (BuildId: 1651312aefdad6adf454cb6d555ab16d3e0fe1b8)

Indirect leak of 224 byte(s) in 1 object(s) allocated from:
    #0 0x7f9432f2435f in malloc ../../../../src/libsanitizer/asan/asan_malloc_linux.cpp:67
    #1 0x7f9431a33639 in new_mesh compositor/mesh.c:107
    #2 0x7f9431bc7560 in drawable_3d_new compositor/visual_manager_3d.c:43
    #3 0x7f9431b2bf5b in compositor_init_non_linear_deformer compositor/mpeg4_geometry_3d.c:668
    #4 0x7f9431c5c51a in gf_scene_on_node_init compositor/scene_node_init.c:286
    #5 0x7f9431c5c51a in gf_scene_on_node_init compositor/scene_node_init.c:206
    #6 0x7f9431c5c51a in gf_scene_node_callback compositor/scene_node_init.c:360
    #7 0x7f94319c6a44 in xmt_parse_element scene_manager/loader_xmt.c:2180
    #8 0x7f94319cbae3 in xmt_node_start scene_manager/loader_xmt.c:2980
    #9 0x7f943119730c in xml_sax_node_start utils/xml_parser.c:308
    #10 0x7f943119ba4c in xml_sax_parse_attribute utils/xml_parser.c:397
    #11 0x7f943119ba4c in xml_sax_parse utils/xml_parser.c:940
    #12 0x7f9431197d60 in gf_xml_sax_parse_intern utils/xml_parser.c:1110
    #13 0x7f943119cda7 in gf_xml_sax_parse utils/xml_parser.c:1138
    #14 0x7f943119d103 in xml_sax_read_file utils/xml_parser.c:1225
    #15 0x7f943119dbb8 in gf_xml_sax_parse_file utils/xml_parser.c:1338
    #16 0x7f94319baa39 in load_xmt_run scene_manager/loader_xmt.c:3700
    #17 0x7f9432067443 in ctxload_process filters/load_bt_xmt.c:544
    #18 0x7f9431de0093 in gf_filter_process_task filter_core/filter.c:3257
    #19 0x7f9431db44c1 in gf_fs_thread_proc filter_core/filter_session.c:2420
    #20 0x7f9431db9582 in gf_fs_run filter_core/filter_session.c:2728
    #21 0x7f943187328a in gf_media_import media_tools/media_import.c:1639
    #22 0x56087f79d411 in import_file /run/media/user/8ed8205b-4114-4c2a-b2d0-e2ad6640262d/gpac/runtime/gpac_asan/applications/mp4box/fileimport.c:1733
    #23 0x56087f759fc9 in do_add_cat /run/media/user/8ed8205b-4114-4c2a-b2d0-e2ad6640262d/gpac/runtime/gpac_asan/applications/mp4box/mp4box.c:4633
    #24 0x56087f75c3f7 in mp4box_main /run/media/user/8ed8205b-4114-4c2a-b2d0-e2ad6640262d/gpac/runtime/gpac_asan/applications/mp4box/mp4box.c:6377
    #25 0x7f9430c33f76 in __libc_start_call_main ../sysdeps/nptl/libc_start_call_main.h:58
    #26 0x7f9430c34026 in __libc_start_main_impl ../csu/libc-start.c:360
    #27 0x56087f73c080 in _start (/run/media/user/8ed8205b-4114-4c2a-b2d0-e2ad6640262d/gpac/runtime/gpac_asan/bin/gcc/MP4Box+0x4d080) (BuildId: 1651312aefdad6adf454cb6d555ab16d3e0fe1b8)

Indirect leak of 224 byte(s) in 2 object(s) allocated from:
    #0 0x7f9432f2435f in malloc ../../../../src/libsanitizer/asan/asan_malloc_linux.cpp:67
    #1 0x7f94312e1869 in AudioSource_Create scenegraph/mpeg4_nodes.c:1454
    #2 0x7f94312e1869 in gf_sg_mpeg4_node_new scenegraph/mpeg4_nodes.c:36724
    #3 0x7f943126aa22 in gf_node_new scenegraph/base_scenegraph.c:2112
    #4 0x7f94319c6560 in xmt_parse_element scene_manager/loader_xmt.c:2036
    #5 0x7f94319cbae3 in xmt_node_start scene_manager/loader_xmt.c:2980
    #6 0x7f943119730c in xml_sax_node_start utils/xml_parser.c:308
    #7 0x7f943119ba4c in xml_sax_parse_attribute utils/xml_parser.c:397
    #8 0x7f943119ba4c in xml_sax_parse utils/xml_parser.c:940
    #9 0x7f9431197d60 in gf_xml_sax_parse_intern utils/xml_parser.c:1110
    #10 0x7f943119cda7 in gf_xml_sax_parse utils/xml_parser.c:1138
    #11 0x7f943119d103 in xml_sax_read_file utils/xml_parser.c:1225
    #12 0x7f943119dbb8 in gf_xml_sax_parse_file utils/xml_parser.c:1338
    #13 0x7f94319baa39 in load_xmt_run scene_manager/loader_xmt.c:3700
    #14 0x7f9432067443 in ctxload_process filters/load_bt_xmt.c:544
    #15 0x7f9431de0093 in gf_filter_process_task filter_core/filter.c:3257
    #16 0x7f9431db44c1 in gf_fs_thread_proc filter_core/filter_session.c:2420
    #17 0x7f9431db9582 in gf_fs_run filter_core/filter_session.c:2728
    #18 0x7f943187328a in gf_media_import media_tools/media_import.c:1639
    #19 0x56087f79d411 in import_file /run/media/user/8ed8205b-4114-4c2a-b2d0-e2ad6640262d/gpac/runtime/gpac_asan/applications/mp4box/fileimport.c:1733
    #20 0x56087f759fc9 in do_add_cat /run/media/user/8ed8205b-4114-4c2a-b2d0-e2ad6640262d/gpac/runtime/gpac_asan/applications/mp4box/mp4box.c:4633
    #21 0x56087f75c3f7 in mp4box_main /run/media/user/8ed8205b-4114-4c2a-b2d0-e2ad6640262d/gpac/runtime/gpac_asan/applications/mp4box/mp4box.c:6377
    #22 0x7f9430c33f76 in __libc_start_call_main ../sysdeps/nptl/libc_start_call_main.h:58
    #23 0x7f9430c34026 in __libc_start_main_impl ../csu/libc-start.c:360
    #24 0x56087f73c080 in _start (/run/media/user/8ed8205b-4114-4c2a-b2d0-e2ad6640262d/gpac/runtime/gpac_asan/bin/gcc/MP4Box+0x4d080) (BuildId: 1651312aefdad6adf454cb6d555ab16d3e0fe1b8)

Indirect leak of 224 byte(s) in 1 object(s) allocated from:
    #0 0x7f9432f2435f in malloc ../../../../src/libsanitizer/asan/asan_malloc_linux.cpp:67
    #1 0x7f9431a33639 in new_mesh compositor/mesh.c:107
    #2 0x7f9431bc7560 in drawable_3d_new compositor/visual_manager_3d.c:43
    #3 0x7f9431b2bd3b in compositor_init_ifs compositor/mpeg4_geometry_3d.c:284
    #4 0x7f9431c5c51a in gf_scene_on_node_init compositor/scene_node_init.c:286
    #5 0x7f9431c5c51a in gf_scene_on_node_init compositor/scene_node_init.c:206
    #6 0x7f9431c5c51a in gf_scene_node_callback compositor/scene_node_init.c:360
    #7 0x7f94319c6a44 in xmt_parse_element scene_manager/loader_xmt.c:2180
    #8 0x7f94319cbae3 in xmt_node_start scene_manager/loader_xmt.c:2980
    #9 0x7f943119730c in xml_sax_node_start utils/xml_parser.c:308
    #10 0x7f943119c087 in xml_sax_parse_attribute utils/xml_parser.c:357
    #11 0x7f943119c087 in xml_sax_parse utils/xml_parser.c:940
    #12 0x7f943119796e in gf_xml_sax_parse_intern utils/xml_parser.c:1084
    #13 0x7f943119cda7 in gf_xml_sax_parse utils/xml_parser.c:1138
    #14 0x7f943119d103 in xml_sax_read_file utils/xml_parser.c:1225
    #15 0x7f943119dbb8 in gf_xml_sax_parse_file utils/xml_parser.c:1338
    #16 0x7f94319baa39 in load_xmt_run scene_manager/loader_xmt.c:3700
    #17 0x7f9432067443 in ctxload_process filters/load_bt_xmt.c:544
    #18 0x7f9431de0093 in gf_filter_process_task filter_core/filter.c:3257
    #19 0x7f9431db44c1 in gf_fs_thread_proc filter_core/filter_session.c:2420
    #20 0x7f9431db9582 in gf_fs_run filter_core/filter_session.c:2728
    #21 0x7f943187328a in gf_media_import media_tools/media_import.c:1639
    #22 0x56087f79d411 in import_file /run/media/user/8ed8205b-4114-4c2a-b2d0-e2ad6640262d/gpac/runtime/gpac_asan/applications/mp4box/fileimport.c:1733
    #23 0x56087f759fc9 in do_add_cat /run/media/user/8ed8205b-4114-4c2a-b2d0-e2ad6640262d/gpac/runtime/gpac_asan/applications/mp4box/mp4box.c:4633
    #24 0x56087f75c3f7 in mp4box_main /run/media/user/8ed8205b-4114-4c2a-b2d0-e2ad6640262d/gpac/runtime/gpac_asan/applications/mp4box/mp4box.c:6377
    #25 0x7f9430c33f76 in __libc_start_call_main ../sysdeps/nptl/libc_start_call_main.h:58
    #26 0x7f9430c34026 in __libc_start_main_impl ../csu/libc-start.c:360
    #27 0x56087f73c080 in _start (/run/media/user/8ed8205b-4114-4c2a-b2d0-e2ad6640262d/gpac/runtime/gpac_asan/bin/gcc/MP4Box+0x4d080) (BuildId: 1651312aefdad6adf454cb6d555ab16d3e0fe1b8)

Indirect leak of 224 byte(s) in 1 object(s) allocated from:
    #0 0x7f9432f2435f in malloc ../../../../src/libsanitizer/asan/asan_malloc_linux.cpp:67
    #1 0x7f9431b6a599 in compositor_init_movietexture compositor/mpeg4_textures.c:177
    #2 0x7f9431c5c51a in gf_scene_on_node_init compositor/scene_node_init.c:286
    #3 0x7f9431c5c51a in gf_scene_on_node_init compositor/scene_node_init.c:206
    #4 0x7f9431c5c51a in gf_scene_node_callback compositor/scene_node_init.c:360
    #5 0x7f94319c6a44 in xmt_parse_element scene_manager/loader_xmt.c:2180
    #6 0x7f94319cbae3 in xmt_node_start scene_manager/loader_xmt.c:2980
    #7 0x7f943119730c in xml_sax_node_start utils/xml_parser.c:308
    #8 0x7f943119c087 in xml_sax_parse_attribute utils/xml_parser.c:357
    #9 0x7f943119c087 in xml_sax_parse utils/xml_parser.c:940
    #10 0x7f9431197d60 in gf_xml_sax_parse_intern utils/xml_parser.c:1110
    #11 0x7f943119cda7 in gf_xml_sax_parse utils/xml_parser.c:1138
    #12 0x7f943119d103 in xml_sax_read_file utils/xml_parser.c:1225
    #13 0x7f943119dbb8 in gf_xml_sax_parse_file utils/xml_parser.c:1338
    #14 0x7f94319baa39 in load_xmt_run scene_manager/loader_xmt.c:3700
    #15 0x7f9432067443 in ctxload_process filters/load_bt_xmt.c:544
    #16 0x7f9431de0093 in gf_filter_process_task filter_core/filter.c:3257
    #17 0x7f9431db44c1 in gf_fs_thread_proc filter_core/filter_session.c:2420
    #18 0x7f9431db9582 in gf_fs_run filter_core/filter_session.c:2728
    #19 0x7f943187328a in gf_media_import media_tools/media_import.c:1639
    #20 0x56087f79d411 in import_file /run/media/user/8ed8205b-4114-4c2a-b2d0-e2ad6640262d/gpac/runtime/gpac_asan/applications/mp4box/fileimport.c:1733
    #21 0x56087f759fc9 in do_add_cat /run/media/user/8ed8205b-4114-4c2a-b2d0-e2ad6640262d/gpac/runtime/gpac_asan/applications/mp4box/mp4box.c:4633
    #22 0x56087f75c3f7 in mp4box_main /run/media/user/8ed8205b-4114-4c2a-b2d0-e2ad6640262d/gpac/runtime/gpac_asan/applications/mp4box/mp4box.c:6377
    #23 0x7f9430c33f76 in __libc_start_call_main ../sysdeps/nptl/libc_start_call_main.h:58
    #24 0x7f9430c34026 in __libc_start_main_impl ../csu/libc-start.c:360
    #25 0x56087f73c080 in _start (/run/media/user/8ed8205b-4114-4c2a-b2d0-e2ad6640262d/gpac/runtime/gpac_asan/bin/gcc/MP4Box+0x4d080) (BuildId: 1651312aefdad6adf454cb6d555ab16d3e0fe1b8)

Indirect leak of 216 byte(s) in 9 object(s) allocated from:
    #0 0x7f9432f2435f in malloc ../../../../src/libsanitizer/asan/asan_malloc_linux.cpp:67
    #1 0x7f94312dffd3 in Shape_Create scenegraph/mpeg4_nodes.c:12956
    #2 0x7f94312dffd3 in gf_sg_mpeg4_node_new scenegraph/mpeg4_nodes.c:36868
    #3 0x7f943126aa22 in gf_node_new scenegraph/base_scenegraph.c:2112
    #4 0x7f94319c6560 in xmt_parse_element scene_manager/loader_xmt.c:2036
    #5 0x7f94319cbae3 in xmt_node_start scene_manager/loader_xmt.c:2980
    #6 0x7f943119730c in xml_sax_node_start utils/xml_parser.c:308
    #7 0x7f943119ba4c in xml_sax_parse_attribute utils/xml_parser.c:397
    #8 0x7f943119ba4c in xml_sax_parse utils/xml_parser.c:940
    #9 0x7f943119796e in gf_xml_sax_parse_intern utils/xml_parser.c:1084
    #10 0x7f943119cda7 in gf_xml_sax_parse utils/xml_parser.c:1138
    #11 0x7f943119d103 in xml_sax_read_file utils/xml_parser.c:1225
    #12 0x7f943119dbb8 in gf_xml_sax_parse_file utils/xml_parser.c:1338
    #13 0x7f94319baa39 in load_xmt_run scene_manager/loader_xmt.c:3700
    #14 0x7f9432067443 in ctxload_process filters/load_bt_xmt.c:544
    #15 0x7f9431de0093 in gf_filter_process_task filter_core/filter.c:3257
    #16 0x7f9431db44c1 in gf_fs_thread_proc filter_core/filter_session.c:2420
    #17 0x7f9431db9582 in gf_fs_run filter_core/filter_session.c:2728
    #18 0x7f943187328a in gf_media_import media_tools/media_import.c:1639
    #19 0x56087f79d411 in import_file /run/media/user/8ed8205b-4114-4c2a-b2d0-e2ad6640262d/gpac/runtime/gpac_asan/applications/mp4box/fileimport.c:1733
    #20 0x56087f759fc9 in do_add_cat /run/media/user/8ed8205b-4114-4c2a-b2d0-e2ad6640262d/gpac/runtime/gpac_asan/applications/mp4box/mp4box.c:4633
    #21 0x56087f75c3f7 in mp4box_main /run/media/user/8ed8205b-4114-4c2a-b2d0-e2ad6640262d/gpac/runtime/gpac_asan/applications/mp4box/mp4box.c:6377
    #22 0x7f9430c33f76 in __libc_start_call_main ../sysdeps/nptl/libc_start_call_main.h:58
    #23 0x7f9430c34026 in __libc_start_main_impl ../csu/libc-start.c:360
    #24 0x56087f73c080 in _start (/run/media/user/8ed8205b-4114-4c2a-b2d0-e2ad6640262d/gpac/runtime/gpac_asan/bin/gcc/MP4Box+0x4d080) (BuildId: 1651312aefdad6adf454cb6d555ab16d3e0fe1b8)

Indirect leak of 208 byte(s) in 2 object(s) allocated from:
    #0 0x7f9432f2435f in malloc ../../../../src/libsanitizer/asan/asan_malloc_linux.cpp:67
    #1 0x7f94312e29f4 in Form_Create scenegraph/mpeg4_nodes.c:7464
    #2 0x7f94312e29f4 in gf_sg_mpeg4_node_new scenegraph/mpeg4_nodes.c:36796
    #3 0x7f943126aa22 in gf_node_new scenegraph/base_scenegraph.c:2112
    #4 0x7f94319c6560 in xmt_parse_element scene_manager/loader_xmt.c:2036
    #5 0x7f94319cbae3 in xmt_node_start scene_manager/loader_xmt.c:2980
    #6 0x7f943119730c in xml_sax_node_start utils/xml_parser.c:308
    #7 0x7f943119c087 in xml_sax_parse_attribute utils/xml_parser.c:357
    #8 0x7f943119c087 in xml_sax_parse utils/xml_parser.c:940
    #9 0x7f943119796e in gf_xml_sax_parse_intern utils/xml_parser.c:1084
    #10 0x7f943119cda7 in gf_xml_sax_parse utils/xml_parser.c:1138
    #11 0x7f943119d103 in xml_sax_read_file utils/xml_parser.c:1225
    #12 0x7f943119dbb8 in gf_xml_sax_parse_file utils/xml_parser.c:1338
    #13 0x7f94319baa39 in load_xmt_run scene_manager/loader_xmt.c:3700
    #14 0x7f9432067443 in ctxload_process filters/load_bt_xmt.c:544
    #15 0x7f9431de0093 in gf_filter_process_task filter_core/filter.c:3257
    #16 0x7f9431db44c1 in gf_fs_thread_proc filter_core/filter_session.c:2420
    #17 0x7f9431db9582 in gf_fs_run filter_core/filter_session.c:2728
    #18 0x7f943187328a in gf_media_import media_tools/media_import.c:1639
    #19 0x56087f79d411 in import_file /run/media/user/8ed8205b-4114-4c2a-b2d0-e2ad6640262d/gpac/runtime/gpac_asan/applications/mp4box/fileimport.c:1733
    #20 0x56087f759fc9 in do_add_cat /run/media/user/8ed8205b-4114-4c2a-b2d0-e2ad6640262d/gpac/runtime/gpac_asan/applications/mp4box/mp4box.c:4633
    #21 0x56087f75c3f7 in mp4box_main /run/media/user/8ed8205b-4114-4c2a-b2d0-e2ad6640262d/gpac/runtime/gpac_asan/applications/mp4box/mp4box.c:6377
    #22 0x7f9430c33f76 in __libc_start_call_main ../sysdeps/nptl/libc_start_call_main.h:58
    #23 0x7f9430c34026 in __libc_start_main_impl ../csu/libc-start.c:360
    #24 0x56087f73c080 in _start (/run/media/user/8ed8205b-4114-4c2a-b2d0-e2ad6640262d/gpac/runtime/gpac_asan/bin/gcc/MP4Box+0x4d080) (BuildId: 1651312aefdad6adf454cb6d555ab16d3e0fe1b8)

Indirect leak of 200 byte(s) in 1 object(s) allocated from:
    #0 0x7f9432f2435f in malloc ../../../../src/libsanitizer/asan/asan_malloc_linux.cpp:67
    #1 0x7f94312c9c9a in Extrusion_Create scenegraph/mpeg4_nodes.c:5097
    #2 0x7f943126aa22 in gf_node_new scenegraph/base_scenegraph.c:2112
    #3 0x7f94319c6560 in xmt_parse_element scene_manager/loader_xmt.c:2036
    #4 0x7f94319cbae3 in xmt_node_start scene_manager/loader_xmt.c:2980
    #5 0x7f943119730c in xml_sax_node_start utils/xml_parser.c:308
    #6 0x7f943119c087 in xml_sax_parse_attribute utils/xml_parser.c:357
    #7 0x7f943119c087 in xml_sax_parse utils/xml_parser.c:940
    #8 0x7f9431197d60 in gf_xml_sax_parse_intern utils/xml_parser.c:1110
    #9 0x7f943119cda7 in gf_xml_sax_parse utils/xml_parser.c:1138
    #10 0x7f943119d103 in xml_sax_read_file utils/xml_parser.c:1225
    #11 0x7f943119dbb8 in gf_xml_sax_parse_file utils/xml_parser.c:1338
    #12 0x7f94319baa39 in load_xmt_run scene_manager/loader_xmt.c:3700
    #13 0x7f9432067443 in ctxload_process filters/load_bt_xmt.c:544
    #14 0x7f9431de0093 in gf_filter_process_task filter_core/filter.c:3257
    #15 0x7f9431db44c1 in gf_fs_thread_proc filter_core/filter_session.c:2420
    #16 0x7f9431db9582 in gf_fs_run filter_core/filter_session.c:2728
    #17 0x7f943187328a in gf_media_import media_tools/media_import.c:1639
    #18 0x56087f79d411 in import_file /run/media/user/8ed8205b-4114-4c2a-b2d0-e2ad6640262d/gpac/runtime/gpac_asan/applications/mp4box/fileimport.c:1733
    #19 0x56087f759fc9 in do_add_cat /run/media/user/8ed8205b-4114-4c2a-b2d0-e2ad6640262d/gpac/runtime/gpac_asan/applications/mp4box/mp4box.c:4633
    #20 0x56087f75c3f7 in mp4box_main /run/media/user/8ed8205b-4114-4c2a-b2d0-e2ad6640262d/gpac/runtime/gpac_asan/applications/mp4box/mp4box.c:6377
    #21 0x7f9430c33f76 in __libc_start_call_main ../sysdeps/nptl/libc_start_call_main.h:58
    #22 0x7f9430c34026 in __libc_start_main_impl ../csu/libc-start.c:360
    #23 0x56087f73c080 in _start (/run/media/user/8ed8205b-4114-4c2a-b2d0-e2ad6640262d/gpac/runtime/gpac_asan/bin/gcc/MP4Box+0x4d080) (BuildId: 1651312aefdad6adf454cb6d555ab16d3e0fe1b8)

Indirect leak of 192 byte(s) in 12 object(s) allocated from:
    #0 0x7f9432f2435f in malloc ../../../../src/libsanitizer/asan/asan_malloc_linux.cpp:67
    #1 0x7f9431160b1d in gf_list_new utils/list.c:612
    #2 0x7f94319cc45d in xmt_node_stack_push scene_manager/loader_xmt.c:1555
    #3 0x7f94319cc45d in xmt_node_start scene_manager/loader_xmt.c:2987
    #4 0x7f943119730c in xml_sax_node_start utils/xml_parser.c:308
    #5 0x7f943119c087 in xml_sax_parse_attribute utils/xml_parser.c:357
    #6 0x7f943119c087 in xml_sax_parse utils/xml_parser.c:940
    #7 0x7f943119796e in gf_xml_sax_parse_intern utils/xml_parser.c:1084
    #8 0x7f943119cda7 in gf_xml_sax_parse utils/xml_parser.c:1138
    #9 0x7f943119d103 in xml_sax_read_file utils/xml_parser.c:1225
    #10 0x7f943119dbb8 in gf_xml_sax_parse_file utils/xml_parser.c:1338
    #11 0x7f94319baa39 in load_xmt_run scene_manager/loader_xmt.c:3700
    #12 0x7f9432067443 in ctxload_process filters/load_bt_xmt.c:544
    #13 0x7f9431de0093 in gf_filter_process_task filter_core/filter.c:3257
    #14 0x7f9431db44c1 in gf_fs_thread_proc filter_core/filter_session.c:2420
    #15 0x7f9431db9582 in gf_fs_run filter_core/filter_session.c:2728
    #16 0x7f943187328a in gf_media_import media_tools/media_import.c:1639
    #17 0x56087f79d411 in import_file /run/media/user/8ed8205b-4114-4c2a-b2d0-e2ad6640262d/gpac/runtime/gpac_asan/applications/mp4box/fileimport.c:1733
    #18 0x56087f759fc9 in do_add_cat /run/media/user/8ed8205b-4114-4c2a-b2d0-e2ad6640262d/gpac/runtime/gpac_asan/applications/mp4box/mp4box.c:4633
    #19 0x56087f75c3f7 in mp4box_main /run/media/user/8ed8205b-4114-4c2a-b2d0-e2ad6640262d/gpac/runtime/gpac_asan/applications/mp4box/mp4box.c:6377
    #20 0x7f9430c33f76 in __libc_start_call_main ../sysdeps/nptl/libc_start_call_main.h:58
    #21 0x7f9430c34026 in __libc_start_main_impl ../csu/libc-start.c:360
    #22 0x56087f73c080 in _start (/run/media/user/8ed8205b-4114-4c2a-b2d0-e2ad6640262d/gpac/runtime/gpac_asan/bin/gcc/MP4Box+0x4d080) (BuildId: 1651312aefdad6adf454cb6d555ab16d3e0fe1b8)

Indirect leak of 192 byte(s) in 2 object(s) allocated from:
    #0 0x7f9432f2435f in malloc ../../../../src/libsanitizer/asan/asan_malloc_linux.cpp:67
    #1 0x7f94312d9f7a in PathLayout_Create scenegraph/mpeg4_nodes.c:31140
    #2 0x7f943126aa22 in gf_node_new scenegraph/base_scenegraph.c:2112
    #3 0x7f94319c6560 in xmt_parse_element scene_manager/loader_xmt.c:2036
    #4 0x7f94319cbae3 in xmt_node_start scene_manager/loader_xmt.c:2980
    #5 0x7f943119730c in xml_sax_node_start utils/xml_parser.c:308
    #6 0x7f943119c087 in xml_sax_parse_attribute utils/xml_parser.c:357
    #7 0x7f943119c087 in xml_sax_parse utils/xml_parser.c:940
    #8 0x7f943119796e in gf_xml_sax_parse_intern utils/xml_parser.c:1084
    #9 0x7f943119cda7 in gf_xml_sax_parse utils/xml_parser.c:1138
    #10 0x7f943119d103 in xml_sax_read_file utils/xml_parser.c:1225
    #11 0x7f943119dbb8 in gf_xml_sax_parse_file utils/xml_parser.c:1338
    #12 0x7f94319baa39 in load_xmt_run scene_manager/loader_xmt.c:3700
    #13 0x7f9432067443 in ctxload_process filters/load_bt_xmt.c:544
    #14 0x7f9431de0093 in gf_filter_process_task filter_core/filter.c:3257
    #15 0x7f9431db44c1 in gf_fs_thread_proc filter_core/filter_session.c:2420
    #16 0x7f9431db9582 in gf_fs_run filter_core/filter_session.c:2728
    #17 0x7f943187328a in gf_media_import media_tools/media_import.c:1639
    #18 0x56087f79d411 in import_file /run/media/user/8ed8205b-4114-4c2a-b2d0-e2ad6640262d/gpac/runtime/gpac_asan/applications/mp4box/fileimport.c:1733
    #19 0x56087f759fc9 in do_add_cat /run/media/user/8ed8205b-4114-4c2a-b2d0-e2ad6640262d/gpac/runtime/gpac_asan/applications/mp4box/mp4box.c:4633
    #20 0x56087f75c3f7 in mp4box_main /run/media/user/8ed8205b-4114-4c2a-b2d0-e2ad6640262d/gpac/runtime/gpac_asan/applications/mp4box/mp4box.c:6377
    #21 0x7f9430c33f76 in __libc_start_call_main ../sysdeps/nptl/libc_start_call_main.h:58
    #22 0x7f9430c34026 in __libc_start_main_impl ../csu/libc-start.c:360
    #23 0x56087f73c080 in _start (/run/media/user/8ed8205b-4114-4c2a-b2d0-e2ad6640262d/gpac/runtime/gpac_asan/bin/gcc/MP4Box+0x4d080) (BuildId: 1651312aefdad6adf454cb6d555ab16d3e0fe1b8)

Indirect leak of 192 byte(s) in 12 object(s) allocated from:
    #0 0x7f9432f2435f in malloc ../../../../src/libsanitizer/asan/asan_malloc_linux.cpp:67
    #1 0x7f9431264c93 in gf_node_register scenegraph/base_scenegraph.c:840
    #2 0x7f94319c7571 in xmt_parse_element scene_manager/loader_xmt.c:2170
    #3 0x7f94319cbae3 in xmt_node_start scene_manager/loader_xmt.c:2980
    #4 0x7f943119730c in xml_sax_node_start utils/xml_parser.c:308
    #5 0x7f943119ba4c in xml_sax_parse_attribute utils/xml_parser.c:397
    #6 0x7f943119ba4c in xml_sax_parse utils/xml_parser.c:940
    #7 0x7f943119796e in gf_xml_sax_parse_intern utils/xml_parser.c:1084
    #8 0x7f943119cda7 in gf_xml_sax_parse utils/xml_parser.c:1138
    #9 0x7f943119d103 in xml_sax_read_file utils/xml_parser.c:1225
    #10 0x7f943119dbb8 in gf_xml_sax_parse_file utils/xml_parser.c:1338
    #11 0x7f94319baa39 in load_xmt_run scene_manager/loader_xmt.c:3700
    #12 0x7f9432067443 in ctxload_process filters/load_bt_xmt.c:544
    #13 0x7f9431de0093 in gf_filter_process_task filter_core/filter.c:3257
    #14 0x7f9431db44c1 in gf_fs_thread_proc filter_core/filter_session.c:2420
    #15 0x7f9431db9582 in gf_fs_run filter_core/filter_session.c:2728
    #16 0x7f943187328a in gf_media_import media_tools/media_import.c:1639
    #17 0x56087f79d411 in import_file /run/media/user/8ed8205b-4114-4c2a-b2d0-e2ad6640262d/gpac/runtime/gpac_asan/applications/mp4box/fileimport.c:1733
    #18 0x56087f759fc9 in do_add_cat /run/media/user/8ed8205b-4114-4c2a-b2d0-e2ad6640262d/gpac/runtime/gpac_asan/applications/mp4box/mp4box.c:4633
    #19 0x56087f75c3f7 in mp4box_main /run/media/user/8ed8205b-4114-4c2a-b2d0-e2ad6640262d/gpac/runtime/gpac_asan/applications/mp4box/mp4box.c:6377
    #20 0x7f9430c33f76 in __libc_start_call_main ../sysdeps/nptl/libc_start_call_main.h:58
    #21 0x7f9430c34026 in __libc_start_main_impl ../csu/libc-start.c:360
    #22 0x56087f73c080 in _start (/run/media/user/8ed8205b-4114-4c2a-b2d0-e2ad6640262d/gpac/runtime/gpac_asan/bin/gcc/MP4Box+0x4d080) (BuildId: 1651312aefdad6adf454cb6d555ab16d3e0fe1b8)

Indirect leak of 192 byte(s) in 12 object(s) allocated from:
    #0 0x7f9432f2435f in malloc ../../../../src/libsanitizer/asan/asan_malloc_linux.cpp:67
    #1 0x7f9431266a02 in gf_node_list_add_child_last scenegraph/base_scenegraph.c:1562
    #2 0x7f94319c754d in xmt_parse_element scene_manager/loader_xmt.c:2169
    #3 0x7f94319cbae3 in xmt_node_start scene_manager/loader_xmt.c:2980
    #4 0x7f943119730c in xml_sax_node_start utils/xml_parser.c:308
    #5 0x7f943119ba4c in xml_sax_parse_attribute utils/xml_parser.c:397
    #6 0x7f943119ba4c in xml_sax_parse utils/xml_parser.c:940
    #7 0x7f943119796e in gf_xml_sax_parse_intern utils/xml_parser.c:1084
    #8 0x7f943119cda7 in gf_xml_sax_parse utils/xml_parser.c:1138
    #9 0x7f943119d103 in xml_sax_read_file utils/xml_parser.c:1225
    #10 0x7f943119dbb8 in gf_xml_sax_parse_file utils/xml_parser.c:1338
    #11 0x7f94319baa39 in load_xmt_run scene_manager/loader_xmt.c:3700
    #12 0x7f9432067443 in ctxload_process filters/load_bt_xmt.c:544
    #13 0x7f9431de0093 in gf_filter_process_task filter_core/filter.c:3257
    #14 0x7f9431db44c1 in gf_fs_thread_proc filter_core/filter_session.c:2420
    #15 0x7f9431db9582 in gf_fs_run filter_core/filter_session.c:2728
    #16 0x7f943187328a in gf_media_import media_tools/media_import.c:1639
    #17 0x56087f79d411 in import_file /run/media/user/8ed8205b-4114-4c2a-b2d0-e2ad6640262d/gpac/runtime/gpac_asan/applications/mp4box/fileimport.c:1733
    #18 0x56087f759fc9 in do_add_cat /run/media/user/8ed8205b-4114-4c2a-b2d0-e2ad6640262d/gpac/runtime/gpac_asan/applications/mp4box/mp4box.c:4633
    #19 0x56087f75c3f7 in mp4box_main /run/media/user/8ed8205b-4114-4c2a-b2d0-e2ad6640262d/gpac/runtime/gpac_asan/applications/mp4box/mp4box.c:6377
    #20 0x7f9430c33f76 in __libc_start_call_main ../sysdeps/nptl/libc_start_call_main.h:58
    #21 0x7f9430c34026 in __libc_start_main_impl ../csu/libc-start.c:360
    #22 0x56087f73c080 in _start (/run/media/user/8ed8205b-4114-4c2a-b2d0-e2ad6640262d/gpac/runtime/gpac_asan/bin/gcc/MP4Box+0x4d080) (BuildId: 1651312aefdad6adf454cb6d555ab16d3e0fe1b8)

Indirect leak of 192 byte(s) in 4 object(s) allocated from:
    #0 0x7f9432f2435f in malloc ../../../../src/libsanitizer/asan/asan_malloc_linux.cpp:67
    #1 0x7f9431ad9240 in drawable_init_ex compositor/drawable.c:141
    #2 0x7f9431b67986 in compositor_init_text compositor/mpeg4_text.c:725
    #3 0x7f9431c5c51a in gf_scene_on_node_init compositor/scene_node_init.c:286
    #4 0x7f9431c5c51a in gf_scene_on_node_init compositor/scene_node_init.c:206
    #5 0x7f9431c5c51a in gf_scene_node_callback compositor/scene_node_init.c:360
    #6 0x7f94319c6a44 in xmt_parse_element scene_manager/loader_xmt.c:2180
    #7 0x7f94319cbae3 in xmt_node_start scene_manager/loader_xmt.c:2980
    #8 0x7f943119730c in xml_sax_node_start utils/xml_parser.c:308
    #9 0x7f943119ba4c in xml_sax_parse_attribute utils/xml_parser.c:397
    #10 0x7f943119ba4c in xml_sax_parse utils/xml_parser.c:940
    #11 0x7f943119796e in gf_xml_sax_parse_intern utils/xml_parser.c:1084
    #12 0x7f943119cda7 in gf_xml_sax_parse utils/xml_parser.c:1138
    #13 0x7f943119d103 in xml_sax_read_file utils/xml_parser.c:1225
    #14 0x7f943119dbb8 in gf_xml_sax_parse_file utils/xml_parser.c:1338
    #15 0x7f94319baa39 in load_xmt_run scene_manager/loader_xmt.c:3700
    #16 0x7f9432067443 in ctxload_process filters/load_bt_xmt.c:544
    #17 0x7f9431de0093 in gf_filter_process_task filter_core/filter.c:3257
    #18 0x7f9431db44c1 in gf_fs_thread_proc filter_core/filter_session.c:2420
    #19 0x7f9431db9582 in gf_fs_run filter_core/filter_session.c:2728
    #20 0x7f943187328a in gf_media_import media_tools/media_import.c:1639
    #21 0x56087f79d411 in import_file /run/media/user/8ed8205b-4114-4c2a-b2d0-e2ad6640262d/gpac/runtime/gpac_asan/applications/mp4box/fileimport.c:1733
    #22 0x56087f759fc9 in do_add_cat /run/media/user/8ed8205b-4114-4c2a-b2d0-e2ad6640262d/gpac/runtime/gpac_asan/applications/mp4box/mp4box.c:4633
    #23 0x56087f75c3f7 in mp4box_main /run/media/user/8ed8205b-4114-4c2a-b2d0-e2ad6640262d/gpac/runtime/gpac_asan/applications/mp4box/mp4box.c:6377
    #24 0x7f9430c33f76 in __libc_start_call_main ../sysdeps/nptl/libc_start_call_main.h:58
    #25 0x7f9430c34026 in __libc_start_main_impl ../csu/libc-start.c:360
    #26 0x56087f73c080 in _start (/run/media/user/8ed8205b-4114-4c2a-b2d0-e2ad6640262d/gpac/runtime/gpac_asan/bin/gcc/MP4Box+0x4d080) (BuildId: 1651312aefdad6adf454cb6d555ab16d3e0fe1b8)

Indirect leak of 184 byte(s) in 1 object(s) allocated from:
    #0 0x7f9432f2435f in malloc ../../../../src/libsanitizer/asan/asan_malloc_linux.cpp:67
    #1 0x7f9431b311b3 in compositor_init_linear_gradient compositor/mpeg4_gradients.c:340
    #2 0x7f9431c5c51a in gf_scene_on_node_init compositor/scene_node_init.c:286
    #3 0x7f9431c5c51a in gf_scene_on_node_init compositor/scene_node_init.c:206
    #4 0x7f9431c5c51a in gf_scene_node_callback compositor/scene_node_init.c:360
    #5 0x7f94319c6a44 in xmt_parse_element scene_manager/loader_xmt.c:2180
    #6 0x7f94319cbae3 in xmt_node_start scene_manager/loader_xmt.c:2980
    #7 0x7f943119730c in xml_sax_node_start utils/xml_parser.c:308
    #8 0x7f943119c087 in xml_sax_parse_attribute utils/xml_parser.c:357
    #9 0x7f943119c087 in xml_sax_parse utils/xml_parser.c:940
    #10 0x7f9431197d60 in gf_xml_sax_parse_intern utils/xml_parser.c:1110
    #11 0x7f943119cda7 in gf_xml_sax_parse utils/xml_parser.c:1138
    #12 0x7f943119d103 in xml_sax_read_file utils/xml_parser.c:1225
    #13 0x7f943119dbb8 in gf_xml_sax_parse_file utils/xml_parser.c:1338
    #14 0x7f94319baa39 in load_xmt_run scene_manager/loader_xmt.c:3700
    #15 0x7f9432067443 in ctxload_process filters/load_bt_xmt.c:544
    #16 0x7f9431de0093 in gf_filter_process_task filter_core/filter.c:3257
    #17 0x7f9431db44c1 in gf_fs_thread_proc filter_core/filter_session.c:2420
    #18 0x7f9431db9582 in gf_fs_run filter_core/filter_session.c:2728
    #19 0x7f943187328a in gf_media_import media_tools/media_import.c:1639
    #20 0x56087f79d411 in import_file /run/media/user/8ed8205b-4114-4c2a-b2d0-e2ad6640262d/gpac/runtime/gpac_asan/applications/mp4box/fileimport.c:1733
    #21 0x56087f759fc9 in do_add_cat /run/media/user/8ed8205b-4114-4c2a-b2d0-e2ad6640262d/gpac/runtime/gpac_asan/applications/mp4box/mp4box.c:4633
    #22 0x56087f75c3f7 in mp4box_main /run/media/user/8ed8205b-4114-4c2a-b2d0-e2ad6640262d/gpac/runtime/gpac_asan/applications/mp4box/mp4box.c:6377
    #23 0x7f9430c33f76 in __libc_start_call_main ../sysdeps/nptl/libc_start_call_main.h:58
    #24 0x7f9430c34026 in __libc_start_main_impl ../csu/libc-start.c:360
    #25 0x56087f73c080 in _start (/run/media/user/8ed8205b-4114-4c2a-b2d0-e2ad6640262d/gpac/runtime/gpac_asan/bin/gcc/MP4Box+0x4d080) (BuildId: 1651312aefdad6adf454cb6d555ab16d3e0fe1b8)

Indirect leak of 184 byte(s) in 1 object(s) allocated from:
    #0 0x7f9432f2435f in malloc ../../../../src/libsanitizer/asan/asan_malloc_linux.cpp:67
    #1 0x7f9431b6b0e3 in compositor_init_pixeltexture compositor/mpeg4_textures.c:576
    #2 0x7f9431c5c51a in gf_scene_on_node_init compositor/scene_node_init.c:286
    #3 0x7f9431c5c51a in gf_scene_on_node_init compositor/scene_node_init.c:206
    #4 0x7f9431c5c51a in gf_scene_node_callback compositor/scene_node_init.c:360
    #5 0x7f94319c6a44 in xmt_parse_element scene_manager/loader_xmt.c:2180
    #6 0x7f94319cbae3 in xmt_node_start scene_manager/loader_xmt.c:2980
    #7 0x7f943119730c in xml_sax_node_start utils/xml_parser.c:308
    #8 0x7f943119c087 in xml_sax_parse_attribute utils/xml_parser.c:357
    #9 0x7f943119c087 in xml_sax_parse utils/xml_parser.c:940
    #10 0x7f9431197d60 in gf_xml_sax_parse_intern utils/xml_parser.c:1110
    #11 0x7f943119cda7 in gf_xml_sax_parse utils/xml_parser.c:1138
    #12 0x7f943119d103 in xml_sax_read_file utils/xml_parser.c:1225
    #13 0x7f943119dbb8 in gf_xml_sax_parse_file utils/xml_parser.c:1338
    #14 0x7f94319baa39 in load_xmt_run scene_manager/loader_xmt.c:3700
    #15 0x7f9432067443 in ctxload_process filters/load_bt_xmt.c:544
    #16 0x7f9431de0093 in gf_filter_process_task filter_core/filter.c:3257
    #17 0x7f9431db44c1 in gf_fs_thread_proc filter_core/filter_session.c:2420
    #18 0x7f9431db9582 in gf_fs_run filter_core/filter_session.c:2728
    #19 0x7f943187328a in gf_media_import media_tools/media_import.c:1639
    #20 0x56087f79d411 in import_file /run/media/user/8ed8205b-4114-4c2a-b2d0-e2ad6640262d/gpac/runtime/gpac_asan/applications/mp4box/fileimport.c:1733
    #21 0x56087f759fc9 in do_add_cat /run/media/user/8ed8205b-4114-4c2a-b2d0-e2ad6640262d/gpac/runtime/gpac_asan/applications/mp4box/mp4box.c:4633
    #22 0x56087f75c3f7 in mp4box_main /run/media/user/8ed8205b-4114-4c2a-b2d0-e2ad6640262d/gpac/runtime/gpac_asan/applications/mp4box/mp4box.c:6377
    #23 0x7f9430c33f76 in __libc_start_call_main ../sysdeps/nptl/libc_start_call_main.h:58
    #24 0x7f9430c34026 in __libc_start_main_impl ../csu/libc-start.c:360
    #25 0x56087f73c080 in _start (/run/media/user/8ed8205b-4114-4c2a-b2d0-e2ad6640262d/gpac/runtime/gpac_asan/bin/gcc/MP4Box+0x4d080) (BuildId: 1651312aefdad6adf454cb6d555ab16d3e0fe1b8)

Indirect leak of 176 byte(s) in 1 object(s) allocated from:
    #0 0x7f9432f2435f in malloc ../../../../src/libsanitizer/asan/asan_malloc_linux.cpp:67
    #1 0x7f9431b6a9cd in compositor_init_imagetexture compositor/mpeg4_textures.c:414
    #2 0x7f9431c5c51a in gf_scene_on_node_init compositor/scene_node_init.c:286
    #3 0x7f9431c5c51a in gf_scene_on_node_init compositor/scene_node_init.c:206
    #4 0x7f9431c5c51a in gf_scene_node_callback compositor/scene_node_init.c:360
    #5 0x7f94319c6a44 in xmt_parse_element scene_manager/loader_xmt.c:2180
    #6 0x7f94319cbae3 in xmt_node_start scene_manager/loader_xmt.c:2980
    #7 0x7f943119730c in xml_sax_node_start utils/xml_parser.c:308
    #8 0x7f943119ae3f in xml_sax_parse utils/xml_parser.c:863
    #9 0x7f9431197d60 in gf_xml_sax_parse_intern utils/xml_parser.c:1110
    #10 0x7f943119cda7 in gf_xml_sax_parse utils/xml_parser.c:1138
    #11 0x7f943119d103 in xml_sax_read_file utils/xml_parser.c:1225
    #12 0x7f943119dbb8 in gf_xml_sax_parse_file utils/xml_parser.c:1338
    #13 0x7f94319baa39 in load_xmt_run scene_manager/loader_xmt.c:3700
    #14 0x7f9432067443 in ctxload_process filters/load_bt_xmt.c:544
    #15 0x7f9431de0093 in gf_filter_process_task filter_core/filter.c:3257
    #16 0x7f9431db44c1 in gf_fs_thread_proc filter_core/filter_session.c:2420
    #17 0x7f9431db9582 in gf_fs_run filter_core/filter_session.c:2728
    #18 0x7f943187328a in gf_media_import media_tools/media_import.c:1639
    #19 0x56087f79d411 in import_file /run/media/user/8ed8205b-4114-4c2a-b2d0-e2ad6640262d/gpac/runtime/gpac_asan/applications/mp4box/fileimport.c:1733
    #20 0x56087f759fc9 in do_add_cat /run/media/user/8ed8205b-4114-4c2a-b2d0-e2ad6640262d/gpac/runtime/gpac_asan/applications/mp4box/mp4box.c:4633
    #21 0x56087f75c3f7 in mp4box_main /run/media/user/8ed8205b-4114-4c2a-b2d0-e2ad6640262d/gpac/runtime/gpac_asan/applications/mp4box/mp4box.c:6377
    #22 0x7f9430c33f76 in __libc_start_call_main ../sysdeps/nptl/libc_start_call_main.h:58
    #23 0x7f9430c34026 in __libc_start_main_impl ../csu/libc-start.c:360
    #24 0x56087f73c080 in _start (/run/media/user/8ed8205b-4114-4c2a-b2d0-e2ad6640262d/gpac/runtime/gpac_asan/bin/gcc/MP4Box+0x4d080) (BuildId: 1651312aefdad6adf454cb6d555ab16d3e0fe1b8)

Indirect leak of 176 byte(s) in 1 object(s) allocated from:
    #0 0x7f9432f2435f in malloc ../../../../src/libsanitizer/asan/asan_malloc_linux.cpp:67
    #1 0x7f9431b6a9cd in compositor_init_imagetexture compositor/mpeg4_textures.c:414
    #2 0x7f9431c5c51a in gf_scene_on_node_init compositor/scene_node_init.c:286
    #3 0x7f9431c5c51a in gf_scene_on_node_init compositor/scene_node_init.c:206
    #4 0x7f9431c5c51a in gf_scene_node_callback compositor/scene_node_init.c:360
    #5 0x7f94319c6a44 in xmt_parse_element scene_manager/loader_xmt.c:2180
    #6 0x7f94319cbae3 in xmt_node_start scene_manager/loader_xmt.c:2980
    #7 0x7f943119730c in xml_sax_node_start utils/xml_parser.c:308
    #8 0x7f943119ae3f in xml_sax_parse utils/xml_parser.c:863
    #9 0x7f943119796e in gf_xml_sax_parse_intern utils/xml_parser.c:1084
    #10 0x7f943119cda7 in gf_xml_sax_parse utils/xml_parser.c:1138
    #11 0x7f943119d103 in xml_sax_read_file utils/xml_parser.c:1225
    #12 0x7f943119dbb8 in gf_xml_sax_parse_file utils/xml_parser.c:1338
    #13 0x7f94319baa39 in load_xmt_run scene_manager/loader_xmt.c:3700
    #14 0x7f9432067443 in ctxload_process filters/load_bt_xmt.c:544
    #15 0x7f9431de0093 in gf_filter_process_task filter_core/filter.c:3257
    #16 0x7f9431db44c1 in gf_fs_thread_proc filter_core/filter_session.c:2420
    #17 0x7f9431db9582 in gf_fs_run filter_core/filter_session.c:2728
    #18 0x7f943187328a in gf_media_import media_tools/media_import.c:1639
    #19 0x56087f79d411 in import_file /run/media/user/8ed8205b-4114-4c2a-b2d0-e2ad6640262d/gpac/runtime/gpac_asan/applications/mp4box/fileimport.c:1733
    #20 0x56087f759fc9 in do_add_cat /run/media/user/8ed8205b-4114-4c2a-b2d0-e2ad6640262d/gpac/runtime/gpac_asan/applications/mp4box/mp4box.c:4633
    #21 0x56087f75c3f7 in mp4box_main /run/media/user/8ed8205b-4114-4c2a-b2d0-e2ad6640262d/gpac/runtime/gpac_asan/applications/mp4box/mp4box.c:6377
    #22 0x7f9430c33f76 in __libc_start_call_main ../sysdeps/nptl/libc_start_call_main.h:58
    #23 0x7f9430c34026 in __libc_start_main_impl ../csu/libc-start.c:360
    #24 0x56087f73c080 in _start (/run/media/user/8ed8205b-4114-4c2a-b2d0-e2ad6640262d/gpac/runtime/gpac_asan/bin/gcc/MP4Box+0x4d080) (BuildId: 1651312aefdad6adf454cb6d555ab16d3e0fe1b8)

Indirect leak of 168 byte(s) in 8 object(s) allocated from:
    #0 0x7f9432f2365f in realloc ../../../../src/libsanitizer/asan/asan_malloc_linux.cpp:81
    #1 0x7f9431371ad4 in gf_sg_vrml_mf_insert scenegraph/vrml_tools.c:1100
    #2 0x7f94319bf2da in xmt_parse_mf_field scene_manager/loader_xmt.c:1101
    #3 0x7f94319c764d in xmt_parse_element scene_manager/loader_xmt.c:2123
    #4 0x7f94319cbae3 in xmt_node_start scene_manager/loader_xmt.c:2980
    #5 0x7f943119730c in xml_sax_node_start utils/xml_parser.c:308
    #6 0x7f943119c087 in xml_sax_parse_attribute utils/xml_parser.c:357
    #7 0x7f943119c087 in xml_sax_parse utils/xml_parser.c:940
    #8 0x7f943119796e in gf_xml_sax_parse_intern utils/xml_parser.c:1084
    #9 0x7f943119cda7 in gf_xml_sax_parse utils/xml_parser.c:1138
    #10 0x7f943119d103 in xml_sax_read_file utils/xml_parser.c:1225
    #11 0x7f943119dbb8 in gf_xml_sax_parse_file utils/xml_parser.c:1338
    #12 0x7f94319baa39 in load_xmt_run scene_manager/loader_xmt.c:3700
    #13 0x7f9432067443 in ctxload_process filters/load_bt_xmt.c:544
    #14 0x7f9431de0093 in gf_filter_process_task filter_core/filter.c:3257
    #15 0x7f9431db44c1 in gf_fs_thread_proc filter_core/filter_session.c:2420
    #16 0x7f9431db9582 in gf_fs_run filter_core/filter_session.c:2728
    #17 0x7f943187328a in gf_media_import media_tools/media_import.c:1639
    #18 0x56087f79d411 in import_file /run/media/user/8ed8205b-4114-4c2a-b2d0-e2ad6640262d/gpac/runtime/gpac_asan/applications/mp4box/fileimport.c:1733
    #19 0x56087f759fc9 in do_add_cat /run/media/user/8ed8205b-4114-4c2a-b2d0-e2ad6640262d/gpac/runtime/gpac_asan/applications/mp4box/mp4box.c:4633
    #20 0x56087f75c3f7 in mp4box_main /run/media/user/8ed8205b-4114-4c2a-b2d0-e2ad6640262d/gpac/runtime/gpac_asan/applications/mp4box/mp4box.c:6377
    #21 0x7f9430c33f76 in __libc_start_call_main ../sysdeps/nptl/libc_start_call_main.h:58
    #22 0x7f9430c34026 in __libc_start_main_impl ../csu/libc-start.c:360
    #23 0x56087f73c080 in _start (/run/media/user/8ed8205b-4114-4c2a-b2d0-e2ad6640262d/gpac/runtime/gpac_asan/bin/gcc/MP4Box+0x4d080) (BuildId: 1651312aefdad6adf454cb6d555ab16d3e0fe1b8)

Indirect leak of 160 byte(s) in 2 object(s) allocated from:
    #0 0x7f9432f2365f in realloc ../../../../src/libsanitizer/asan/asan_malloc_linux.cpp:81
    #1 0x7f9431160d64 in realloc_chain utils/list.c:643
    #2 0x7f9431160d64 in gf_list_add utils/list.c:652
    #3 0x7f9431264e7c in gf_node_register scenegraph/base_scenegraph.c:852
    #4 0x7f94319c7571 in xmt_parse_element scene_manager/loader_xmt.c:2170
    #5 0x7f94319cbae3 in xmt_node_start scene_manager/loader_xmt.c:2980
    #6 0x7f943119730c in xml_sax_node_start utils/xml_parser.c:308
    #7 0x7f943119ba4c in xml_sax_parse_attribute utils/xml_parser.c:397
    #8 0x7f943119ba4c in xml_sax_parse utils/xml_parser.c:940
    #9 0x7f943119796e in gf_xml_sax_parse_intern utils/xml_parser.c:1084
    #10 0x7f943119cda7 in gf_xml_sax_parse utils/xml_parser.c:1138
    #11 0x7f943119d103 in xml_sax_read_file utils/xml_parser.c:1225
    #12 0x7f943119dbb8 in gf_xml_sax_parse_file utils/xml_parser.c:1338
    #13 0x7f94319baa39 in load_xmt_run scene_manager/loader_xmt.c:3700
    #14 0x7f9432067443 in ctxload_process filters/load_bt_xmt.c:544
    #15 0x7f9431de0093 in gf_filter_process_task filter_core/filter.c:3257
    #16 0x7f9431db44c1 in gf_fs_thread_proc filter_core/filter_session.c:2420
    #17 0x7f9431db9582 in gf_fs_run filter_core/filter_session.c:2728
    #18 0x7f943187328a in gf_media_import media_tools/media_import.c:1639
    #19 0x56087f79d411 in import_file /run/media/user/8ed8205b-4114-4c2a-b2d0-e2ad6640262d/gpac/runtime/gpac_asan/applications/mp4box/fileimport.c:1733
    #20 0x56087f759fc9 in do_add_cat /run/media/user/8ed8205b-4114-4c2a-b2d0-e2ad6640262d/gpac/runtime/gpac_asan/applications/mp4box/mp4box.c:4633
    #21 0x56087f75c3f7 in mp4box_main /run/media/user/8ed8205b-4114-4c2a-b2d0-e2ad6640262d/gpac/runtime/gpac_asan/applications/mp4box/mp4box.c:6377
    #22 0x7f9430c33f76 in __libc_start_call_main ../sysdeps/nptl/libc_start_call_main.h:58
    #23 0x7f9430c34026 in __libc_start_main_impl ../csu/libc-start.c:360
    #24 0x56087f73c080 in _start (/run/media/user/8ed8205b-4114-4c2a-b2d0-e2ad6640262d/gpac/runtime/gpac_asan/bin/gcc/MP4Box+0x4d080) (BuildId: 1651312aefdad6adf454cb6d555ab16d3e0fe1b8)

Indirect leak of 160 byte(s) in 2 object(s) allocated from:
    #0 0x7f9432f2435f in malloc ../../../../src/libsanitizer/asan/asan_malloc_linux.cpp:67
    #1 0x7f94312dd990 in Clipper2D_Create scenegraph/mpeg4_nodes.c:30271
    #2 0x7f94312dd990 in gf_sg_mpeg4_node_new scenegraph/mpeg4_nodes.c:37026
    #3 0x7f943126aa22 in gf_node_new scenegraph/base_scenegraph.c:2112
    #4 0x7f94319c6560 in xmt_parse_element scene_manager/loader_xmt.c:2036
    #5 0x7f94319cbae3 in xmt_node_start scene_manager/loader_xmt.c:2980
    #6 0x7f943119730c in xml_sax_node_start utils/xml_parser.c:308
    #7 0x7f943119c087 in xml_sax_parse_attribute utils/xml_parser.c:357
    #8 0x7f943119c087 in xml_sax_parse utils/xml_parser.c:940
    #9 0x7f943119796e in gf_xml_sax_parse_intern utils/xml_parser.c:1084
    #10 0x7f943119cda7 in gf_xml_sax_parse utils/xml_parser.c:1138
    #11 0x7f943119d103 in xml_sax_read_file utils/xml_parser.c:1225
    #12 0x7f943119dbb8 in gf_xml_sax_parse_file utils/xml_parser.c:1338
    #13 0x7f94319baa39 in load_xmt_run scene_manager/loader_xmt.c:3700
    #14 0x7f9432067443 in ctxload_process filters/load_bt_xmt.c:544
    #15 0x7f9431de0093 in gf_filter_process_task filter_core/filter.c:3257
    #16 0x7f9431db44c1 in gf_fs_thread_proc filter_core/filter_session.c:2420
    #17 0x7f9431db9582 in gf_fs_run filter_core/filter_session.c:2728
    #18 0x7f943187328a in gf_media_import media_tools/media_import.c:1639
    #19 0x56087f79d411 in import_file /run/media/user/8ed8205b-4114-4c2a-b2d0-e2ad6640262d/gpac/runtime/gpac_asan/applications/mp4box/fileimport.c:1733
    #20 0x56087f759fc9 in do_add_cat /run/media/user/8ed8205b-4114-4c2a-b2d0-e2ad6640262d/gpac/runtime/gpac_asan/applications/mp4box/mp4box.c:4633
    #21 0x56087f75c3f7 in mp4box_main /run/media/user/8ed8205b-4114-4c2a-b2d0-e2ad6640262d/gpac/runtime/gpac_asan/applications/mp4box/mp4box.c:6377
    #22 0x7f9430c33f76 in __libc_start_call_main ../sysdeps/nptl/libc_start_call_main.h:58
    #23 0x7f9430c34026 in __libc_start_main_impl ../csu/libc-start.c:360
    #24 0x56087f73c080 in _start (/run/media/user/8ed8205b-4114-4c2a-b2d0-e2ad6640262d/gpac/runtime/gpac_asan/bin/gcc/MP4Box+0x4d080) (BuildId: 1651312aefdad6adf454cb6d555ab16d3e0fe1b8)

Indirect leak of 160 byte(s) in 2 object(s) allocated from:
    #0 0x7f9432f2365f in realloc ../../../../src/libsanitizer/asan/asan_malloc_linux.cpp:81
    #1 0x7f9431160d64 in realloc_chain utils/list.c:643
    #2 0x7f9431160d64 in gf_list_add utils/list.c:652
    #3 0x7f9431339067 in gf_sg_proto_create_node scenegraph/vrml_proto.c:831
    #4 0x7f94319c4d88 in xmt_parse_element scene_manager/loader_xmt.c:1975
    #5 0x7f94319cbae3 in xmt_node_start scene_manager/loader_xmt.c:2980
    #6 0x7f943119730c in xml_sax_node_start utils/xml_parser.c:308
    #7 0x7f943119ba4c in xml_sax_parse_attribute utils/xml_parser.c:397
    #8 0x7f943119ba4c in xml_sax_parse utils/xml_parser.c:940
    #9 0x7f943119796e in gf_xml_sax_parse_intern utils/xml_parser.c:1084
    #10 0x7f943119cda7 in gf_xml_sax_parse utils/xml_parser.c:1138
    #11 0x7f943119d103 in xml_sax_read_file utils/xml_parser.c:1225
    #12 0x7f943119dbb8 in gf_xml_sax_parse_file utils/xml_parser.c:1338
    #13 0x7f94319baa39 in load_xmt_run scene_manager/loader_xmt.c:3700
    #14 0x7f9432067443 in ctxload_process filters/load_bt_xmt.c:544
    #15 0x7f9431de0093 in gf_filter_process_task filter_core/filter.c:3257
    #16 0x7f9431db44c1 in gf_fs_thread_proc filter_core/filter_session.c:2420
    #17 0x7f9431db9582 in gf_fs_run filter_core/filter_session.c:2728
    #18 0x7f943187328a in gf_media_import media_tools/media_import.c:1639
    #19 0x56087f79d411 in import_file /run/media/user/8ed8205b-4114-4c2a-b2d0-e2ad6640262d/gpac/runtime/gpac_asan/applications/mp4box/fileimport.c:1733
    #20 0x56087f759fc9 in do_add_cat /run/media/user/8ed8205b-4114-4c2a-b2d0-e2ad6640262d/gpac/runtime/gpac_asan/applications/mp4box/mp4box.c:4633
    #21 0x56087f75c3f7 in mp4box_main /run/media/user/8ed8205b-4114-4c2a-b2d0-e2ad6640262d/gpac/runtime/gpac_asan/applications/mp4box/mp4box.c:6377
    #22 0x7f9430c33f76 in __libc_start_call_main ../sysdeps/nptl/libc_start_call_main.h:58
    #23 0x7f9430c34026 in __libc_start_main_impl ../csu/libc-start.c:360
    #24 0x56087f73c080 in _start (/run/media/user/8ed8205b-4114-4c2a-b2d0-e2ad6640262d/gpac/runtime/gpac_asan/bin/gcc/MP4Box+0x4d080) (BuildId: 1651312aefdad6adf454cb6d555ab16d3e0fe1b8)

Indirect leak of 160 byte(s) in 1 object(s) allocated from:
    #0 0x7f9432f2435f in malloc ../../../../src/libsanitizer/asan/asan_malloc_linux.cpp:67
    #1 0x7f94312e20bb in IndexedFaceSet2D_Create scenegraph/mpeg4_nodes.c:8135
    #2 0x7f94312e20bb in gf_sg_mpeg4_node_new scenegraph/mpeg4_nodes.c:36804
    #3 0x7f943126aa22 in gf_node_new scenegraph/base_scenegraph.c:2112
    #4 0x7f94319c6560 in xmt_parse_element scene_manager/loader_xmt.c:2036
    #5 0x7f94319cbae3 in xmt_node_start scene_manager/loader_xmt.c:2980
    #6 0x7f943119730c in xml_sax_node_start utils/xml_parser.c:308
    #7 0x7f943119ba4c in xml_sax_parse_attribute utils/xml_parser.c:397
    #8 0x7f943119ba4c in xml_sax_parse utils/xml_parser.c:940
    #9 0x7f9431197d60 in gf_xml_sax_parse_intern utils/xml_parser.c:1110
    #10 0x7f943119cda7 in gf_xml_sax_parse utils/xml_parser.c:1138
    #11 0x7f943119d103 in xml_sax_read_file utils/xml_parser.c:1225
    #12 0x7f943119dbb8 in gf_xml_sax_parse_file utils/xml_parser.c:1338
    #13 0x7f94319baa39 in load_xmt_run scene_manager/loader_xmt.c:3700
    #14 0x7f9432067443 in ctxload_process filters/load_bt_xmt.c:544
    #15 0x7f9431de0093 in gf_filter_process_task filter_core/filter.c:3257
    #16 0x7f9431db44c1 in gf_fs_thread_proc filter_core/filter_session.c:2420
    #17 0x7f9431db9582 in gf_fs_run filter_core/filter_session.c:2728
    #18 0x7f943187328a in gf_media_import media_tools/media_import.c:1639
    #19 0x56087f79d411 in import_file /run/media/user/8ed8205b-4114-4c2a-b2d0-e2ad6640262d/gpac/runtime/gpac_asan/applications/mp4box/fileimport.c:1733
    #20 0x56087f759fc9 in do_add_cat /run/media/user/8ed8205b-4114-4c2a-b2d0-e2ad6640262d/gpac/runtime/gpac_asan/applications/mp4box/mp4box.c:4633
    #21 0x56087f75c3f7 in mp4box_main /run/media/user/8ed8205b-4114-4c2a-b2d0-e2ad6640262d/gpac/runtime/gpac_asan/applications/mp4box/mp4box.c:6377
    #22 0x7f9430c33f76 in __libc_start_call_main ../sysdeps/nptl/libc_start_call_main.h:58
    #23 0x7f9430c34026 in __libc_start_main_impl ../csu/libc-start.c:360
    #24 0x56087f73c080 in _start (/run/media/user/8ed8205b-4114-4c2a-b2d0-e2ad6640262d/gpac/runtime/gpac_asan/bin/gcc/MP4Box+0x4d080) (BuildId: 1651312aefdad6adf454cb6d555ab16d3e0fe1b8)

Indirect leak of 160 byte(s) in 5 object(s) allocated from:
    #0 0x7f9432f2435f in malloc ../../../../src/libsanitizer/asan/asan_malloc_linux.cpp:67
    #1 0x7f94312e196c in Appearance_Create scenegraph/mpeg4_nodes.c:424
    #2 0x7f94312e196c in gf_sg_mpeg4_node_new scenegraph/mpeg4_nodes.c:36712
    #3 0x7f943126aa22 in gf_node_new scenegraph/base_scenegraph.c:2112
    #4 0x7f94319c6560 in xmt_parse_element scene_manager/loader_xmt.c:2036
    #5 0x7f94319cbae3 in xmt_node_start scene_manager/loader_xmt.c:2980
    #6 0x7f943119730c in xml_sax_node_start utils/xml_parser.c:308
    #7 0x7f943119ba4c in xml_sax_parse_attribute utils/xml_parser.c:397
    #8 0x7f943119ba4c in xml_sax_parse utils/xml_parser.c:940
    #9 0x7f9431197d60 in gf_xml_sax_parse_intern utils/xml_parser.c:1110
    #10 0x7f943119cda7 in gf_xml_sax_parse utils/xml_parser.c:1138
    #11 0x7f943119d103 in xml_sax_read_file utils/xml_parser.c:1225
    #12 0x7f943119dbb8 in gf_xml_sax_parse_file utils/xml_parser.c:1338
    #13 0x7f94319baa39 in load_xmt_run scene_manager/loader_xmt.c:3700
    #14 0x7f9432067443 in ctxload_process filters/load_bt_xmt.c:544
    #15 0x7f9431de0093 in gf_filter_process_task filter_core/filter.c:3257
    #16 0x7f9431db44c1 in gf_fs_thread_proc filter_core/filter_session.c:2420
    #17 0x7f9431db9582 in gf_fs_run filter_core/filter_session.c:2728
    #18 0x7f943187328a in gf_media_import media_tools/media_import.c:1639
    #19 0x56087f79d411 in import_file /run/media/user/8ed8205b-4114-4c2a-b2d0-e2ad6640262d/gpac/runtime/gpac_asan/applications/mp4box/fileimport.c:1733
    #20 0x56087f759fc9 in do_add_cat /run/media/user/8ed8205b-4114-4c2a-b2d0-e2ad6640262d/gpac/runtime/gpac_asan/applications/mp4box/mp4box.c:4633
    #21 0x56087f75c3f7 in mp4box_main /run/media/user/8ed8205b-4114-4c2a-b2d0-e2ad6640262d/gpac/runtime/gpac_asan/applications/mp4box/mp4box.c:6377
    #22 0x7f9430c33f76 in __libc_start_call_main ../sysdeps/nptl/libc_start_call_main.h:58
    #23 0x7f9430c34026 in __libc_start_main_impl ../csu/libc-start.c:360
    #24 0x56087f73c080 in _start (/run/media/user/8ed8205b-4114-4c2a-b2d0-e2ad6640262d/gpac/runtime/gpac_asan/bin/gcc/MP4Box+0x4d080) (BuildId: 1651312aefdad6adf454cb6d555ab16d3e0fe1b8)

Indirect leak of 144 byte(s) in 2 object(s) allocated from:
    #0 0x7f9432f2435f in malloc ../../../../src/libsanitizer/asan/asan_malloc_linux.cpp:67
    #1 0x7f94312e1b6f in AudioClip_Create scenegraph/mpeg4_nodes.c:770
    #2 0x7f94312e1b6f in gf_sg_mpeg4_node_new scenegraph/mpeg4_nodes.c:36716
    #3 0x7f943126aa22 in gf_node_new scenegraph/base_scenegraph.c:2112
    #4 0x7f94319c6560 in xmt_parse_element scene_manager/loader_xmt.c:2036
    #5 0x7f94319cbae3 in xmt_node_start scene_manager/loader_xmt.c:2980
    #6 0x7f943119730c in xml_sax_node_start utils/xml_parser.c:308
    #7 0x7f943119ae3f in xml_sax_parse utils/xml_parser.c:863
    #8 0x7f9431197d60 in gf_xml_sax_parse_intern utils/xml_parser.c:1110
    #9 0x7f943119cda7 in gf_xml_sax_parse utils/xml_parser.c:1138
    #10 0x7f943119d103 in xml_sax_read_file utils/xml_parser.c:1225
    #11 0x7f943119dbb8 in gf_xml_sax_parse_file utils/xml_parser.c:1338
    #12 0x7f94319baa39 in load_xmt_run scene_manager/loader_xmt.c:3700
    #13 0x7f9432067443 in ctxload_process filters/load_bt_xmt.c:544
    #14 0x7f9431de0093 in gf_filter_process_task filter_core/filter.c:3257
    #15 0x7f9431db44c1 in gf_fs_thread_proc filter_core/filter_session.c:2420
    #16 0x7f9431db9582 in gf_fs_run filter_core/filter_session.c:2728
    #17 0x7f943187328a in gf_media_import media_tools/media_import.c:1639
    #18 0x56087f79d411 in import_file /run/media/user/8ed8205b-4114-4c2a-b2d0-e2ad6640262d/gpac/runtime/gpac_asan/applications/mp4box/fileimport.c:1733
    #19 0x56087f759fc9 in do_add_cat /run/media/user/8ed8205b-4114-4c2a-b2d0-e2ad6640262d/gpac/runtime/gpac_asan/applications/mp4box/mp4box.c:4633
    #20 0x56087f75c3f7 in mp4box_main /run/media/user/8ed8205b-4114-4c2a-b2d0-e2ad6640262d/gpac/runtime/gpac_asan/applications/mp4box/mp4box.c:6377
    #21 0x7f9430c33f76 in __libc_start_call_main ../sysdeps/nptl/libc_start_call_main.h:58
    #22 0x7f9430c34026 in __libc_start_main_impl ../csu/libc-start.c:360
    #23 0x56087f73c080 in _start (/run/media/user/8ed8205b-4114-4c2a-b2d0-e2ad6640262d/gpac/runtime/gpac_asan/bin/gcc/MP4Box+0x4d080) (BuildId: 1651312aefdad6adf454cb6d555ab16d3e0fe1b8)

Indirect leak of 144 byte(s) in 2 object(s) allocated from:
    #0 0x7f9432f2435f in malloc ../../../../src/libsanitizer/asan/asan_malloc_linux.cpp:67
    #1 0x7f94312e1e87 in Layer2D_Create scenegraph/mpeg4_nodes.c:8795
    #2 0x7f94312e1e87 in gf_sg_mpeg4_node_new scenegraph/mpeg4_nodes.c:36814
    #3 0x7f943126aa22 in gf_node_new scenegraph/base_scenegraph.c:2112
    #4 0x7f94319c6560 in xmt_parse_element scene_manager/loader_xmt.c:2036
    #5 0x7f94319cbae3 in xmt_node_start scene_manager/loader_xmt.c:2980
    #6 0x7f943119730c in xml_sax_node_start utils/xml_parser.c:308
    #7 0x7f943119c087 in xml_sax_parse_attribute utils/xml_parser.c:357
    #8 0x7f943119c087 in xml_sax_parse utils/xml_parser.c:940
    #9 0x7f943119796e in gf_xml_sax_parse_intern utils/xml_parser.c:1084
    #10 0x7f943119cda7 in gf_xml_sax_parse utils/xml_parser.c:1138
    #11 0x7f943119d103 in xml_sax_read_file utils/xml_parser.c:1225
    #12 0x7f943119dbb8 in gf_xml_sax_parse_file utils/xml_parser.c:1338
    #13 0x7f94319baa39 in load_xmt_run scene_manager/loader_xmt.c:3700
    #14 0x7f9432067443 in ctxload_process filters/load_bt_xmt.c:544
    #15 0x7f9431de0093 in gf_filter_process_task filter_core/filter.c:3257
    #16 0x7f9431db44c1 in gf_fs_thread_proc filter_core/filter_session.c:2420
    #17 0x7f9431db9582 in gf_fs_run filter_core/filter_session.c:2728
    #18 0x7f943187328a in gf_media_import media_tools/media_import.c:1639
    #19 0x56087f79d411 in import_file /run/media/user/8ed8205b-4114-4c2a-b2d0-e2ad6640262d/gpac/runtime/gpac_asan/applications/mp4box/fileimport.c:1733
    #20 0x56087f759fc9 in do_add_cat /run/media/user/8ed8205b-4114-4c2a-b2d0-e2ad6640262d/gpac/runtime/gpac_asan/applications/mp4box/mp4box.c:4633
    #21 0x56087f75c3f7 in mp4box_main /run/media/user/8ed8205b-4114-4c2a-b2d0-e2ad6640262d/gpac/runtime/gpac_asan/applications/mp4box/mp4box.c:6377
    #22 0x7f9430c33f76 in __libc_start_call_main ../sysdeps/nptl/libc_start_call_main.h:58
    #23 0x7f9430c34026 in __libc_start_main_impl ../csu/libc-start.c:360
    #24 0x56087f73c080 in _start (/run/media/user/8ed8205b-4114-4c2a-b2d0-e2ad6640262d/gpac/runtime/gpac_asan/bin/gcc/MP4Box+0x4d080) (BuildId: 1651312aefdad6adf454cb6d555ab16d3e0fe1b8)

Indirect leak of 144 byte(s) in 2 object(s) allocated from:
    #0 0x7f9432f2435f in malloc ../../../../src/libsanitizer/asan/asan_malloc_linux.cpp:67
    #1 0x7f9431b40292 in compositor_init_layer2d compositor/mpeg4_layer_2d.c:357
    #2 0x7f9431c5c51a in gf_scene_on_node_init compositor/scene_node_init.c:286
    #3 0x7f9431c5c51a in gf_scene_on_node_init compositor/scene_node_init.c:206
    #4 0x7f9431c5c51a in gf_scene_node_callback compositor/scene_node_init.c:360
    #5 0x7f94319c6a44 in xmt_parse_element scene_manager/loader_xmt.c:2180
    #6 0x7f94319cbae3 in xmt_node_start scene_manager/loader_xmt.c:2980
    #7 0x7f943119730c in xml_sax_node_start utils/xml_parser.c:308
    #8 0x7f943119c087 in xml_sax_parse_attribute utils/xml_parser.c:357
    #9 0x7f943119c087 in xml_sax_parse utils/xml_parser.c:940
    #10 0x7f943119796e in gf_xml_sax_parse_intern utils/xml_parser.c:1084
    #11 0x7f943119cda7 in gf_xml_sax_parse utils/xml_parser.c:1138
    #12 0x7f943119d103 in xml_sax_read_file utils/xml_parser.c:1225
    #13 0x7f943119dbb8 in gf_xml_sax_parse_file utils/xml_parser.c:1338
    #14 0x7f94319baa39 in load_xmt_run scene_manager/loader_xmt.c:3700
    #15 0x7f9432067443 in ctxload_process filters/load_bt_xmt.c:544
    #16 0x7f9431de0093 in gf_filter_process_task filter_core/filter.c:3257
    #17 0x7f9431db44c1 in gf_fs_thread_proc filter_core/filter_session.c:2420
    #18 0x7f9431db9582 in gf_fs_run filter_core/filter_session.c:2728
    #19 0x7f943187328a in gf_media_import media_tools/media_import.c:1639
    #20 0x56087f79d411 in import_file /run/media/user/8ed8205b-4114-4c2a-b2d0-e2ad6640262d/gpac/runtime/gpac_asan/applications/mp4box/fileimport.c:1733
    #21 0x56087f759fc9 in do_add_cat /run/media/user/8ed8205b-4114-4c2a-b2d0-e2ad6640262d/gpac/runtime/gpac_asan/applications/mp4box/mp4box.c:4633
    #22 0x56087f75c3f7 in mp4box_main /run/media/user/8ed8205b-4114-4c2a-b2d0-e2ad6640262d/gpac/runtime/gpac_asan/applications/mp4box/mp4box.c:6377
    #23 0x7f9430c33f76 in __libc_start_call_main ../sysdeps/nptl/libc_start_call_main.h:58
    #24 0x7f9430c34026 in __libc_start_main_impl ../csu/libc-start.c:360
    #25 0x56087f73c080 in _start (/run/media/user/8ed8205b-4114-4c2a-b2d0-e2ad6640262d/gpac/runtime/gpac_asan/bin/gcc/MP4Box+0x4d080) (BuildId: 1651312aefdad6adf454cb6d555ab16d3e0fe1b8)

Indirect leak of 144 byte(s) in 9 object(s) allocated from:
    #0 0x7f9432f2435f in malloc ../../../../src/libsanitizer/asan/asan_malloc_linux.cpp:67
    #1 0x7f9431160b1d in gf_list_new utils/list.c:612
    #2 0x7f94319cc45d in xmt_node_stack_push scene_manager/loader_xmt.c:1555
    #3 0x7f94319cc45d in xmt_node_start scene_manager/loader_xmt.c:2987
    #4 0x7f943119730c in xml_sax_node_start utils/xml_parser.c:308
    #5 0x7f943119ae3f in xml_sax_parse utils/xml_parser.c:863
    #6 0x7f9431197d60 in gf_xml_sax_parse_intern utils/xml_parser.c:1110
    #7 0x7f943119cda7 in gf_xml_sax_parse utils/xml_parser.c:1138
    #8 0x7f943119d103 in xml_sax_read_file utils/xml_parser.c:1225
    #9 0x7f943119dbb8 in gf_xml_sax_parse_file utils/xml_parser.c:1338
    #10 0x7f94319baa39 in load_xmt_run scene_manager/loader_xmt.c:3700
    #11 0x7f9432067443 in ctxload_process filters/load_bt_xmt.c:544
    #12 0x7f9431de0093 in gf_filter_process_task filter_core/filter.c:3257
    #13 0x7f9431db44c1 in gf_fs_thread_proc filter_core/filter_session.c:2420
    #14 0x7f9431db9582 in gf_fs_run filter_core/filter_session.c:2728
    #15 0x7f943187328a in gf_media_import media_tools/media_import.c:1639
    #16 0x56087f79d411 in import_file /run/media/user/8ed8205b-4114-4c2a-b2d0-e2ad6640262d/gpac/runtime/gpac_asan/applications/mp4box/fileimport.c:1733
    #17 0x56087f759fc9 in do_add_cat /run/media/user/8ed8205b-4114-4c2a-b2d0-e2ad6640262d/gpac/runtime/gpac_asan/applications/mp4box/mp4box.c:4633
    #18 0x56087f75c3f7 in mp4box_main /run/media/user/8ed8205b-4114-4c2a-b2d0-e2ad6640262d/gpac/runtime/gpac_asan/applications/mp4box/mp4box.c:6377
    #19 0x7f9430c33f76 in __libc_start_call_main ../sysdeps/nptl/libc_start_call_main.h:58
    #20 0x7f9430c34026 in __libc_start_main_impl ../csu/libc-start.c:360
    #21 0x56087f73c080 in _start (/run/media/user/8ed8205b-4114-4c2a-b2d0-e2ad6640262d/gpac/runtime/gpac_asan/bin/gcc/MP4Box+0x4d080) (BuildId: 1651312aefdad6adf454cb6d555ab16d3e0fe1b8)

Indirect leak of 128 byte(s) in 2 object(s) allocated from:
    #0 0x7f9432f2435f in malloc ../../../../src/libsanitizer/asan/asan_malloc_linux.cpp:67
    #1 0x7f9431265ded in gf_node_setup scenegraph/base_scenegraph.c:1319
    #2 0x7f94312e10bf in Coordinate_Create scenegraph/mpeg4_nodes.c:3412
    #3 0x7f94312e10bf in gf_sg_mpeg4_node_new scenegraph/mpeg4_nodes.c:36754
    #4 0x7f943126aa22 in gf_node_new scenegraph/base_scenegraph.c:2112
    #5 0x7f94319c6560 in xmt_parse_element scene_manager/loader_xmt.c:2036
    #6 0x7f94319cbae3 in xmt_node_start scene_manager/loader_xmt.c:2980
    #7 0x7f943119730c in xml_sax_node_start utils/xml_parser.c:308
    #8 0x7f943119c087 in xml_sax_parse_attribute utils/xml_parser.c:357
    #9 0x7f943119c087 in xml_sax_parse utils/xml_parser.c:940
    #10 0x7f9431197d60 in gf_xml_sax_parse_intern utils/xml_parser.c:1110
    #11 0x7f943119cda7 in gf_xml_sax_parse utils/xml_parser.c:1138
    #12 0x7f943119d103 in xml_sax_read_file utils/xml_parser.c:1225
    #13 0x7f943119dbb8 in gf_xml_sax_parse_file utils/xml_parser.c:1338
    #14 0x7f94319baa39 in load_xmt_run scene_manager/loader_xmt.c:3700
    #15 0x7f9432067443 in ctxload_process filters/load_bt_xmt.c:544
    #16 0x7f9431de0093 in gf_filter_process_task filter_core/filter.c:3257
    #17 0x7f9431db44c1 in gf_fs_thread_proc filter_core/filter_session.c:2420
    #18 0x7f9431db9582 in gf_fs_run filter_core/filter_session.c:2728
    #19 0x7f943187328a in gf_media_import media_tools/media_import.c:1639
    #20 0x56087f79d411 in import_file /run/media/user/8ed8205b-4114-4c2a-b2d0-e2ad6640262d/gpac/runtime/gpac_asan/applications/mp4box/fileimport.c:1733
    #21 0x56087f759fc9 in do_add_cat /run/media/user/8ed8205b-4114-4c2a-b2d0-e2ad6640262d/gpac/runtime/gpac_asan/applications/mp4box/mp4box.c:4633
    #22 0x56087f75c3f7 in mp4box_main /run/media/user/8ed8205b-4114-4c2a-b2d0-e2ad6640262d/gpac/runtime/gpac_asan/applications/mp4box/mp4box.c:6377
    #23 0x7f9430c33f76 in __libc_start_call_main ../sysdeps/nptl/libc_start_call_main.h:58
    #24 0x7f9430c34026 in __libc_start_main_impl ../csu/libc-start.c:360
    #25 0x56087f73c080 in _start (/run/media/user/8ed8205b-4114-4c2a-b2d0-e2ad6640262d/gpac/runtime/gpac_asan/bin/gcc/MP4Box+0x4d080) (BuildId: 1651312aefdad6adf454cb6d555ab16d3e0fe1b8)

Indirect leak of 128 byte(s) in 2 object(s) allocated from:
    #0 0x7f9432f2435f in malloc ../../../../src/libsanitizer/asan/asan_malloc_linux.cpp:67
    #1 0x7f943121975d in gf_path_new utils/path2d.c:35
    #2 0x7f9431ad9309 in drawable_new compositor/drawable.c:153
    #3 0x7f9431ada23e in drawable_stack_new compositor/drawable.c:276
    #4 0x7f9431b24f18 in compositor_init_curve2d compositor/mpeg4_geometry_2d.c:649
    #5 0x7f9431c5c51a in gf_scene_on_node_init compositor/scene_node_init.c:286
    #6 0x7f9431c5c51a in gf_scene_on_node_init compositor/scene_node_init.c:206
    #7 0x7f9431c5c51a in gf_scene_node_callback compositor/scene_node_init.c:360
    #8 0x7f94319c6a44 in xmt_parse_element scene_manager/loader_xmt.c:2180
    #9 0x7f94319cbae3 in xmt_node_start scene_manager/loader_xmt.c:2980
    #10 0x7f943119730c in xml_sax_node_start utils/xml_parser.c:308
    #11 0x7f943119ba4c in xml_sax_parse_attribute utils/xml_parser.c:397
    #12 0x7f943119ba4c in xml_sax_parse utils/xml_parser.c:940
    #13 0x7f9431197d60 in gf_xml_sax_parse_intern utils/xml_parser.c:1110
    #14 0x7f943119cda7 in gf_xml_sax_parse utils/xml_parser.c:1138
    #15 0x7f943119d103 in xml_sax_read_file utils/xml_parser.c:1225
    #16 0x7f943119dbb8 in gf_xml_sax_parse_file utils/xml_parser.c:1338
    #17 0x7f94319baa39 in load_xmt_run scene_manager/loader_xmt.c:3700
    #18 0x7f9432067443 in ctxload_process filters/load_bt_xmt.c:544
    #19 0x7f9431de0093 in gf_filter_process_task filter_core/filter.c:3257
    #20 0x7f9431db44c1 in gf_fs_thread_proc filter_core/filter_session.c:2420
    #21 0x7f9431db9582 in gf_fs_run filter_core/filter_session.c:2728
    #22 0x7f943187328a in gf_media_import media_tools/media_import.c:1639
    #23 0x56087f79d411 in import_file /run/media/user/8ed8205b-4114-4c2a-b2d0-e2ad6640262d/gpac/runtime/gpac_asan/applications/mp4box/fileimport.c:1733
    #24 0x56087f759fc9 in do_add_cat /run/media/user/8ed8205b-4114-4c2a-b2d0-e2ad6640262d/gpac/runtime/gpac_asan/applications/mp4box/mp4box.c:4633
    #25 0x56087f75c3f7 in mp4box_main /run/media/user/8ed8205b-4114-4c2a-b2d0-e2ad6640262d/gpac/runtime/gpac_asan/applications/mp4box/mp4box.c:6377
    #26 0x7f9430c33f76 in __libc_start_call_main ../sysdeps/nptl/libc_start_call_main.h:58
    #27 0x7f9430c34026 in __libc_start_main_impl ../csu/libc-start.c:360
    #28 0x56087f73c080 in _start (/run/media/user/8ed8205b-4114-4c2a-b2d0-e2ad6640262d/gpac/runtime/gpac_asan/bin/gcc/MP4Box+0x4d080) (BuildId: 1651312aefdad6adf454cb6d555ab16d3e0fe1b8)

Indirect leak of 128 byte(s) in 2 object(s) allocated from:
    #0 0x7f9432f2435f in malloc ../../../../src/libsanitizer/asan/asan_malloc_linux.cpp:67
    #1 0x7f9431265ded in gf_node_setup scenegraph/base_scenegraph.c:1319
    #2 0x7f94312e1994 in Appearance_Create scenegraph/mpeg4_nodes.c:426
    #3 0x7f94312e1994 in gf_sg_mpeg4_node_new scenegraph/mpeg4_nodes.c:36712
    #4 0x7f943126aa22 in gf_node_new scenegraph/base_scenegraph.c:2112
    #5 0x7f94319c6560 in xmt_parse_element scene_manager/loader_xmt.c:2036
    #6 0x7f94319cbae3 in xmt_node_start scene_manager/loader_xmt.c:2980
    #7 0x7f943119730c in xml_sax_node_start utils/xml_parser.c:308
    #8 0x7f943119ba4c in xml_sax_parse_attribute utils/xml_parser.c:397
    #9 0x7f943119ba4c in xml_sax_parse utils/xml_parser.c:940
    #10 0x7f943119796e in gf_xml_sax_parse_intern utils/xml_parser.c:1084
    #11 0x7f943119cda7 in gf_xml_sax_parse utils/xml_parser.c:1138
    #12 0x7f943119d103 in xml_sax_read_file utils/xml_parser.c:1225
    #13 0x7f943119dbb8 in gf_xml_sax_parse_file utils/xml_parser.c:1338
    #14 0x7f94319baa39 in load_xmt_run scene_manager/loader_xmt.c:3700
    #15 0x7f9432067443 in ctxload_process filters/load_bt_xmt.c:544
    #16 0x7f9431de0093 in gf_filter_process_task filter_core/filter.c:3257
    #17 0x7f9431db44c1 in gf_fs_thread_proc filter_core/filter_session.c:2420
    #18 0x7f9431db9582 in gf_fs_run filter_core/filter_session.c:2728
    #19 0x7f943187328a in gf_media_import media_tools/media_import.c:1639
    #20 0x56087f79d411 in import_file /run/media/user/8ed8205b-4114-4c2a-b2d0-e2ad6640262d/gpac/runtime/gpac_asan/applications/mp4box/fileimport.c:1733
    #21 0x56087f759fc9 in do_add_cat /run/media/user/8ed8205b-4114-4c2a-b2d0-e2ad6640262d/gpac/runtime/gpac_asan/applications/mp4box/mp4box.c:4633
    #22 0x56087f75c3f7 in mp4box_main /run/media/user/8ed8205b-4114-4c2a-b2d0-e2ad6640262d/gpac/runtime/gpac_asan/applications/mp4box/mp4box.c:6377
    #23 0x7f9430c33f76 in __libc_start_call_main ../sysdeps/nptl/libc_start_call_main.h:58
    #24 0x7f9430c34026 in __libc_start_main_impl ../csu/libc-start.c:360
    #25 0x56087f73c080 in _start (/run/media/user/8ed8205b-4114-4c2a-b2d0-e2ad6640262d/gpac/runtime/gpac_asan/bin/gcc/MP4Box+0x4d080) (BuildId: 1651312aefdad6adf454cb6d555ab16d3e0fe1b8)

Indirect leak of 128 byte(s) in 2 object(s) allocated from:
    #0 0x7f9432f2435f in malloc ../../../../src/libsanitizer/asan/asan_malloc_linux.cpp:67
    #1 0x7f9431265ded in gf_node_setup scenegraph/base_scenegraph.c:1319
    #2 0x7f94312e2a1c in Form_Create scenegraph/mpeg4_nodes.c:7466
    #3 0x7f94312e2a1c in gf_sg_mpeg4_node_new scenegraph/mpeg4_nodes.c:36796
    #4 0x7f943126aa22 in gf_node_new scenegraph/base_scenegraph.c:2112
    #5 0x7f94319c6560 in xmt_parse_element scene_manager/loader_xmt.c:2036
    #6 0x7f94319cbae3 in xmt_node_start scene_manager/loader_xmt.c:2980
    #7 0x7f943119730c in xml_sax_node_start utils/xml_parser.c:308
    #8 0x7f943119c087 in xml_sax_parse_attribute utils/xml_parser.c:357
    #9 0x7f943119c087 in xml_sax_parse utils/xml_parser.c:940
    #10 0x7f943119796e in gf_xml_sax_parse_intern utils/xml_parser.c:1084
    #11 0x7f943119cda7 in gf_xml_sax_parse utils/xml_parser.c:1138
    #12 0x7f943119d103 in xml_sax_read_file utils/xml_parser.c:1225
    #13 0x7f943119dbb8 in gf_xml_sax_parse_file utils/xml_parser.c:1338
    #14 0x7f94319baa39 in load_xmt_run scene_manager/loader_xmt.c:3700
    #15 0x7f9432067443 in ctxload_process filters/load_bt_xmt.c:544
    #16 0x7f9431de0093 in gf_filter_process_task filter_core/filter.c:3257
    #17 0x7f9431db44c1 in gf_fs_thread_proc filter_core/filter_session.c:2420
    #18 0x7f9431db9582 in gf_fs_run filter_core/filter_session.c:2728
    #19 0x7f943187328a in gf_media_import media_tools/media_import.c:1639
    #20 0x56087f79d411 in import_file /run/media/user/8ed8205b-4114-4c2a-b2d0-e2ad6640262d/gpac/runtime/gpac_asan/applications/mp4box/fileimport.c:1733
    #21 0x56087f759fc9 in do_add_cat /run/media/user/8ed8205b-4114-4c2a-b2d0-e2ad6640262d/gpac/runtime/gpac_asan/applications/mp4box/mp4box.c:4633
    #22 0x56087f75c3f7 in mp4box_main /run/media/user/8ed8205b-4114-4c2a-b2d0-e2ad6640262d/gpac/runtime/gpac_asan/applications/mp4box/mp4box.c:6377
    #23 0x7f9430c33f76 in __libc_start_call_main ../sysdeps/nptl/libc_start_call_main.h:58
    #24 0x7f9430c34026 in __libc_start_main_impl ../csu/libc-start.c:360
    #25 0x56087f73c080 in _start (/run/media/user/8ed8205b-4114-4c2a-b2d0-e2ad6640262d/gpac/runtime/gpac_asan/bin/gcc/MP4Box+0x4d080) (BuildId: 1651312aefdad6adf454cb6d555ab16d3e0fe1b8)

Indirect leak of 128 byte(s) in 2 object(s) allocated from:
    #0 0x7f9432f2435f in malloc ../../../../src/libsanitizer/asan/asan_malloc_linux.cpp:67
    #1 0x7f9431265ded in gf_node_setup scenegraph/base_scenegraph.c:1319
    #2 0x7f94312d9fa2 in PathLayout_Create scenegraph/mpeg4_nodes.c:31142
    #3 0x7f943126aa22 in gf_node_new scenegraph/base_scenegraph.c:2112
    #4 0x7f94319c6560 in xmt_parse_element scene_manager/loader_xmt.c:2036
    #5 0x7f94319cbae3 in xmt_node_start scene_manager/loader_xmt.c:2980
    #6 0x7f943119730c in xml_sax_node_start utils/xml_parser.c:308
    #7 0x7f943119c087 in xml_sax_parse_attribute utils/xml_parser.c:357
    #8 0x7f943119c087 in xml_sax_parse utils/xml_parser.c:940
    #9 0x7f943119796e in gf_xml_sax_parse_intern utils/xml_parser.c:1084
    #10 0x7f943119cda7 in gf_xml_sax_parse utils/xml_parser.c:1138
    #11 0x7f943119d103 in xml_sax_read_file utils/xml_parser.c:1225
    #12 0x7f943119dbb8 in gf_xml_sax_parse_file utils/xml_parser.c:1338
    #13 0x7f94319baa39 in load_xmt_run scene_manager/loader_xmt.c:3700
    #14 0x7f9432067443 in ctxload_process filters/load_bt_xmt.c:544
    #15 0x7f9431de0093 in gf_filter_process_task filter_core/filter.c:3257
    #16 0x7f9431db44c1 in gf_fs_thread_proc filter_core/filter_session.c:2420
    #17 0x7f9431db9582 in gf_fs_run filter_core/filter_session.c:2728
    #18 0x7f943187328a in gf_media_import media_tools/media_import.c:1639
    #19 0x56087f79d411 in import_file /run/media/user/8ed8205b-4114-4c2a-b2d0-e2ad6640262d/gpac/runtime/gpac_asan/applications/mp4box/fileimport.c:1733
    #20 0x56087f759fc9 in do_add_cat /run/media/user/8ed8205b-4114-4c2a-b2d0-e2ad6640262d/gpac/runtime/gpac_asan/applications/mp4box/mp4box.c:4633
    #21 0x56087f75c3f7 in mp4box_main /run/media/user/8ed8205b-4114-4c2a-b2d0-e2ad6640262d/gpac/runtime/gpac_asan/applications/mp4box/mp4box.c:6377
    #22 0x7f9430c33f76 in __libc_start_call_main ../sysdeps/nptl/libc_start_call_main.h:58
    #23 0x7f9430c34026 in __libc_start_main_impl ../csu/libc-start.c:360
    #24 0x56087f73c080 in _start (/run/media/user/8ed8205b-4114-4c2a-b2d0-e2ad6640262d/gpac/runtime/gpac_asan/bin/gcc/MP4Box+0x4d080) (BuildId: 1651312aefdad6adf454cb6d555ab16d3e0fe1b8)

Indirect leak of 128 byte(s) in 2 object(s) allocated from:
    #0 0x7f9432f2435f in malloc ../../../../src/libsanitizer/asan/asan_malloc_linux.cpp:67
    #1 0x7f9431265ded in gf_node_setup scenegraph/base_scenegraph.c:1319
    #2 0x7f94312cbf17 in Layout_Create scenegraph/mpeg4_nodes.c:9186
    #3 0x7f943126aa22 in gf_node_new scenegraph/base_scenegraph.c:2112
    #4 0x7f94319c6560 in xmt_parse_element scene_manager/loader_xmt.c:2036
    #5 0x7f94319cbae3 in xmt_node_start scene_manager/loader_xmt.c:2980
    #6 0x7f943119730c in xml_sax_node_start utils/xml_parser.c:308
    #7 0x7f943119ae3f in xml_sax_parse utils/xml_parser.c:863
    #8 0x7f943119796e in gf_xml_sax_parse_intern utils/xml_parser.c:1084
    #9 0x7f943119cda7 in gf_xml_sax_parse utils/xml_parser.c:1138
    #10 0x7f943119d103 in xml_sax_read_file utils/xml_parser.c:1225
    #11 0x7f943119dbb8 in gf_xml_sax_parse_file utils/xml_parser.c:1338
    #12 0x7f94319baa39 in load_xmt_run scene_manager/loader_xmt.c:3700
    #13 0x7f9432067443 in ctxload_process filters/load_bt_xmt.c:544
    #14 0x7f9431de0093 in gf_filter_process_task filter_core/filter.c:3257
    #15 0x7f9431db44c1 in gf_fs_thread_proc filter_core/filter_session.c:2420
    #16 0x7f9431db9582 in gf_fs_run filter_core/filter_session.c:2728
    #17 0x7f943187328a in gf_media_import media_tools/media_import.c:1639
    #18 0x56087f79d411 in import_file /run/media/user/8ed8205b-4114-4c2a-b2d0-e2ad6640262d/gpac/runtime/gpac_asan/applications/mp4box/fileimport.c:1733
    #19 0x56087f759fc9 in do_add_cat /run/media/user/8ed8205b-4114-4c2a-b2d0-e2ad6640262d/gpac/runtime/gpac_asan/applications/mp4box/mp4box.c:4633
    #20 0x56087f75c3f7 in mp4box_main /run/media/user/8ed8205b-4114-4c2a-b2d0-e2ad6640262d/gpac/runtime/gpac_asan/applications/mp4box/mp4box.c:6377
    #21 0x7f9430c33f76 in __libc_start_call_main ../sysdeps/nptl/libc_start_call_main.h:58
    #22 0x7f9430c34026 in __libc_start_main_impl ../csu/libc-start.c:360
    #23 0x56087f73c080 in _start (/run/media/user/8ed8205b-4114-4c2a-b2d0-e2ad6640262d/gpac/runtime/gpac_asan/bin/gcc/MP4Box+0x4d080) (BuildId: 1651312aefdad6adf454cb6d555ab16d3e0fe1b8)

Indirect leak of 128 byte(s) in 2 object(s) allocated from:
    #0 0x7f9432f2435f in malloc ../../../../src/libsanitizer/asan/asan_malloc_linux.cpp:67
    #1 0x7f9431265ded in gf_node_setup scenegraph/base_scenegraph.c:1319
    #2 0x7f94312e1b97 in AudioClip_Create scenegraph/mpeg4_nodes.c:772
    #3 0x7f94312e1b97 in gf_sg_mpeg4_node_new scenegraph/mpeg4_nodes.c:36716
    #4 0x7f943126aa22 in gf_node_new scenegraph/base_scenegraph.c:2112
    #5 0x7f94319c6560 in xmt_parse_element scene_manager/loader_xmt.c:2036
    #6 0x7f94319cbae3 in xmt_node_start scene_manager/loader_xmt.c:2980
    #7 0x7f943119730c in xml_sax_node_start utils/xml_parser.c:308
    #8 0x7f943119ae3f in xml_sax_parse utils/xml_parser.c:863
    #9 0x7f9431197d60 in gf_xml_sax_parse_intern utils/xml_parser.c:1110
    #10 0x7f943119cda7 in gf_xml_sax_parse utils/xml_parser.c:1138
    #11 0x7f943119d103 in xml_sax_read_file utils/xml_parser.c:1225
    #12 0x7f943119dbb8 in gf_xml_sax_parse_file utils/xml_parser.c:1338
    #13 0x7f94319baa39 in load_xmt_run scene_manager/loader_xmt.c:3700
    #14 0x7f9432067443 in ctxload_process filters/load_bt_xmt.c:544
    #15 0x7f9431de0093 in gf_filter_process_task filter_core/filter.c:3257
    #16 0x7f9431db44c1 in gf_fs_thread_proc filter_core/filter_session.c:2420
    #17 0x7f9431db9582 in gf_fs_run filter_core/filter_session.c:2728
    #18 0x7f943187328a in gf_media_import media_tools/media_import.c:1639
    #19 0x56087f79d411 in import_file /run/media/user/8ed8205b-4114-4c2a-b2d0-e2ad6640262d/gpac/runtime/gpac_asan/applications/mp4box/fileimport.c:1733
    #20 0x56087f759fc9 in do_add_cat /run/media/user/8ed8205b-4114-4c2a-b2d0-e2ad6640262d/gpac/runtime/gpac_asan/applications/mp4box/mp4box.c:4633
    #21 0x56087f75c3f7 in mp4box_main /run/media/user/8ed8205b-4114-4c2a-b2d0-e2ad6640262d/gpac/runtime/gpac_asan/applications/mp4box/mp4box.c:6377
    #22 0x7f9430c33f76 in __libc_start_call_main ../sysdeps/nptl/libc_start_call_main.h:58
    #23 0x7f9430c34026 in __libc_start_main_impl ../csu/libc-start.c:360
    #24 0x56087f73c080 in _start (/run/media/user/8ed8205b-4114-4c2a-b2d0-e2ad6640262d/gpac/runtime/gpac_asan/bin/gcc/MP4Box+0x4d080) (BuildId: 1651312aefdad6adf454cb6d555ab16d3e0fe1b8)

Indirect leak of 128 byte(s) in 4 object(s) allocated from:
    #0 0x7f9432f2435f in malloc ../../../../src/libsanitizer/asan/asan_malloc_linux.cpp:67
    #1 0x7f9431ad91ff in drawable_init_ex compositor/drawable.c:138
    #2 0x7f9431b67986 in compositor_init_text compositor/mpeg4_text.c:725
    #3 0x7f9431c5c51a in gf_scene_on_node_init compositor/scene_node_init.c:286
    #4 0x7f9431c5c51a in gf_scene_on_node_init compositor/scene_node_init.c:206
    #5 0x7f9431c5c51a in gf_scene_node_callback compositor/scene_node_init.c:360
    #6 0x7f94319c6a44 in xmt_parse_element scene_manager/loader_xmt.c:2180
    #7 0x7f94319cbae3 in xmt_node_start scene_manager/loader_xmt.c:2980
    #8 0x7f943119730c in xml_sax_node_start utils/xml_parser.c:308
    #9 0x7f943119ba4c in xml_sax_parse_attribute utils/xml_parser.c:397
    #10 0x7f943119ba4c in xml_sax_parse utils/xml_parser.c:940
    #11 0x7f943119796e in gf_xml_sax_parse_intern utils/xml_parser.c:1084
    #12 0x7f943119cda7 in gf_xml_sax_parse utils/xml_parser.c:1138
    #13 0x7f943119d103 in xml_sax_read_file utils/xml_parser.c:1225
    #14 0x7f943119dbb8 in gf_xml_sax_parse_file utils/xml_parser.c:1338
    #15 0x7f94319baa39 in load_xmt_run scene_manager/loader_xmt.c:3700
    #16 0x7f9432067443 in ctxload_process filters/load_bt_xmt.c:544
    #17 0x7f9431de0093 in gf_filter_process_task filter_core/filter.c:3257
    #18 0x7f9431db44c1 in gf_fs_thread_proc filter_core/filter_session.c:2420
    #19 0x7f9431db9582 in gf_fs_run filter_core/filter_session.c:2728
    #20 0x7f943187328a in gf_media_import media_tools/media_import.c:1639
    #21 0x56087f79d411 in import_file /run/media/user/8ed8205b-4114-4c2a-b2d0-e2ad6640262d/gpac/runtime/gpac_asan/applications/mp4box/fileimport.c:1733
    #22 0x56087f759fc9 in do_add_cat /run/media/user/8ed8205b-4114-4c2a-b2d0-e2ad6640262d/gpac/runtime/gpac_asan/applications/mp4box/mp4box.c:4633
    #23 0x56087f75c3f7 in mp4box_main /run/media/user/8ed8205b-4114-4c2a-b2d0-e2ad6640262d/gpac/runtime/gpac_asan/applications/mp4box/mp4box.c:6377
    #24 0x7f9430c33f76 in __libc_start_call_main ../sysdeps/nptl/libc_start_call_main.h:58
    #25 0x7f9430c34026 in __libc_start_main_impl ../csu/libc-start.c:360
    #26 0x56087f73c080 in _start (/run/media/user/8ed8205b-4114-4c2a-b2d0-e2ad6640262d/gpac/runtime/gpac_asan/bin/gcc/MP4Box+0x4d080) (BuildId: 1651312aefdad6adf454cb6d555ab16d3e0fe1b8)

Indirect leak of 128 byte(s) in 2 object(s) allocated from:
    #0 0x7f9432f2435f in malloc ../../../../src/libsanitizer/asan/asan_malloc_linux.cpp:67
    #1 0x7f9431265ded in gf_node_setup scenegraph/base_scenegraph.c:1319
    #2 0x7f94312e1891 in AudioSource_Create scenegraph/mpeg4_nodes.c:1456
    #3 0x7f94312e1891 in gf_sg_mpeg4_node_new scenegraph/mpeg4_nodes.c:36724
    #4 0x7f943126aa22 in gf_node_new scenegraph/base_scenegraph.c:2112
    #5 0x7f94319c6560 in xmt_parse_element scene_manager/loader_xmt.c:2036
    #6 0x7f94319cbae3 in xmt_node_start scene_manager/loader_xmt.c:2980
    #7 0x7f943119730c in xml_sax_node_start utils/xml_parser.c:308
    #8 0x7f943119ba4c in xml_sax_parse_attribute utils/xml_parser.c:397
    #9 0x7f943119ba4c in xml_sax_parse utils/xml_parser.c:940
    #10 0x7f9431197d60 in gf_xml_sax_parse_intern utils/xml_parser.c:1110
    #11 0x7f943119cda7 in gf_xml_sax_parse utils/xml_parser.c:1138
    #12 0x7f943119d103 in xml_sax_read_file utils/xml_parser.c:1225
    #13 0x7f943119dbb8 in gf_xml_sax_parse_file utils/xml_parser.c:1338
    #14 0x7f94319baa39 in load_xmt_run scene_manager/loader_xmt.c:3700
    #15 0x7f9432067443 in ctxload_process filters/load_bt_xmt.c:544
    #16 0x7f9431de0093 in gf_filter_process_task filter_core/filter.c:3257
    #17 0x7f9431db44c1 in gf_fs_thread_proc filter_core/filter_session.c:2420
    #18 0x7f9431db9582 in gf_fs_run filter_core/filter_session.c:2728
    #19 0x7f943187328a in gf_media_import media_tools/media_import.c:1639
    #20 0x56087f79d411 in import_file /run/media/user/8ed8205b-4114-4c2a-b2d0-e2ad6640262d/gpac/runtime/gpac_asan/applications/mp4box/fileimport.c:1733
    #21 0x56087f759fc9 in do_add_cat /run/media/user/8ed8205b-4114-4c2a-b2d0-e2ad6640262d/gpac/runtime/gpac_asan/applications/mp4box/mp4box.c:4633
    #22 0x56087f75c3f7 in mp4box_main /run/media/user/8ed8205b-4114-4c2a-b2d0-e2ad6640262d/gpac/runtime/gpac_asan/applications/mp4box/mp4box.c:6377
    #23 0x7f9430c33f76 in __libc_start_call_main ../sysdeps/nptl/libc_start_call_main.h:58
    #24 0x7f9430c34026 in __libc_start_main_impl ../csu/libc-start.c:360
    #25 0x56087f73c080 in _start (/run/media/user/8ed8205b-4114-4c2a-b2d0-e2ad6640262d/gpac/runtime/gpac_asan/bin/gcc/MP4Box+0x4d080) (BuildId: 1651312aefdad6adf454cb6d555ab16d3e0fe1b8)

Indirect leak of 128 byte(s) in 2 object(s) allocated from:
    #0 0x7f9432f2435f in malloc ../../../../src/libsanitizer/asan/asan_malloc_linux.cpp:67
    #1 0x7f9431265ded in gf_node_setup scenegraph/base_scenegraph.c:1319
    #2 0x7f94312e0032 in Sound2D_Create scenegraph/mpeg4_nodes.c:13303
    #3 0x7f94312e0032 in gf_sg_mpeg4_node_new scenegraph/mpeg4_nodes.c:36872
    #4 0x7f943126aa22 in gf_node_new scenegraph/base_scenegraph.c:2112
    #5 0x7f94319c6560 in xmt_parse_element scene_manager/loader_xmt.c:2036
    #6 0x7f94319cbae3 in xmt_node_start scene_manager/loader_xmt.c:2980
    #7 0x7f943119730c in xml_sax_node_start utils/xml_parser.c:308
    #8 0x7f943119ba4c in xml_sax_parse_attribute utils/xml_parser.c:397
    #9 0x7f943119ba4c in xml_sax_parse utils/xml_parser.c:940
    #10 0x7f9431197d60 in gf_xml_sax_parse_intern utils/xml_parser.c:1110
    #11 0x7f943119cda7 in gf_xml_sax_parse utils/xml_parser.c:1138
    #12 0x7f943119d103 in xml_sax_read_file utils/xml_parser.c:1225
    #13 0x7f943119dbb8 in gf_xml_sax_parse_file utils/xml_parser.c:1338
    #14 0x7f94319baa39 in load_xmt_run scene_manager/loader_xmt.c:3700
    #15 0x7f9432067443 in ctxload_process filters/load_bt_xmt.c:544
    #16 0x7f9431de0093 in gf_filter_process_task filter_core/filter.c:3257
    #17 0x7f9431db44c1 in gf_fs_thread_proc filter_core/filter_session.c:2420
    #18 0x7f9431db9582 in gf_fs_run filter_core/filter_session.c:2728
    #19 0x7f943187328a in gf_media_import media_tools/media_import.c:1639
    #20 0x56087f79d411 in import_file /run/media/user/8ed8205b-4114-4c2a-b2d0-e2ad6640262d/gpac/runtime/gpac_asan/applications/mp4box/fileimport.c:1733
    #21 0x56087f759fc9 in do_add_cat /run/media/user/8ed8205b-4114-4c2a-b2d0-e2ad6640262d/gpac/runtime/gpac_asan/applications/mp4box/mp4box.c:4633
    #22 0x56087f75c3f7 in mp4box_main /run/media/user/8ed8205b-4114-4c2a-b2d0-e2ad6640262d/gpac/runtime/gpac_asan/applications/mp4box/mp4box.c:6377
    #23 0x7f9430c33f76 in __libc_start_call_main ../sysdeps/nptl/libc_start_call_main.h:58
    #24 0x7f9430c34026 in __libc_start_main_impl ../csu/libc-start.c:360
    #25 0x56087f73c080 in _start (/run/media/user/8ed8205b-4114-4c2a-b2d0-e2ad6640262d/gpac/runtime/gpac_asan/bin/gcc/MP4Box+0x4d080) (BuildId: 1651312aefdad6adf454cb6d555ab16d3e0fe1b8)

Indirect leak of 128 byte(s) in 2 object(s) allocated from:
    #0 0x7f9432f2435f in malloc ../../../../src/libsanitizer/asan/asan_malloc_linux.cpp:67
    #1 0x7f9431b04219 in compositor_init_animationstream compositor/mpeg4_animstream.c:177
    #2 0x7f9431c5c51a in gf_scene_on_node_init compositor/scene_node_init.c:286
    #3 0x7f9431c5c51a in gf_scene_on_node_init compositor/scene_node_init.c:206
    #4 0x7f9431c5c51a in gf_scene_node_callback compositor/scene_node_init.c:360
    #5 0x7f94319c6a44 in xmt_parse_element scene_manager/loader_xmt.c:2180
    #6 0x7f94319cbae3 in xmt_node_start scene_manager/loader_xmt.c:2980
    #7 0x7f943119730c in xml_sax_node_start utils/xml_parser.c:308
    #8 0x7f943119ae3f in xml_sax_parse utils/xml_parser.c:863
    #9 0x7f9431197d60 in gf_xml_sax_parse_intern utils/xml_parser.c:1110
    #10 0x7f943119cda7 in gf_xml_sax_parse utils/xml_parser.c:1138
    #11 0x7f943119d103 in xml_sax_read_file utils/xml_parser.c:1225
    #12 0x7f943119dbb8 in gf_xml_sax_parse_file utils/xml_parser.c:1338
    #13 0x7f94319baa39 in load_xmt_run scene_manager/loader_xmt.c:3700
    #14 0x7f9432067443 in ctxload_process filters/load_bt_xmt.c:544
    #15 0x7f9431de0093 in gf_filter_process_task filter_core/filter.c:3257
    #16 0x7f9431db44c1 in gf_fs_thread_proc filter_core/filter_session.c:2420
    #17 0x7f9431db9582 in gf_fs_run filter_core/filter_session.c:2728
    #18 0x7f943187328a in gf_media_import media_tools/media_import.c:1639
    #19 0x56087f79d411 in import_file /run/media/user/8ed8205b-4114-4c2a-b2d0-e2ad6640262d/gpac/runtime/gpac_asan/applications/mp4box/fileimport.c:1733
    #20 0x56087f759fc9 in do_add_cat /run/media/user/8ed8205b-4114-4c2a-b2d0-e2ad6640262d/gpac/runtime/gpac_asan/applications/mp4box/mp4box.c:4633
    #21 0x56087f75c3f7 in mp4box_main /run/media/user/8ed8205b-4114-4c2a-b2d0-e2ad6640262d/gpac/runtime/gpac_asan/applications/mp4box/mp4box.c:6377
    #22 0x7f9430c33f76 in __libc_start_call_main ../sysdeps/nptl/libc_start_call_main.h:58
    #23 0x7f9430c34026 in __libc_start_main_impl ../csu/libc-start.c:360
    #24 0x56087f73c080 in _start (/run/media/user/8ed8205b-4114-4c2a-b2d0-e2ad6640262d/gpac/runtime/gpac_asan/bin/gcc/MP4Box+0x4d080) (BuildId: 1651312aefdad6adf454cb6d555ab16d3e0fe1b8)

Indirect leak of 128 byte(s) in 2 object(s) allocated from:
    #0 0x7f9432f2435f in malloc ../../../../src/libsanitizer/asan/asan_malloc_linux.cpp:67
    #1 0x7f9431265ded in gf_node_setup scenegraph/base_scenegraph.c:1319
    #2 0x7f94312e19cb in AnimationStream_Create scenegraph/mpeg4_nodes.c:315
    #3 0x7f94312e19cb in gf_sg_mpeg4_node_new scenegraph/mpeg4_nodes.c:36710
    #4 0x7f943126aa22 in gf_node_new scenegraph/base_scenegraph.c:2112
    #5 0x7f94319c6560 in xmt_parse_element scene_manager/loader_xmt.c:2036
    #6 0x7f94319cbae3 in xmt_node_start scene_manager/loader_xmt.c:2980
    #7 0x7f943119730c in xml_sax_node_start utils/xml_parser.c:308
    #8 0x7f943119ae3f in xml_sax_parse utils/xml_parser.c:863
    #9 0x7f9431197d60 in gf_xml_sax_parse_intern utils/xml_parser.c:1110
    #10 0x7f943119cda7 in gf_xml_sax_parse utils/xml_parser.c:1138
    #11 0x7f943119d103 in xml_sax_read_file utils/xml_parser.c:1225
    #12 0x7f943119dbb8 in gf_xml_sax_parse_file utils/xml_parser.c:1338
    #13 0x7f94319baa39 in load_xmt_run scene_manager/loader_xmt.c:3700
    #14 0x7f9432067443 in ctxload_process filters/load_bt_xmt.c:544
    #15 0x7f9431de0093 in gf_filter_process_task filter_core/filter.c:3257
    #16 0x7f9431db44c1 in gf_fs_thread_proc filter_core/filter_session.c:2420
    #17 0x7f9431db9582 in gf_fs_run filter_core/filter_session.c:2728
    #18 0x7f943187328a in gf_media_import media_tools/media_import.c:1639
    #19 0x56087f79d411 in import_file /run/media/user/8ed8205b-4114-4c2a-b2d0-e2ad6640262d/gpac/runtime/gpac_asan/applications/mp4box/fileimport.c:1733
    #20 0x56087f759fc9 in do_add_cat /run/media/user/8ed8205b-4114-4c2a-b2d0-e2ad6640262d/gpac/runtime/gpac_asan/applications/mp4box/mp4box.c:4633
    #21 0x56087f75c3f7 in mp4box_main /run/media/user/8ed8205b-4114-4c2a-b2d0-e2ad6640262d/gpac/runtime/gpac_asan/applications/mp4box/mp4box.c:6377
    #22 0x7f9430c33f76 in __libc_start_call_main ../sysdeps/nptl/libc_start_call_main.h:58
    #23 0x7f9430c34026 in __libc_start_main_impl ../csu/libc-start.c:360
    #24 0x56087f73c080 in _start (/run/media/user/8ed8205b-4114-4c2a-b2d0-e2ad6640262d/gpac/runtime/gpac_asan/bin/gcc/MP4Box+0x4d080) (BuildId: 1651312aefdad6adf454cb6d555ab16d3e0fe1b8)

Indirect leak of 128 byte(s) in 2 object(s) allocated from:
    #0 0x7f9432f2435f in malloc ../../../../src/libsanitizer/asan/asan_malloc_linux.cpp:67
    #1 0x7f94312e19a3 in AnimationStream_Create scenegraph/mpeg4_nodes.c:313
    #2 0x7f94312e19a3 in gf_sg_mpeg4_node_new scenegraph/mpeg4_nodes.c:36710
    #3 0x7f943126aa22 in gf_node_new scenegraph/base_scenegraph.c:2112
    #4 0x7f94319c6560 in xmt_parse_element scene_manager/loader_xmt.c:2036
    #5 0x7f94319cbae3 in xmt_node_start scene_manager/loader_xmt.c:2980
    #6 0x7f943119730c in xml_sax_node_start utils/xml_parser.c:308
    #7 0x7f943119ae3f in xml_sax_parse utils/xml_parser.c:863
    #8 0x7f9431197d60 in gf_xml_sax_parse_intern utils/xml_parser.c:1110
    #9 0x7f943119cda7 in gf_xml_sax_parse utils/xml_parser.c:1138
    #10 0x7f943119d103 in xml_sax_read_file utils/xml_parser.c:1225
    #11 0x7f943119dbb8 in gf_xml_sax_parse_file utils/xml_parser.c:1338
    #12 0x7f94319baa39 in load_xmt_run scene_manager/loader_xmt.c:3700
    #13 0x7f9432067443 in ctxload_process filters/load_bt_xmt.c:544
    #14 0x7f9431de0093 in gf_filter_process_task filter_core/filter.c:3257
    #15 0x7f9431db44c1 in gf_fs_thread_proc filter_core/filter_session.c:2420
    #16 0x7f9431db9582 in gf_fs_run filter_core/filter_session.c:2728
    #17 0x7f943187328a in gf_media_import media_tools/media_import.c:1639
    #18 0x56087f79d411 in import_file /run/media/user/8ed8205b-4114-4c2a-b2d0-e2ad6640262d/gpac/runtime/gpac_asan/applications/mp4box/fileimport.c:1733
    #19 0x56087f759fc9 in do_add_cat /run/media/user/8ed8205b-4114-4c2a-b2d0-e2ad6640262d/gpac/runtime/gpac_asan/applications/mp4box/mp4box.c:4633
    #20 0x56087f75c3f7 in mp4box_main /run/media/user/8ed8205b-4114-4c2a-b2d0-e2ad6640262d/gpac/runtime/gpac_asan/applications/mp4box/mp4box.c:6377
    #21 0x7f9430c33f76 in __libc_start_call_main ../sysdeps/nptl/libc_start_call_main.h:58
    #22 0x7f9430c34026 in __libc_start_main_impl ../csu/libc-start.c:360
    #23 0x56087f73c080 in _start (/run/media/user/8ed8205b-4114-4c2a-b2d0-e2ad6640262d/gpac/runtime/gpac_asan/bin/gcc/MP4Box+0x4d080) (BuildId: 1651312aefdad6adf454cb6d555ab16d3e0fe1b8)

Indirect leak of 128 byte(s) in 2 object(s) allocated from:
    #0 0x7f9432f2435f in malloc ../../../../src/libsanitizer/asan/asan_malloc_linux.cpp:67
    #1 0x7f94311e60c4 in gf_mx_new utils/os_thread.c:531
    #2 0x7f9431264151 in gf_sg_new scenegraph/base_scenegraph.c:67
    #3 0x7f9431264313 in gf_sg_new_subscene scenegraph/base_scenegraph.c:109
    #4 0x7f9431338cb0 in gf_sg_proto_create_node scenegraph/vrml_proto.c:797
    #5 0x7f94319c4d88 in xmt_parse_element scene_manager/loader_xmt.c:1975
    #6 0x7f94319cbae3 in xmt_node_start scene_manager/loader_xmt.c:2980
    #7 0x7f943119730c in xml_sax_node_start utils/xml_parser.c:308
    #8 0x7f943119ba4c in xml_sax_parse_attribute utils/xml_parser.c:397
    #9 0x7f943119ba4c in xml_sax_parse utils/xml_parser.c:940
    #10 0x7f943119796e in gf_xml_sax_parse_intern utils/xml_parser.c:1084
    #11 0x7f943119cda7 in gf_xml_sax_parse utils/xml_parser.c:1138
    #12 0x7f943119d103 in xml_sax_read_file utils/xml_parser.c:1225
    #13 0x7f943119dbb8 in gf_xml_sax_parse_file utils/xml_parser.c:1338
    #14 0x7f94319baa39 in load_xmt_run scene_manager/loader_xmt.c:3700
    #15 0x7f9432067443 in ctxload_process filters/load_bt_xmt.c:544
    #16 0x7f9431de0093 in gf_filter_process_task filter_core/filter.c:3257
    #17 0x7f9431db44c1 in gf_fs_thread_proc filter_core/filter_session.c:2420
    #18 0x7f9431db9582 in gf_fs_run filter_core/filter_session.c:2728
    #19 0x7f943187328a in gf_media_import media_tools/media_import.c:1639
    #20 0x56087f79d411 in import_file /run/media/user/8ed8205b-4114-4c2a-b2d0-e2ad6640262d/gpac/runtime/gpac_asan/applications/mp4box/fileimport.c:1733
    #21 0x56087f759fc9 in do_add_cat /run/media/user/8ed8205b-4114-4c2a-b2d0-e2ad6640262d/gpac/runtime/gpac_asan/applications/mp4box/mp4box.c:4633
    #22 0x56087f75c3f7 in mp4box_main /run/media/user/8ed8205b-4114-4c2a-b2d0-e2ad6640262d/gpac/runtime/gpac_asan/applications/mp4box/mp4box.c:6377
    #23 0x7f9430c33f76 in __libc_start_call_main ../sysdeps/nptl/libc_start_call_main.h:58
    #24 0x7f9430c34026 in __libc_start_main_impl ../csu/libc-start.c:360
    #25 0x56087f73c080 in _start (/run/media/user/8ed8205b-4114-4c2a-b2d0-e2ad6640262d/gpac/runtime/gpac_asan/bin/gcc/MP4Box+0x4d080) (BuildId: 1651312aefdad6adf454cb6d555ab16d3e0fe1b8)

Indirect leak of 128 byte(s) in 2 object(s) allocated from:
    #0 0x7f9432f2435f in malloc ../../../../src/libsanitizer/asan/asan_malloc_linux.cpp:67
    #1 0x7f9431265ded in gf_node_setup scenegraph/base_scenegraph.c:1319
    #2 0x7f9431338ba1 in gf_sg_proto_create_node scenegraph/vrml_proto.c:786
    #3 0x7f94319c4d88 in xmt_parse_element scene_manager/loader_xmt.c:1975
    #4 0x7f94319cbae3 in xmt_node_start scene_manager/loader_xmt.c:2980
    #5 0x7f943119730c in xml_sax_node_start utils/xml_parser.c:308
    #6 0x7f943119ba4c in xml_sax_parse_attribute utils/xml_parser.c:397
    #7 0x7f943119ba4c in xml_sax_parse utils/xml_parser.c:940
    #8 0x7f943119796e in gf_xml_sax_parse_intern utils/xml_parser.c:1084
    #9 0x7f943119cda7 in gf_xml_sax_parse utils/xml_parser.c:1138
    #10 0x7f943119d103 in xml_sax_read_file utils/xml_parser.c:1225
    #11 0x7f943119dbb8 in gf_xml_sax_parse_file utils/xml_parser.c:1338
    #12 0x7f94319baa39 in load_xmt_run scene_manager/loader_xmt.c:3700
    #13 0x7f9432067443 in ctxload_process filters/load_bt_xmt.c:544
    #14 0x7f9431de0093 in gf_filter_process_task filter_core/filter.c:3257
    #15 0x7f9431db44c1 in gf_fs_thread_proc filter_core/filter_session.c:2420
    #16 0x7f9431db9582 in gf_fs_run filter_core/filter_session.c:2728
    #17 0x7f943187328a in gf_media_import media_tools/media_import.c:1639
    #18 0x56087f79d411 in import_file /run/media/user/8ed8205b-4114-4c2a-b2d0-e2ad6640262d/gpac/runtime/gpac_asan/applications/mp4box/fileimport.c:1733
    #19 0x56087f759fc9 in do_add_cat /run/media/user/8ed8205b-4114-4c2a-b2d0-e2ad6640262d/gpac/runtime/gpac_asan/applications/mp4box/mp4box.c:4633
    #20 0x56087f75c3f7 in mp4box_main /run/media/user/8ed8205b-4114-4c2a-b2d0-e2ad6640262d/gpac/runtime/gpac_asan/applications/mp4box/mp4box.c:6377
    #21 0x7f9430c33f76 in __libc_start_call_main ../sysdeps/nptl/libc_start_call_main.h:58
    #22 0x7f9430c34026 in __libc_start_main_impl ../csu/libc-start.c:360
    #23 0x56087f73c080 in _start (/run/media/user/8ed8205b-4114-4c2a-b2d0-e2ad6640262d/gpac/runtime/gpac_asan/bin/gcc/MP4Box+0x4d080) (BuildId: 1651312aefdad6adf454cb6d555ab16d3e0fe1b8)

Indirect leak of 128 byte(s) in 2 object(s) allocated from:
    #0 0x7f9432f2435f in malloc ../../../../src/libsanitizer/asan/asan_malloc_linux.cpp:67
    #1 0x7f9431338b79 in gf_sg_proto_create_node scenegraph/vrml_proto.c:783
    #2 0x7f94319c4d88 in xmt_parse_element scene_manager/loader_xmt.c:1975
    #3 0x7f94319cbae3 in xmt_node_start scene_manager/loader_xmt.c:2980
    #4 0x7f943119730c in xml_sax_node_start utils/xml_parser.c:308
    #5 0x7f943119ba4c in xml_sax_parse_attribute utils/xml_parser.c:397
    #6 0x7f943119ba4c in xml_sax_parse utils/xml_parser.c:940
    #7 0x7f943119796e in gf_xml_sax_parse_intern utils/xml_parser.c:1084
    #8 0x7f943119cda7 in gf_xml_sax_parse utils/xml_parser.c:1138
    #9 0x7f943119d103 in xml_sax_read_file utils/xml_parser.c:1225
    #10 0x7f943119dbb8 in gf_xml_sax_parse_file utils/xml_parser.c:1338
    #11 0x7f94319baa39 in load_xmt_run scene_manager/loader_xmt.c:3700
    #12 0x7f9432067443 in ctxload_process filters/load_bt_xmt.c:544
    #13 0x7f9431de0093 in gf_filter_process_task filter_core/filter.c:3257
    #14 0x7f9431db44c1 in gf_fs_thread_proc filter_core/filter_session.c:2420
    #15 0x7f9431db9582 in gf_fs_run filter_core/filter_session.c:2728
    #16 0x7f943187328a in gf_media_import media_tools/media_import.c:1639
    #17 0x56087f79d411 in import_file /run/media/user/8ed8205b-4114-4c2a-b2d0-e2ad6640262d/gpac/runtime/gpac_asan/applications/mp4box/fileimport.c:1733
    #18 0x56087f759fc9 in do_add_cat /run/media/user/8ed8205b-4114-4c2a-b2d0-e2ad6640262d/gpac/runtime/gpac_asan/applications/mp4box/mp4box.c:4633
    #19 0x56087f75c3f7 in mp4box_main /run/media/user/8ed8205b-4114-4c2a-b2d0-e2ad6640262d/gpac/runtime/gpac_asan/applications/mp4box/mp4box.c:6377
    #20 0x7f9430c33f76 in __libc_start_call_main ../sysdeps/nptl/libc_start_call_main.h:58
    #21 0x7f9430c34026 in __libc_start_main_impl ../csu/libc-start.c:360
    #22 0x56087f73c080 in _start (/run/media/user/8ed8205b-4114-4c2a-b2d0-e2ad6640262d/gpac/runtime/gpac_asan/bin/gcc/MP4Box+0x4d080) (BuildId: 1651312aefdad6adf454cb6d555ab16d3e0fe1b8)

Indirect leak of 128 byte(s) in 8 object(s) allocated from:
    #0 0x7f9432f2435f in malloc ../../../../src/libsanitizer/asan/asan_malloc_linux.cpp:67
    #1 0x7f9431264c93 in gf_node_register scenegraph/base_scenegraph.c:840
    #2 0x7f94319c6233 in xmt_parse_element scene_manager/loader_xmt.c:2165
    #3 0x7f94319cbae3 in xmt_node_start scene_manager/loader_xmt.c:2980
    #4 0x7f943119730c in xml_sax_node_start utils/xml_parser.c:308
    #5 0x7f943119ba4c in xml_sax_parse_attribute utils/xml_parser.c:397
    #6 0x7f943119ba4c in xml_sax_parse utils/xml_parser.c:940
    #7 0x7f943119796e in gf_xml_sax_parse_intern utils/xml_parser.c:1084
    #8 0x7f943119cda7 in gf_xml_sax_parse utils/xml_parser.c:1138
    #9 0x7f943119d103 in xml_sax_read_file utils/xml_parser.c:1225
    #10 0x7f943119dbb8 in gf_xml_sax_parse_file utils/xml_parser.c:1338
    #11 0x7f94319baa39 in load_xmt_run scene_manager/loader_xmt.c:3700
    #12 0x7f9432067443 in ctxload_process filters/load_bt_xmt.c:544
    #13 0x7f9431de0093 in gf_filter_process_task filter_core/filter.c:3257
    #14 0x7f9431db44c1 in gf_fs_thread_proc filter_core/filter_session.c:2420
    #15 0x7f9431db9582 in gf_fs_run filter_core/filter_session.c:2728
    #16 0x7f943187328a in gf_media_import media_tools/media_import.c:1639
    #17 0x56087f79d411 in import_file /run/media/user/8ed8205b-4114-4c2a-b2d0-e2ad6640262d/gpac/runtime/gpac_asan/applications/mp4box/fileimport.c:1733
    #18 0x56087f759fc9 in do_add_cat /run/media/user/8ed8205b-4114-4c2a-b2d0-e2ad6640262d/gpac/runtime/gpac_asan/applications/mp4box/mp4box.c:4633
    #19 0x56087f75c3f7 in mp4box_main /run/media/user/8ed8205b-4114-4c2a-b2d0-e2ad6640262d/gpac/runtime/gpac_asan/applications/mp4box/mp4box.c:6377
    #20 0x7f9430c33f76 in __libc_start_call_main ../sysdeps/nptl/libc_start_call_main.h:58
    #21 0x7f9430c34026 in __libc_start_main_impl ../csu/libc-start.c:360
    #22 0x56087f73c080 in _start (/run/media/user/8ed8205b-4114-4c2a-b2d0-e2ad6640262d/gpac/runtime/gpac_asan/bin/gcc/MP4Box+0x4d080) (BuildId: 1651312aefdad6adf454cb6d555ab16d3e0fe1b8)

Indirect leak of 128 byte(s) in 2 object(s) allocated from:
    #0 0x7f9432f2435f in malloc ../../../../src/libsanitizer/asan/asan_malloc_linux.cpp:67
    #1 0x7f9431b1ee72 in compositor_init_form compositor/mpeg4_form.c:387
    #2 0x7f9431c5c51a in gf_scene_on_node_init compositor/scene_node_init.c:286
    #3 0x7f9431c5c51a in gf_scene_on_node_init compositor/scene_node_init.c:206
    #4 0x7f9431c5c51a in gf_scene_node_callback compositor/scene_node_init.c:360
    #5 0x7f94319c6a44 in xmt_parse_element scene_manager/loader_xmt.c:2180
    #6 0x7f94319cbae3 in xmt_node_start scene_manager/loader_xmt.c:2980
    #7 0x7f943119730c in xml_sax_node_start utils/xml_parser.c:308
    #8 0x7f943119c087 in xml_sax_parse_attribute utils/xml_parser.c:357
    #9 0x7f943119c087 in xml_sax_parse utils/xml_parser.c:940
    #10 0x7f943119796e in gf_xml_sax_parse_intern utils/xml_parser.c:1084
    #11 0x7f943119cda7 in gf_xml_sax_parse utils/xml_parser.c:1138
    #12 0x7f943119d103 in xml_sax_read_file utils/xml_parser.c:1225
    #13 0x7f943119dbb8 in gf_xml_sax_parse_file utils/xml_parser.c:1338
    #14 0x7f94319baa39 in load_xmt_run scene_manager/loader_xmt.c:3700
    #15 0x7f9432067443 in ctxload_process filters/load_bt_xmt.c:544
    #16 0x7f9431de0093 in gf_filter_process_task filter_core/filter.c:3257
    #17 0x7f9431db44c1 in gf_fs_thread_proc filter_core/filter_session.c:2420
    #18 0x7f9431db9582 in gf_fs_run filter_core/filter_session.c:2728
    #19 0x7f943187328a in gf_media_import media_tools/media_import.c:1639
    #20 0x56087f79d411 in import_file /run/media/user/8ed8205b-4114-4c2a-b2d0-e2ad6640262d/gpac/runtime/gpac_asan/applications/mp4box/fileimport.c:1733
    #21 0x56087f759fc9 in do_add_cat /run/media/user/8ed8205b-4114-4c2a-b2d0-e2ad6640262d/gpac/runtime/gpac_asan/applications/mp4box/mp4box.c:4633
    #22 0x56087f75c3f7 in mp4box_main /run/media/user/8ed8205b-4114-4c2a-b2d0-e2ad6640262d/gpac/runtime/gpac_asan/applications/mp4box/mp4box.c:6377
    #23 0x7f9430c33f76 in __libc_start_call_main ../sysdeps/nptl/libc_start_call_main.h:58
    #24 0x7f9430c34026 in __libc_start_main_impl ../csu/libc-start.c:360
    #25 0x56087f73c080 in _start (/run/media/user/8ed8205b-4114-4c2a-b2d0-e2ad6640262d/gpac/runtime/gpac_asan/bin/gcc/MP4Box+0x4d080) (BuildId: 1651312aefdad6adf454cb6d555ab16d3e0fe1b8)

Indirect leak of 128 byte(s) in 2 object(s) allocated from:
    #0 0x7f9432f2435f in malloc ../../../../src/libsanitizer/asan/asan_malloc_linux.cpp:67
    #1 0x7f9431265ded in gf_node_setup scenegraph/base_scenegraph.c:1319
    #2 0x7f94312e1eaf in Layer2D_Create scenegraph/mpeg4_nodes.c:8797
    #3 0x7f94312e1eaf in gf_sg_mpeg4_node_new scenegraph/mpeg4_nodes.c:36814
    #4 0x7f943126aa22 in gf_node_new scenegraph/base_scenegraph.c:2112
    #5 0x7f94319c6560 in xmt_parse_element scene_manager/loader_xmt.c:2036
    #6 0x7f94319cbae3 in xmt_node_start scene_manager/loader_xmt.c:2980
    #7 0x7f943119730c in xml_sax_node_start utils/xml_parser.c:308
    #8 0x7f943119c087 in xml_sax_parse_attribute utils/xml_parser.c:357
    #9 0x7f943119c087 in xml_sax_parse utils/xml_parser.c:940
    #10 0x7f943119796e in gf_xml_sax_parse_intern utils/xml_parser.c:1084
    #11 0x7f943119cda7 in gf_xml_sax_parse utils/xml_parser.c:1138
    #12 0x7f943119d103 in xml_sax_read_file utils/xml_parser.c:1225
    #13 0x7f943119dbb8 in gf_xml_sax_parse_file utils/xml_parser.c:1338
    #14 0x7f94319baa39 in load_xmt_run scene_manager/loader_xmt.c:3700
    #15 0x7f9432067443 in ctxload_process filters/load_bt_xmt.c:544
    #16 0x7f9431de0093 in gf_filter_process_task filter_core/filter.c:3257
    #17 0x7f9431db44c1 in gf_fs_thread_proc filter_core/filter_session.c:2420
    #18 0x7f9431db9582 in gf_fs_run filter_core/filter_session.c:2728
    #19 0x7f943187328a in gf_media_import media_tools/media_import.c:1639
    #20 0x56087f79d411 in import_file /run/media/user/8ed8205b-4114-4c2a-b2d0-e2ad6640262d/gpac/runtime/gpac_asan/applications/mp4box/fileimport.c:1733
    #21 0x56087f759fc9 in do_add_cat /run/media/user/8ed8205b-4114-4c2a-b2d0-e2ad6640262d/gpac/runtime/gpac_asan/applications/mp4box/mp4box.c:4633
    #22 0x56087f75c3f7 in mp4box_main /run/media/user/8ed8205b-4114-4c2a-b2d0-e2ad6640262d/gpac/runtime/gpac_asan/applications/mp4box/mp4box.c:6377
    #23 0x7f9430c33f76 in __libc_start_call_main ../sysdeps/nptl/libc_start_call_main.h:58
    #24 0x7f9430c34026 in __libc_start_main_impl ../csu/libc-start.c:360
    #25 0x56087f73c080 in _start (/run/media/user/8ed8205b-4114-4c2a-b2d0-e2ad6640262d/gpac/runtime/gpac_asan/bin/gcc/MP4Box+0x4d080) (BuildId: 1651312aefdad6adf454cb6d555ab16d3e0fe1b8)

Indirect leak of 128 byte(s) in 2 object(s) allocated from:
    #0 0x7f9432f2435f in malloc ../../../../src/libsanitizer/asan/asan_malloc_linux.cpp:67
    #1 0x7f9431265ded in gf_node_setup scenegraph/base_scenegraph.c:1319
    #2 0x7f94312dd9b8 in Clipper2D_Create scenegraph/mpeg4_nodes.c:30273
    #3 0x7f94312dd9b8 in gf_sg_mpeg4_node_new scenegraph/mpeg4_nodes.c:37026
    #4 0x7f943126aa22 in gf_node_new scenegraph/base_scenegraph.c:2112
    #5 0x7f94319c6560 in xmt_parse_element scene_manager/loader_xmt.c:2036
    #6 0x7f94319cbae3 in xmt_node_start scene_manager/loader_xmt.c:2980
    #7 0x7f943119730c in xml_sax_node_start utils/xml_parser.c:308
    #8 0x7f943119c087 in xml_sax_parse_attribute utils/xml_parser.c:357
    #9 0x7f943119c087 in xml_sax_parse utils/xml_parser.c:940
    #10 0x7f943119796e in gf_xml_sax_parse_intern utils/xml_parser.c:1084
    #11 0x7f943119cda7 in gf_xml_sax_parse utils/xml_parser.c:1138
    #12 0x7f943119d103 in xml_sax_read_file utils/xml_parser.c:1225
    #13 0x7f943119dbb8 in gf_xml_sax_parse_file utils/xml_parser.c:1338
    #14 0x7f94319baa39 in load_xmt_run scene_manager/loader_xmt.c:3700
    #15 0x7f9432067443 in ctxload_process filters/load_bt_xmt.c:544
    #16 0x7f9431de0093 in gf_filter_process_task filter_core/filter.c:3257
    #17 0x7f9431db44c1 in gf_fs_thread_proc filter_core/filter_session.c:2420
    #18 0x7f9431db9582 in gf_fs_run filter_core/filter_session.c:2728
    #19 0x7f943187328a in gf_media_import media_tools/media_import.c:1639
    #20 0x56087f79d411 in import_file /run/media/user/8ed8205b-4114-4c2a-b2d0-e2ad6640262d/gpac/runtime/gpac_asan/applications/mp4box/fileimport.c:1733
    #21 0x56087f759fc9 in do_add_cat /run/media/user/8ed8205b-4114-4c2a-b2d0-e2ad6640262d/gpac/runtime/gpac_asan/applications/mp4box/mp4box.c:4633
    #22 0x56087f75c3f7 in mp4box_main /run/media/user/8ed8205b-4114-4c2a-b2d0-e2ad6640262d/gpac/runtime/gpac_asan/applications/mp4box/mp4box.c:6377
    #23 0x7f9430c33f76 in __libc_start_call_main ../sysdeps/nptl/libc_start_call_main.h:58
    #24 0x7f9430c34026 in __libc_start_main_impl ../csu/libc-start.c:360
    #25 0x56087f73c080 in _start (/run/media/user/8ed8205b-4114-4c2a-b2d0-e2ad6640262d/gpac/runtime/gpac_asan/bin/gcc/MP4Box+0x4d080) (BuildId: 1651312aefdad6adf454cb6d555ab16d3e0fe1b8)

Indirect leak of 128 byte(s) in 8 object(s) allocated from:
    #0 0x7f9432f2435f in malloc ../../../../src/libsanitizer/asan/asan_malloc_linux.cpp:67
    #1 0x7f9431264c93 in gf_node_register scenegraph/base_scenegraph.c:840
    #2 0x7f94319c7571 in xmt_parse_element scene_manager/loader_xmt.c:2170
    #3 0x7f94319cbae3 in xmt_node_start scene_manager/loader_xmt.c:2980
    #4 0x7f943119730c in xml_sax_node_start utils/xml_parser.c:308
    #5 0x7f943119c087 in xml_sax_parse_attribute utils/xml_parser.c:357
    #6 0x7f943119c087 in xml_sax_parse utils/xml_parser.c:940
    #7 0x7f943119796e in gf_xml_sax_parse_intern utils/xml_parser.c:1084
    #8 0x7f943119cda7 in gf_xml_sax_parse utils/xml_parser.c:1138
    #9 0x7f943119d103 in xml_sax_read_file utils/xml_parser.c:1225
    #10 0x7f943119dbb8 in gf_xml_sax_parse_file utils/xml_parser.c:1338
    #11 0x7f94319baa39 in load_xmt_run scene_manager/loader_xmt.c:3700
    #12 0x7f9432067443 in ctxload_process filters/load_bt_xmt.c:544
    #13 0x7f9431de0093 in gf_filter_process_task filter_core/filter.c:3257
    #14 0x7f9431db44c1 in gf_fs_thread_proc filter_core/filter_session.c:2420
    #15 0x7f9431db9582 in gf_fs_run filter_core/filter_session.c:2728
    #16 0x7f943187328a in gf_media_import media_tools/media_import.c:1639
    #17 0x56087f79d411 in import_file /run/media/user/8ed8205b-4114-4c2a-b2d0-e2ad6640262d/gpac/runtime/gpac_asan/applications/mp4box/fileimport.c:1733
    #18 0x56087f759fc9 in do_add_cat /run/media/user/8ed8205b-4114-4c2a-b2d0-e2ad6640262d/gpac/runtime/gpac_asan/applications/mp4box/mp4box.c:4633
    #19 0x56087f75c3f7 in mp4box_main /run/media/user/8ed8205b-4114-4c2a-b2d0-e2ad6640262d/gpac/runtime/gpac_asan/applications/mp4box/mp4box.c:6377
    #20 0x7f9430c33f76 in __libc_start_call_main ../sysdeps/nptl/libc_start_call_main.h:58
    #21 0x7f9430c34026 in __libc_start_main_impl ../csu/libc-start.c:360
    #22 0x56087f73c080 in _start (/run/media/user/8ed8205b-4114-4c2a-b2d0-e2ad6640262d/gpac/runtime/gpac_asan/bin/gcc/MP4Box+0x4d080) (BuildId: 1651312aefdad6adf454cb6d555ab16d3e0fe1b8)

Indirect leak of 128 byte(s) in 8 object(s) allocated from:
    #0 0x7f9432f2435f in malloc ../../../../src/libsanitizer/asan/asan_malloc_linux.cpp:67
    #1 0x7f9431266a02 in gf_node_list_add_child_last scenegraph/base_scenegraph.c:1562
    #2 0x7f94319c754d in xmt_parse_element scene_manager/loader_xmt.c:2169
    #3 0x7f94319cbae3 in xmt_node_start scene_manager/loader_xmt.c:2980
    #4 0x7f943119730c in xml_sax_node_start utils/xml_parser.c:308
    #5 0x7f943119c087 in xml_sax_parse_attribute utils/xml_parser.c:357
    #6 0x7f943119c087 in xml_sax_parse utils/xml_parser.c:940
    #7 0x7f943119796e in gf_xml_sax_parse_intern utils/xml_parser.c:1084
    #8 0x7f943119cda7 in gf_xml_sax_parse utils/xml_parser.c:1138
    #9 0x7f943119d103 in xml_sax_read_file utils/xml_parser.c:1225
    #10 0x7f943119dbb8 in gf_xml_sax_parse_file utils/xml_parser.c:1338
    #11 0x7f94319baa39 in load_xmt_run scene_manager/loader_xmt.c:3700
    #12 0x7f9432067443 in ctxload_process filters/load_bt_xmt.c:544
    #13 0x7f9431de0093 in gf_filter_process_task filter_core/filter.c:3257
    #14 0x7f9431db44c1 in gf_fs_thread_proc filter_core/filter_session.c:2420
    #15 0x7f9431db9582 in gf_fs_run filter_core/filter_session.c:2728
    #16 0x7f943187328a in gf_media_import media_tools/media_import.c:1639
    #17 0x56087f79d411 in import_file /run/media/user/8ed8205b-4114-4c2a-b2d0-e2ad6640262d/gpac/runtime/gpac_asan/applications/mp4box/fileimport.c:1733
    #18 0x56087f759fc9 in do_add_cat /run/media/user/8ed8205b-4114-4c2a-b2d0-e2ad6640262d/gpac/runtime/gpac_asan/applications/mp4box/mp4box.c:4633
    #19 0x56087f75c3f7 in mp4box_main /run/media/user/8ed8205b-4114-4c2a-b2d0-e2ad6640262d/gpac/runtime/gpac_asan/applications/mp4box/mp4box.c:6377
    #20 0x7f9430c33f76 in __libc_start_call_main ../sysdeps/nptl/libc_start_call_main.h:58
    #21 0x7f9430c34026 in __libc_start_main_impl ../csu/libc-start.c:360
    #22 0x56087f73c080 in _start (/run/media/user/8ed8205b-4114-4c2a-b2d0-e2ad6640262d/gpac/runtime/gpac_asan/bin/gcc/MP4Box+0x4d080) (BuildId: 1651312aefdad6adf454cb6d555ab16d3e0fe1b8)

Indirect leak of 120 byte(s) in 1 object(s) allocated from:
    #0 0x7f9432f2435f in malloc ../../../../src/libsanitizer/asan/asan_malloc_linux.cpp:67
    #1 0x7f9431a335ea in new_mesh compositor/mesh.c:103
    #2 0x7f9431bc7560 in drawable_3d_new compositor/visual_manager_3d.c:43
    #3 0x7f9431b2be5b in compositor_init_elevation_grid compositor/mpeg4_geometry_3d.c:371
    #4 0x7f9431c5c51a in gf_scene_on_node_init compositor/scene_node_init.c:286
    #5 0x7f9431c5c51a in gf_scene_on_node_init compositor/scene_node_init.c:206
    #6 0x7f9431c5c51a in gf_scene_node_callback compositor/scene_node_init.c:360
    #7 0x7f94319c6a44 in xmt_parse_element scene_manager/loader_xmt.c:2180
    #8 0x7f94319cbae3 in xmt_node_start scene_manager/loader_xmt.c:2980
    #9 0x7f943119730c in xml_sax_node_start utils/xml_parser.c:308
    #10 0x7f943119c087 in xml_sax_parse_attribute utils/xml_parser.c:357
    #11 0x7f943119c087 in xml_sax_parse utils/xml_parser.c:940
    #12 0x7f9431197d60 in gf_xml_sax_parse_intern utils/xml_parser.c:1110
    #13 0x7f943119cda7 in gf_xml_sax_parse utils/xml_parser.c:1138
    #14 0x7f943119d103 in xml_sax_read_file utils/xml_parser.c:1225
    #15 0x7f943119dbb8 in gf_xml_sax_parse_file utils/xml_parser.c:1338
    #16 0x7f94319baa39 in load_xmt_run scene_manager/loader_xmt.c:3700
    #17 0x7f9432067443 in ctxload_process filters/load_bt_xmt.c:544
    #18 0x7f9431de0093 in gf_filter_process_task filter_core/filter.c:3257
    #19 0x7f9431db44c1 in gf_fs_thread_proc filter_core/filter_session.c:2420
    #20 0x7f9431db9582 in gf_fs_run filter_core/filter_session.c:2728
    #21 0x7f943187328a in gf_media_import media_tools/media_import.c:1639
    #22 0x56087f79d411 in import_file /run/media/user/8ed8205b-4114-4c2a-b2d0-e2ad6640262d/gpac/runtime/gpac_asan/applications/mp4box/fileimport.c:1733
    #23 0x56087f759fc9 in do_add_cat /run/media/user/8ed8205b-4114-4c2a-b2d0-e2ad6640262d/gpac/runtime/gpac_asan/applications/mp4box/mp4box.c:4633
    #24 0x56087f75c3f7 in mp4box_main /run/media/user/8ed8205b-4114-4c2a-b2d0-e2ad6640262d/gpac/runtime/gpac_asan/applications/mp4box/mp4box.c:6377
    #25 0x7f9430c33f76 in __libc_start_call_main ../sysdeps/nptl/libc_start_call_main.h:58
    #26 0x7f9430c34026 in __libc_start_main_impl ../csu/libc-start.c:360
    #27 0x56087f73c080 in _start (/run/media/user/8ed8205b-4114-4c2a-b2d0-e2ad6640262d/gpac/runtime/gpac_asan/bin/gcc/MP4Box+0x4d080) (BuildId: 1651312aefdad6adf454cb6d555ab16d3e0fe1b8)

Indirect leak of 120 byte(s) in 1 object(s) allocated from:
    #0 0x7f9432f2435f in malloc ../../../../src/libsanitizer/asan/asan_malloc_linux.cpp:67
    #1 0x7f9431a335ea in new_mesh compositor/mesh.c:103
    #2 0x7f9431bc7560 in drawable_3d_new compositor/visual_manager_3d.c:43
    #3 0x7f9431b2bd1b in compositor_init_point_set compositor/mpeg4_geometry_3d.c:232
    #4 0x7f9431c5c51a in gf_scene_on_node_init compositor/scene_node_init.c:286
    #5 0x7f9431c5c51a in gf_scene_on_node_init compositor/scene_node_init.c:206
    #6 0x7f9431c5c51a in gf_scene_node_callback compositor/scene_node_init.c:360
    #7 0x7f94319c6a44 in xmt_parse_element scene_manager/loader_xmt.c:2180
    #8 0x7f94319cbae3 in xmt_node_start scene_manager/loader_xmt.c:2980
    #9 0x7f943119730c in xml_sax_node_start utils/xml_parser.c:308
    #10 0x7f943119ba4c in xml_sax_parse_attribute utils/xml_parser.c:397
    #11 0x7f943119ba4c in xml_sax_parse utils/xml_parser.c:940
    #12 0x7f943119796e in gf_xml_sax_parse_intern utils/xml_parser.c:1084
    #13 0x7f943119cda7 in gf_xml_sax_parse utils/xml_parser.c:1138
    #14 0x7f943119d103 in xml_sax_read_file utils/xml_parser.c:1225
    #15 0x7f943119dbb8 in gf_xml_sax_parse_file utils/xml_parser.c:1338
    #16 0x7f94319baa39 in load_xmt_run scene_manager/loader_xmt.c:3700
    #17 0x7f9432067443 in ctxload_process filters/load_bt_xmt.c:544
    #18 0x7f9431de0093 in gf_filter_process_task filter_core/filter.c:3257
    #19 0x7f9431db44c1 in gf_fs_thread_proc filter_core/filter_session.c:2420
    #20 0x7f9431db9582 in gf_fs_run filter_core/filter_session.c:2728
    #21 0x7f943187328a in gf_media_import media_tools/media_import.c:1639
    #22 0x56087f79d411 in import_file /run/media/user/8ed8205b-4114-4c2a-b2d0-e2ad6640262d/gpac/runtime/gpac_asan/applications/mp4box/fileimport.c:1733
    #23 0x56087f759fc9 in do_add_cat /run/media/user/8ed8205b-4114-4c2a-b2d0-e2ad6640262d/gpac/runtime/gpac_asan/applications/mp4box/mp4box.c:4633
    #24 0x56087f75c3f7 in mp4box_main /run/media/user/8ed8205b-4114-4c2a-b2d0-e2ad6640262d/gpac/runtime/gpac_asan/applications/mp4box/mp4box.c:6377
    #25 0x7f9430c33f76 in __libc_start_call_main ../sysdeps/nptl/libc_start_call_main.h:58
    #26 0x7f9430c34026 in __libc_start_main_impl ../csu/libc-start.c:360
    #27 0x56087f73c080 in _start (/run/media/user/8ed8205b-4114-4c2a-b2d0-e2ad6640262d/gpac/runtime/gpac_asan/bin/gcc/MP4Box+0x4d080) (BuildId: 1651312aefdad6adf454cb6d555ab16d3e0fe1b8)

Indirect leak of 120 byte(s) in 1 object(s) allocated from:
    #0 0x7f9432f2435f in malloc ../../../../src/libsanitizer/asan/asan_malloc_linux.cpp:67
    #1 0x7f9431a335ea in new_mesh compositor/mesh.c:103
    #2 0x7f9431bc7560 in drawable_3d_new compositor/visual_manager_3d.c:43
    #3 0x7f9431b2beab in compositor_init_extrusion compositor/mpeg4_geometry_3d.c:426
    #4 0x7f9431c5c51a in gf_scene_on_node_init compositor/scene_node_init.c:286
    #5 0x7f9431c5c51a in gf_scene_on_node_init compositor/scene_node_init.c:206
    #6 0x7f9431c5c51a in gf_scene_node_callback compositor/scene_node_init.c:360
    #7 0x7f94319c6a44 in xmt_parse_element scene_manager/loader_xmt.c:2180
    #8 0x7f94319cbae3 in xmt_node_start scene_manager/loader_xmt.c:2980
    #9 0x7f943119730c in xml_sax_node_start utils/xml_parser.c:308
    #10 0x7f943119c087 in xml_sax_parse_attribute utils/xml_parser.c:357
    #11 0x7f943119c087 in xml_sax_parse utils/xml_parser.c:940
    #12 0x7f9431197d60 in gf_xml_sax_parse_intern utils/xml_parser.c:1110
    #13 0x7f943119cda7 in gf_xml_sax_parse utils/xml_parser.c:1138
    #14 0x7f943119d103 in xml_sax_read_file utils/xml_parser.c:1225
    #15 0x7f943119dbb8 in gf_xml_sax_parse_file utils/xml_parser.c:1338
    #16 0x7f94319baa39 in load_xmt_run scene_manager/loader_xmt.c:3700
    #17 0x7f9432067443 in ctxload_process filters/load_bt_xmt.c:544
    #18 0x7f9431de0093 in gf_filter_process_task filter_core/filter.c:3257
    #19 0x7f9431db44c1 in gf_fs_thread_proc filter_core/filter_session.c:2420
    #20 0x7f9431db9582 in gf_fs_run filter_core/filter_session.c:2728
    #21 0x7f943187328a in gf_media_import media_tools/media_import.c:1639
    #22 0x56087f79d411 in import_file /run/media/user/8ed8205b-4114-4c2a-b2d0-e2ad6640262d/gpac/runtime/gpac_asan/applications/mp4box/fileimport.c:1733
    #23 0x56087f759fc9 in do_add_cat /run/media/user/8ed8205b-4114-4c2a-b2d0-e2ad6640262d/gpac/runtime/gpac_asan/applications/mp4box/mp4box.c:4633
    #24 0x56087f75c3f7 in mp4box_main /run/media/user/8ed8205b-4114-4c2a-b2d0-e2ad6640262d/gpac/runtime/gpac_asan/applications/mp4box/mp4box.c:6377
    #25 0x7f9430c33f76 in __libc_start_call_main ../sysdeps/nptl/libc_start_call_main.h:58
    #26 0x7f9430c34026 in __libc_start_main_impl ../csu/libc-start.c:360
    #27 0x56087f73c080 in _start (/run/media/user/8ed8205b-4114-4c2a-b2d0-e2ad6640262d/gpac/runtime/gpac_asan/bin/gcc/MP4Box+0x4d080) (BuildId: 1651312aefdad6adf454cb6d555ab16d3e0fe1b8)

Indirect leak of 120 byte(s) in 1 object(s) allocated from:
    #0 0x7f9432f2435f in malloc ../../../../src/libsanitizer/asan/asan_malloc_linux.cpp:67
    #1 0x7f9431a335ea in new_mesh compositor/mesh.c:103
    #2 0x7f9431bc7560 in drawable_3d_new compositor/visual_manager_3d.c:43
    #3 0x7f9431b2bf5b in compositor_init_non_linear_deformer compositor/mpeg4_geometry_3d.c:668
    #4 0x7f9431c5c51a in gf_scene_on_node_init compositor/scene_node_init.c:286
    #5 0x7f9431c5c51a in gf_scene_on_node_init compositor/scene_node_init.c:206
    #6 0x7f9431c5c51a in gf_scene_node_callback compositor/scene_node_init.c:360
    #7 0x7f94319c6a44 in xmt_parse_element scene_manager/loader_xmt.c:2180
    #8 0x7f94319cbae3 in xmt_node_start scene_manager/loader_xmt.c:2980
    #9 0x7f943119730c in xml_sax_node_start utils/xml_parser.c:308
    #10 0x7f943119ba4c in xml_sax_parse_attribute utils/xml_parser.c:397
    #11 0x7f943119ba4c in xml_sax_parse utils/xml_parser.c:940
    #12 0x7f9431197d60 in gf_xml_sax_parse_intern utils/xml_parser.c:1110
    #13 0x7f943119cda7 in gf_xml_sax_parse utils/xml_parser.c:1138
    #14 0x7f943119d103 in xml_sax_read_file utils/xml_parser.c:1225
    #15 0x7f943119dbb8 in gf_xml_sax_parse_file utils/xml_parser.c:1338
    #16 0x7f94319baa39 in load_xmt_run scene_manager/loader_xmt.c:3700
    #17 0x7f9432067443 in ctxload_process filters/load_bt_xmt.c:544
    #18 0x7f9431de0093 in gf_filter_process_task filter_core/filter.c:3257
    #19 0x7f9431db44c1 in gf_fs_thread_proc filter_core/filter_session.c:2420
    #20 0x7f9431db9582 in gf_fs_run filter_core/filter_session.c:2728
    #21 0x7f943187328a in gf_media_import media_tools/media_import.c:1639
    #22 0x56087f79d411 in import_file /run/media/user/8ed8205b-4114-4c2a-b2d0-e2ad6640262d/gpac/runtime/gpac_asan/applications/mp4box/fileimport.c:1733
    #23 0x56087f759fc9 in do_add_cat /run/media/user/8ed8205b-4114-4c2a-b2d0-e2ad6640262d/gpac/runtime/gpac_asan/applications/mp4box/mp4box.c:4633
    #24 0x56087f75c3f7 in mp4box_main /run/media/user/8ed8205b-4114-4c2a-b2d0-e2ad6640262d/gpac/runtime/gpac_asan/applications/mp4box/mp4box.c:6377
    #25 0x7f9430c33f76 in __libc_start_call_main ../sysdeps/nptl/libc_start_call_main.h:58
    #26 0x7f9430c34026 in __libc_start_main_impl ../csu/libc-start.c:360
    #27 0x56087f73c080 in _start (/run/media/user/8ed8205b-4114-4c2a-b2d0-e2ad6640262d/gpac/runtime/gpac_asan/bin/gcc/MP4Box+0x4d080) (BuildId: 1651312aefdad6adf454cb6d555ab16d3e0fe1b8)

Indirect leak of 120 byte(s) in 1 object(s) allocated from:
    #0 0x7f9432f2435f in malloc ../../../../src/libsanitizer/asan/asan_malloc_linux.cpp:67
    #1 0x7f9431a335ea in new_mesh compositor/mesh.c:103
    #2 0x7f9431bc7560 in drawable_3d_new compositor/visual_manager_3d.c:43
    #3 0x7f9431b2ab3b in compositor_init_cone compositor/mpeg4_geometry_3d.c:99
    #4 0x7f9431c5c51a in gf_scene_on_node_init compositor/scene_node_init.c:286
    #5 0x7f9431c5c51a in gf_scene_on_node_init compositor/scene_node_init.c:206
    #6 0x7f9431c5c51a in gf_scene_node_callback compositor/scene_node_init.c:360
    #7 0x7f94319c6a44 in xmt_parse_element scene_manager/loader_xmt.c:2180
    #8 0x7f94319cbae3 in xmt_node_start scene_manager/loader_xmt.c:2980
    #9 0x7f943119730c in xml_sax_node_start utils/xml_parser.c:308
    #10 0x7f943119c087 in xml_sax_parse_attribute utils/xml_parser.c:357
    #11 0x7f943119c087 in xml_sax_parse utils/xml_parser.c:940
    #12 0x7f9431197d60 in gf_xml_sax_parse_intern utils/xml_parser.c:1110
    #13 0x7f943119cda7 in gf_xml_sax_parse utils/xml_parser.c:1138
    #14 0x7f943119d103 in xml_sax_read_file utils/xml_parser.c:1225
    #15 0x7f943119dbb8 in gf_xml_sax_parse_file utils/xml_parser.c:1338
    #16 0x7f94319baa39 in load_xmt_run scene_manager/loader_xmt.c:3700
    #17 0x7f9432067443 in ctxload_process filters/load_bt_xmt.c:544
    #18 0x7f9431de0093 in gf_filter_process_task filter_core/filter.c:3257
    #19 0x7f9431db44c1 in gf_fs_thread_proc filter_core/filter_session.c:2420
    #20 0x7f9431db9582 in gf_fs_run filter_core/filter_session.c:2728
    #21 0x7f943187328a in gf_media_import media_tools/media_import.c:1639
    #22 0x56087f79d411 in import_file /run/media/user/8ed8205b-4114-4c2a-b2d0-e2ad6640262d/gpac/runtime/gpac_asan/applications/mp4box/fileimport.c:1733
    #23 0x56087f759fc9 in do_add_cat /run/media/user/8ed8205b-4114-4c2a-b2d0-e2ad6640262d/gpac/runtime/gpac_asan/applications/mp4box/mp4box.c:4633
    #24 0x56087f75c3f7 in mp4box_main /run/media/user/8ed8205b-4114-4c2a-b2d0-e2ad6640262d/gpac/runtime/gpac_asan/applications/mp4box/mp4box.c:6377
    #25 0x7f9430c33f76 in __libc_start_call_main ../sysdeps/nptl/libc_start_call_main.h:58
    #26 0x7f9430c34026 in __libc_start_main_impl ../csu/libc-start.c:360
    #27 0x56087f73c080 in _start (/run/media/user/8ed8205b-4114-4c2a-b2d0-e2ad6640262d/gpac/runtime/gpac_asan/bin/gcc/MP4Box+0x4d080) (BuildId: 1651312aefdad6adf454cb6d555ab16d3e0fe1b8)

Indirect leak of 120 byte(s) in 1 object(s) allocated from:
    #0 0x7f9432f2435f in malloc ../../../../src/libsanitizer/asan/asan_malloc_linux.cpp:67
    #1 0x7f9431a335ea in new_mesh compositor/mesh.c:103
    #2 0x7f9431bc7560 in drawable_3d_new compositor/visual_manager_3d.c:43
    #3 0x7f9431b2bd3b in compositor_init_ifs compositor/mpeg4_geometry_3d.c:284
    #4 0x7f9431c5c51a in gf_scene_on_node_init compositor/scene_node_init.c:286
    #5 0x7f9431c5c51a in gf_scene_on_node_init compositor/scene_node_init.c:206
    #6 0x7f9431c5c51a in gf_scene_node_callback compositor/scene_node_init.c:360
    #7 0x7f94319c6a44 in xmt_parse_element scene_manager/loader_xmt.c:2180
    #8 0x7f94319cbae3 in xmt_node_start scene_manager/loader_xmt.c:2980
    #9 0x7f943119730c in xml_sax_node_start utils/xml_parser.c:308
    #10 0x7f943119ba4c in xml_sax_parse_attribute utils/xml_parser.c:397
    #11 0x7f943119ba4c in xml_sax_parse utils/xml_parser.c:940
    #12 0x7f9431197d60 in gf_xml_sax_parse_intern utils/xml_parser.c:1110
    #13 0x7f943119cda7 in gf_xml_sax_parse utils/xml_parser.c:1138
    #14 0x7f943119d103 in xml_sax_read_file utils/xml_parser.c:1225
    #15 0x7f943119dbb8 in gf_xml_sax_parse_file utils/xml_parser.c:1338
    #16 0x7f94319baa39 in load_xmt_run scene_manager/loader_xmt.c:3700
    #17 0x7f9432067443 in ctxload_process filters/load_bt_xmt.c:544
    #18 0x7f9431de0093 in gf_filter_process_task filter_core/filter.c:3257
    #19 0x7f9431db44c1 in gf_fs_thread_proc filter_core/filter_session.c:2420
    #20 0x7f9431db9582 in gf_fs_run filter_core/filter_session.c:2728
    #21 0x7f943187328a in gf_media_import media_tools/media_import.c:1639
    #22 0x56087f79d411 in import_file /run/media/user/8ed8205b-4114-4c2a-b2d0-e2ad6640262d/gpac/runtime/gpac_asan/applications/mp4box/fileimport.c:1733
    #23 0x56087f759fc9 in do_add_cat /run/media/user/8ed8205b-4114-4c2a-b2d0-e2ad6640262d/gpac/runtime/gpac_asan/applications/mp4box/mp4box.c:4633
    #24 0x56087f75c3f7 in mp4box_main /run/media/user/8ed8205b-4114-4c2a-b2d0-e2ad6640262d/gpac/runtime/gpac_asan/applications/mp4box/mp4box.c:6377
    #25 0x7f9430c33f76 in __libc_start_call_main ../sysdeps/nptl/libc_start_call_main.h:58
    #26 0x7f9430c34026 in __libc_start_main_impl ../csu/libc-start.c:360
    #27 0x56087f73c080 in _start (/run/media/user/8ed8205b-4114-4c2a-b2d0-e2ad6640262d/gpac/runtime/gpac_asan/bin/gcc/MP4Box+0x4d080) (BuildId: 1651312aefdad6adf454cb6d555ab16d3e0fe1b8)

Indirect leak of 120 byte(s) in 1 object(s) allocated from:
    #0 0x7f9432f2435f in malloc ../../../../src/libsanitizer/asan/asan_malloc_linux.cpp:67
    #1 0x7f9431a335ea in new_mesh compositor/mesh.c:103
    #2 0x7f9431bc7560 in drawable_3d_new compositor/visual_manager_3d.c:43
    #3 0x7f9431b2bd3b in compositor_init_ifs compositor/mpeg4_geometry_3d.c:284
    #4 0x7f9431c5c51a in gf_scene_on_node_init compositor/scene_node_init.c:286
    #5 0x7f9431c5c51a in gf_scene_on_node_init compositor/scene_node_init.c:206
    #6 0x7f9431c5c51a in gf_scene_node_callback compositor/scene_node_init.c:360
    #7 0x7f94319c6a44 in xmt_parse_element scene_manager/loader_xmt.c:2180
    #8 0x7f94319cbae3 in xmt_node_start scene_manager/loader_xmt.c:2980
    #9 0x7f943119730c in xml_sax_node_start utils/xml_parser.c:308
    #10 0x7f943119c087 in xml_sax_parse_attribute utils/xml_parser.c:357
    #11 0x7f943119c087 in xml_sax_parse utils/xml_parser.c:940
    #12 0x7f943119796e in gf_xml_sax_parse_intern utils/xml_parser.c:1084
    #13 0x7f943119cda7 in gf_xml_sax_parse utils/xml_parser.c:1138
    #14 0x7f943119d103 in xml_sax_read_file utils/xml_parser.c:1225
    #15 0x7f943119dbb8 in gf_xml_sax_parse_file utils/xml_parser.c:1338
    #16 0x7f94319baa39 in load_xmt_run scene_manager/loader_xmt.c:3700
    #17 0x7f9432067443 in ctxload_process filters/load_bt_xmt.c:544
    #18 0x7f9431de0093 in gf_filter_process_task filter_core/filter.c:3257
    #19 0x7f9431db44c1 in gf_fs_thread_proc filter_core/filter_session.c:2420
    #20 0x7f9431db9582 in gf_fs_run filter_core/filter_session.c:2728
    #21 0x7f943187328a in gf_media_import media_tools/media_import.c:1639
    #22 0x56087f79d411 in import_file /run/media/user/8ed8205b-4114-4c2a-b2d0-e2ad6640262d/gpac/runtime/gpac_asan/applications/mp4box/fileimport.c:1733
    #23 0x56087f759fc9 in do_add_cat /run/media/user/8ed8205b-4114-4c2a-b2d0-e2ad6640262d/gpac/runtime/gpac_asan/applications/mp4box/mp4box.c:4633
    #24 0x56087f75c3f7 in mp4box_main /run/media/user/8ed8205b-4114-4c2a-b2d0-e2ad6640262d/gpac/runtime/gpac_asan/applications/mp4box/mp4box.c:6377
    #25 0x7f9430c33f76 in __libc_start_call_main ../sysdeps/nptl/libc_start_call_main.h:58
    #26 0x7f9430c34026 in __libc_start_main_impl ../csu/libc-start.c:360
    #27 0x56087f73c080 in _start (/run/media/user/8ed8205b-4114-4c2a-b2d0-e2ad6640262d/gpac/runtime/gpac_asan/bin/gcc/MP4Box+0x4d080) (BuildId: 1651312aefdad6adf454cb6d555ab16d3e0fe1b8)

Indirect leak of 120 byte(s) in 1 object(s) allocated from:
    #0 0x7f9432f2435f in malloc ../../../../src/libsanitizer/asan/asan_malloc_linux.cpp:67
    #1 0x7f9431a335ea in new_mesh compositor/mesh.c:103
    #2 0x7f9431bc7560 in drawable_3d_new compositor/visual_manager_3d.c:43
    #3 0x7f9431b2bdeb in compositor_init_ils compositor/mpeg4_geometry_3d.c:334
    #4 0x7f9431c5c51a in gf_scene_on_node_init compositor/scene_node_init.c:286
    #5 0x7f9431c5c51a in gf_scene_on_node_init compositor/scene_node_init.c:206
    #6 0x7f9431c5c51a in gf_scene_node_callback compositor/scene_node_init.c:360
    #7 0x7f94319c6a44 in xmt_parse_element scene_manager/loader_xmt.c:2180
    #8 0x7f94319cbae3 in xmt_node_start scene_manager/loader_xmt.c:2980
    #9 0x7f943119730c in xml_sax_node_start utils/xml_parser.c:308
    #10 0x7f943119ba4c in xml_sax_parse_attribute utils/xml_parser.c:397
    #11 0x7f943119ba4c in xml_sax_parse utils/xml_parser.c:940
    #12 0x7f9431197d60 in gf_xml_sax_parse_intern utils/xml_parser.c:1110
    #13 0x7f943119cda7 in gf_xml_sax_parse utils/xml_parser.c:1138
    #14 0x7f943119d103 in xml_sax_read_file utils/xml_parser.c:1225
    #15 0x7f943119dbb8 in gf_xml_sax_parse_file utils/xml_parser.c:1338
    #16 0x7f94319baa39 in load_xmt_run scene_manager/loader_xmt.c:3700
    #17 0x7f9432067443 in ctxload_process filters/load_bt_xmt.c:544
    #18 0x7f9431de0093 in gf_filter_process_task filter_core/filter.c:3257
    #19 0x7f9431db44c1 in gf_fs_thread_proc filter_core/filter_session.c:2420
    #20 0x7f9431db9582 in gf_fs_run filter_core/filter_session.c:2728
    #21 0x7f943187328a in gf_media_import media_tools/media_import.c:1639
    #22 0x56087f79d411 in import_file /run/media/user/8ed8205b-4114-4c2a-b2d0-e2ad6640262d/gpac/runtime/gpac_asan/applications/mp4box/fileimport.c:1733
    #23 0x56087f759fc9 in do_add_cat /run/media/user/8ed8205b-4114-4c2a-b2d0-e2ad6640262d/gpac/runtime/gpac_asan/applications/mp4box/mp4box.c:4633
    #24 0x56087f75c3f7 in mp4box_main /run/media/user/8ed8205b-4114-4c2a-b2d0-e2ad6640262d/gpac/runtime/gpac_asan/applications/mp4box/mp4box.c:6377
    #25 0x7f9430c33f76 in __libc_start_call_main ../sysdeps/nptl/libc_start_call_main.h:58
    #26 0x7f9430c34026 in __libc_start_main_impl ../csu/libc-start.c:360
    #27 0x56087f73c080 in _start (/run/media/user/8ed8205b-4114-4c2a-b2d0-e2ad6640262d/gpac/runtime/gpac_asan/bin/gcc/MP4Box+0x4d080) (BuildId: 1651312aefdad6adf454cb6d555ab16d3e0fe1b8)

Indirect leak of 120 byte(s) in 1 object(s) allocated from:
    #0 0x7f9432f2435f in malloc ../../../../src/libsanitizer/asan/asan_malloc_linux.cpp:67
    #1 0x7f9431a335ea in new_mesh compositor/mesh.c:103
    #2 0x7f9431bc7560 in drawable_3d_new compositor/visual_manager_3d.c:43
    #3 0x7f9431b2ab5b in compositor_init_cylinder compositor/mpeg4_geometry_3d.c:116
    #4 0x7f9431c5c51a in gf_scene_on_node_init compositor/scene_node_init.c:286
    #5 0x7f9431c5c51a in gf_scene_on_node_init compositor/scene_node_init.c:206
    #6 0x7f9431c5c51a in gf_scene_node_callback compositor/scene_node_init.c:360
    #7 0x7f94319c6a44 in xmt_parse_element scene_manager/loader_xmt.c:2180
    #8 0x7f94319cbae3 in xmt_node_start scene_manager/loader_xmt.c:2980
    #9 0x7f943119730c in xml_sax_node_start utils/xml_parser.c:308
    #10 0x7f943119c087 in xml_sax_parse_attribute utils/xml_parser.c:357
    #11 0x7f943119c087 in xml_sax_parse utils/xml_parser.c:940
    #12 0x7f9431197d60 in gf_xml_sax_parse_intern utils/xml_parser.c:1110
    #13 0x7f943119cda7 in gf_xml_sax_parse utils/xml_parser.c:1138
    #14 0x7f943119d103 in xml_sax_read_file utils/xml_parser.c:1225
    #15 0x7f943119dbb8 in gf_xml_sax_parse_file utils/xml_parser.c:1338
    #16 0x7f94319baa39 in load_xmt_run scene_manager/loader_xmt.c:3700
    #17 0x7f9432067443 in ctxload_process filters/load_bt_xmt.c:544
    #18 0x7f9431de0093 in gf_filter_process_task filter_core/filter.c:3257
    #19 0x7f9431db44c1 in gf_fs_thread_proc filter_core/filter_session.c:2420
    #20 0x7f9431db9582 in gf_fs_run filter_core/filter_session.c:2728
    #21 0x7f943187328a in gf_media_import media_tools/media_import.c:1639
    #22 0x56087f79d411 in import_file /run/media/user/8ed8205b-4114-4c2a-b2d0-e2ad6640262d/gpac/runtime/gpac_asan/applications/mp4box/fileimport.c:1733
    #23 0x56087f759fc9 in do_add_cat /run/media/user/8ed8205b-4114-4c2a-b2d0-e2ad6640262d/gpac/runtime/gpac_asan/applications/mp4box/mp4box.c:4633
    #24 0x56087f75c3f7 in mp4box_main /run/media/user/8ed8205b-4114-4c2a-b2d0-e2ad6640262d/gpac/runtime/gpac_asan/applications/mp4box/mp4box.c:6377
    #25 0x7f9430c33f76 in __libc_start_call_main ../sysdeps/nptl/libc_start_call_main.h:58
    #26 0x7f9430c34026 in __libc_start_main_impl ../csu/libc-start.c:360
    #27 0x56087f73c080 in _start (/run/media/user/8ed8205b-4114-4c2a-b2d0-e2ad6640262d/gpac/runtime/gpac_asan/bin/gcc/MP4Box+0x4d080) (BuildId: 1651312aefdad6adf454cb6d555ab16d3e0fe1b8)

Indirect leak of 120 byte(s) in 1 object(s) allocated from:
    #0 0x7f9432f2435f in malloc ../../../../src/libsanitizer/asan/asan_malloc_linux.cpp:67
    #1 0x7f9431a335ea in new_mesh compositor/mesh.c:103
    #2 0x7f9431bc7560 in drawable_3d_new compositor/visual_manager_3d.c:43
    #3 0x7f9431b2ab1b in compositor_init_box compositor/mpeg4_geometry_3d.c:82
    #4 0x7f9431c5c51a in gf_scene_on_node_init compositor/scene_node_init.c:286
    #5 0x7f9431c5c51a in gf_scene_on_node_init compositor/scene_node_init.c:206
    #6 0x7f9431c5c51a in gf_scene_node_callback compositor/scene_node_init.c:360
    #7 0x7f94319c6a44 in xmt_parse_element scene_manager/loader_xmt.c:2180
    #8 0x7f94319cbae3 in xmt_node_start scene_manager/loader_xmt.c:2980
    #9 0x7f943119730c in xml_sax_node_start utils/xml_parser.c:308
    #10 0x7f943119c087 in xml_sax_parse_attribute utils/xml_parser.c:357
    #11 0x7f943119c087 in xml_sax_parse utils/xml_parser.c:940
    #12 0x7f9431197d60 in gf_xml_sax_parse_intern utils/xml_parser.c:1110
    #13 0x7f943119cda7 in gf_xml_sax_parse utils/xml_parser.c:1138
    #14 0x7f943119d103 in xml_sax_read_file utils/xml_parser.c:1225
    #15 0x7f943119dbb8 in gf_xml_sax_parse_file utils/xml_parser.c:1338
    #16 0x7f94319baa39 in load_xmt_run scene_manager/loader_xmt.c:3700
    #17 0x7f9432067443 in ctxload_process filters/load_bt_xmt.c:544
    #18 0x7f9431de0093 in gf_filter_process_task filter_core/filter.c:3257
    #19 0x7f9431db44c1 in gf_fs_thread_proc filter_core/filter_session.c:2420
    #20 0x7f9431db9582 in gf_fs_run filter_core/filter_session.c:2728
    #21 0x7f943187328a in gf_media_import media_tools/media_import.c:1639
    #22 0x56087f79d411 in import_file /run/media/user/8ed8205b-4114-4c2a-b2d0-e2ad6640262d/gpac/runtime/gpac_asan/applications/mp4box/fileimport.c:1733
    #23 0x56087f759fc9 in do_add_cat /run/media/user/8ed8205b-4114-4c2a-b2d0-e2ad6640262d/gpac/runtime/gpac_asan/applications/mp4box/mp4box.c:4633
    #24 0x56087f75c3f7 in mp4box_main /run/media/user/8ed8205b-4114-4c2a-b2d0-e2ad6640262d/gpac/runtime/gpac_asan/applications/mp4box/mp4box.c:6377
    #25 0x7f9430c33f76 in __libc_start_call_main ../sysdeps/nptl/libc_start_call_main.h:58
    #26 0x7f9430c34026 in __libc_start_main_impl ../csu/libc-start.c:360
    #27 0x56087f73c080 in _start (/run/media/user/8ed8205b-4114-4c2a-b2d0-e2ad6640262d/gpac/runtime/gpac_asan/bin/gcc/MP4Box+0x4d080) (BuildId: 1651312aefdad6adf454cb6d555ab16d3e0fe1b8)

Indirect leak of 112 byte(s) in 2 object(s) allocated from:
    #0 0x7f9432f2435f in malloc ../../../../src/libsanitizer/asan/asan_malloc_linux.cpp:67
    #1 0x7f9431b50852 in compositor_init_path_layout compositor/mpeg4_path_layout.c:274
    #2 0x7f9431c5c51a in gf_scene_on_node_init compositor/scene_node_init.c:286
    #3 0x7f9431c5c51a in gf_scene_on_node_init compositor/scene_node_init.c:206
    #4 0x7f9431c5c51a in gf_scene_node_callback compositor/scene_node_init.c:360
    #5 0x7f94319c6a44 in xmt_parse_element scene_manager/loader_xmt.c:2180
    #6 0x7f94319cbae3 in xmt_node_start scene_manager/loader_xmt.c:2980
    #7 0x7f943119730c in xml_sax_node_start utils/xml_parser.c:308
    #8 0x7f943119c087 in xml_sax_parse_attribute utils/xml_parser.c:357
    #9 0x7f943119c087 in xml_sax_parse utils/xml_parser.c:940
    #10 0x7f943119796e in gf_xml_sax_parse_intern utils/xml_parser.c:1084
    #11 0x7f943119cda7 in gf_xml_sax_parse utils/xml_parser.c:1138
    #12 0x7f943119d103 in xml_sax_read_file utils/xml_parser.c:1225
    #13 0x7f943119dbb8 in gf_xml_sax_parse_file utils/xml_parser.c:1338
    #14 0x7f94319baa39 in load_xmt_run scene_manager/loader_xmt.c:3700
    #15 0x7f9432067443 in ctxload_process filters/load_bt_xmt.c:544
    #16 0x7f9431de0093 in gf_filter_process_task filter_core/filter.c:3257
    #17 0x7f9431db44c1 in gf_fs_thread_proc filter_core/filter_session.c:2420
    #18 0x7f9431db9582 in gf_fs_run filter_core/filter_session.c:2728
    #19 0x7f943187328a in gf_media_import media_tools/media_import.c:1639
    #20 0x56087f79d411 in import_file /run/media/user/8ed8205b-4114-4c2a-b2d0-e2ad6640262d/gpac/runtime/gpac_asan/applications/mp4box/fileimport.c:1733
    #21 0x56087f759fc9 in do_add_cat /run/media/user/8ed8205b-4114-4c2a-b2d0-e2ad6640262d/gpac/runtime/gpac_asan/applications/mp4box/mp4box.c:4633
    #22 0x56087f75c3f7 in mp4box_main /run/media/user/8ed8205b-4114-4c2a-b2d0-e2ad6640262d/gpac/runtime/gpac_asan/applications/mp4box/mp4box.c:6377
    #23 0x7f9430c33f76 in __libc_start_call_main ../sysdeps/nptl/libc_start_call_main.h:58
    #24 0x7f9430c34026 in __libc_start_main_impl ../csu/libc-start.c:360
    #25 0x56087f73c080 in _start (/run/media/user/8ed8205b-4114-4c2a-b2d0-e2ad6640262d/gpac/runtime/gpac_asan/bin/gcc/MP4Box+0x4d080) (BuildId: 1651312aefdad6adf454cb6d555ab16d3e0fe1b8)

Indirect leak of 112 byte(s) in 7 object(s) allocated from:
    #0 0x7f9432f2435f in malloc ../../../../src/libsanitizer/asan/asan_malloc_linux.cpp:67
    #1 0x7f9431160b1d in gf_list_new utils/list.c:612
    #2 0x7f94312775e6 in gf_sg_command_new scenegraph/commands.c:48
    #3 0x7f94319cdaa8 in xmt_parse_command scene_manager/loader_xmt.c:2635
    #4 0x7f94319cdaa8 in xmt_node_start scene_manager/loader_xmt.c:2968
    #5 0x7f943119730c in xml_sax_node_start utils/xml_parser.c:308
    #6 0x7f943119c087 in xml_sax_parse_attribute utils/xml_parser.c:357
    #7 0x7f943119c087 in xml_sax_parse utils/xml_parser.c:940
    #8 0x7f943119796e in gf_xml_sax_parse_intern utils/xml_parser.c:1084
    #9 0x7f943119cda7 in gf_xml_sax_parse utils/xml_parser.c:1138
    #10 0x7f943119d103 in xml_sax_read_file utils/xml_parser.c:1225
    #11 0x7f943119dbb8 in gf_xml_sax_parse_file utils/xml_parser.c:1338
    #12 0x7f94319baa39 in load_xmt_run scene_manager/loader_xmt.c:3700
    #13 0x7f9432067443 in ctxload_process filters/load_bt_xmt.c:544
    #14 0x7f9431de0093 in gf_filter_process_task filter_core/filter.c:3257
    #15 0x7f9431db44c1 in gf_fs_thread_proc filter_core/filter_session.c:2420
    #16 0x7f9431db9582 in gf_fs_run filter_core/filter_session.c:2728
    #17 0x7f943187328a in gf_media_import media_tools/media_import.c:1639
    #18 0x56087f79d411 in import_file /run/media/user/8ed8205b-4114-4c2a-b2d0-e2ad6640262d/gpac/runtime/gpac_asan/applications/mp4box/fileimport.c:1733
    #19 0x56087f759fc9 in do_add_cat /run/media/user/8ed8205b-4114-4c2a-b2d0-e2ad6640262d/gpac/runtime/gpac_asan/applications/mp4box/mp4box.c:4633
    #20 0x56087f75c3f7 in mp4box_main /run/media/user/8ed8205b-4114-4c2a-b2d0-e2ad6640262d/gpac/runtime/gpac_asan/applications/mp4box/mp4box.c:6377
    #21 0x7f9430c33f76 in __libc_start_call_main ../sysdeps/nptl/libc_start_call_main.h:58
    #22 0x7f9430c34026 in __libc_start_main_impl ../csu/libc-start.c:360
    #23 0x56087f73c080 in _start (/run/media/user/8ed8205b-4114-4c2a-b2d0-e2ad6640262d/gpac/runtime/gpac_asan/bin/gcc/MP4Box+0x4d080) (BuildId: 1651312aefdad6adf454cb6d555ab16d3e0fe1b8)

Indirect leak of 112 byte(s) in 7 object(s) allocated from:
    #0 0x7f9432f2435f in malloc ../../../../src/libsanitizer/asan/asan_malloc_linux.cpp:67
    #1 0x7f9431160b1d in gf_list_new utils/list.c:612
    #2 0x7f9431277573 in gf_sg_command_new scenegraph/commands.c:42
    #3 0x7f94319cdaa8 in xmt_parse_command scene_manager/loader_xmt.c:2635
    #4 0x7f94319cdaa8 in xmt_node_start scene_manager/loader_xmt.c:2968
    #5 0x7f943119730c in xml_sax_node_start utils/xml_parser.c:308
    #6 0x7f943119c087 in xml_sax_parse_attribute utils/xml_parser.c:357
    #7 0x7f943119c087 in xml_sax_parse utils/xml_parser.c:940
    #8 0x7f943119796e in gf_xml_sax_parse_intern utils/xml_parser.c:1084
    #9 0x7f943119cda7 in gf_xml_sax_parse utils/xml_parser.c:1138
    #10 0x7f943119d103 in xml_sax_read_file utils/xml_parser.c:1225
    #11 0x7f943119dbb8 in gf_xml_sax_parse_file utils/xml_parser.c:1338
    #12 0x7f94319baa39 in load_xmt_run scene_manager/loader_xmt.c:3700
    #13 0x7f9432067443 in ctxload_process filters/load_bt_xmt.c:544
    #14 0x7f9431de0093 in gf_filter_process_task filter_core/filter.c:3257
    #15 0x7f9431db44c1 in gf_fs_thread_proc filter_core/filter_session.c:2420
    #16 0x7f9431db9582 in gf_fs_run filter_core/filter_session.c:2728
    #17 0x7f943187328a in gf_media_import media_tools/media_import.c:1639
    #18 0x56087f79d411 in import_file /run/media/user/8ed8205b-4114-4c2a-b2d0-e2ad6640262d/gpac/runtime/gpac_asan/applications/mp4box/fileimport.c:1733
    #19 0x56087f759fc9 in do_add_cat /run/media/user/8ed8205b-4114-4c2a-b2d0-e2ad6640262d/gpac/runtime/gpac_asan/applications/mp4box/mp4box.c:4633
    #20 0x56087f75c3f7 in mp4box_main /run/media/user/8ed8205b-4114-4c2a-b2d0-e2ad6640262d/gpac/runtime/gpac_asan/applications/mp4box/mp4box.c:6377
    #21 0x7f9430c33f76 in __libc_start_call_main ../sysdeps/nptl/libc_start_call_main.h:58
    #22 0x7f9430c34026 in __libc_start_main_impl ../csu/libc-start.c:360
    #23 0x56087f73c080 in _start (/run/media/user/8ed8205b-4114-4c2a-b2d0-e2ad6640262d/gpac/runtime/gpac_asan/bin/gcc/MP4Box+0x4d080) (BuildId: 1651312aefdad6adf454cb6d555ab16d3e0fe1b8)

Indirect leak of 112 byte(s) in 1 object(s) allocated from:
    #0 0x7f9432f2435f in malloc ../../../../src/libsanitizer/asan/asan_malloc_linux.cpp:67
    #1 0x7f94312e2003 in IndexedLineSet2D_Create scenegraph/mpeg4_nodes.c:8442
    #2 0x7f94312e2003 in gf_sg_mpeg4_node_new scenegraph/mpeg4_nodes.c:36808
    #3 0x7f943126aa22 in gf_node_new scenegraph/base_scenegraph.c:2112
    #4 0x7f94319c6560 in xmt_parse_element scene_manager/loader_xmt.c:2036
    #5 0x7f94319cbae3 in xmt_node_start scene_manager/loader_xmt.c:2980
    #6 0x7f943119730c in xml_sax_node_start utils/xml_parser.c:308
    #7 0x7f943119ba4c in xml_sax_parse_attribute utils/xml_parser.c:397
    #8 0x7f943119ba4c in xml_sax_parse utils/xml_parser.c:940
    #9 0x7f9431197d60 in gf_xml_sax_parse_intern utils/xml_parser.c:1110
    #10 0x7f943119cda7 in gf_xml_sax_parse utils/xml_parser.c:1138
    #11 0x7f943119d103 in xml_sax_read_file utils/xml_parser.c:1225
    #12 0x7f943119dbb8 in gf_xml_sax_parse_file utils/xml_parser.c:1338
    #13 0x7f94319baa39 in load_xmt_run scene_manager/loader_xmt.c:3700
    #14 0x7f9432067443 in ctxload_process filters/load_bt_xmt.c:544
    #15 0x7f9431de0093 in gf_filter_process_task filter_core/filter.c:3257
    #16 0x7f9431db44c1 in gf_fs_thread_proc filter_core/filter_session.c:2420
    #17 0x7f9431db9582 in gf_fs_run filter_core/filter_session.c:2728
    #18 0x7f943187328a in gf_media_import media_tools/media_import.c:1639
    #19 0x56087f79d411 in import_file /run/media/user/8ed8205b-4114-4c2a-b2d0-e2ad6640262d/gpac/runtime/gpac_asan/applications/mp4box/fileimport.c:1733
    #20 0x56087f759fc9 in do_add_cat /run/media/user/8ed8205b-4114-4c2a-b2d0-e2ad6640262d/gpac/runtime/gpac_asan/applications/mp4box/mp4box.c:4633
    #21 0x56087f75c3f7 in mp4box_main /run/media/user/8ed8205b-4114-4c2a-b2d0-e2ad6640262d/gpac/runtime/gpac_asan/applications/mp4box/mp4box.c:6377
    #22 0x7f9430c33f76 in __libc_start_call_main ../sysdeps/nptl/libc_start_call_main.h:58
    #23 0x7f9430c34026 in __libc_start_main_impl ../csu/libc-start.c:360
    #24 0x56087f73c080 in _start (/run/media/user/8ed8205b-4114-4c2a-b2d0-e2ad6640262d/gpac/runtime/gpac_asan/bin/gcc/MP4Box+0x4d080) (BuildId: 1651312aefdad6adf454cb6d555ab16d3e0fe1b8)

Indirect leak of 112 byte(s) in 1 object(s) allocated from:
    #0 0x7f9432f2435f in malloc ../../../../src/libsanitizer/asan/asan_malloc_linux.cpp:67
    #1 0x7f94312e205f in IndexedLineSet_Create scenegraph/mpeg4_nodes.c:8289
    #2 0x7f94312e205f in gf_sg_mpeg4_node_new scenegraph/mpeg4_nodes.c:36806
    #3 0x7f943126aa22 in gf_node_new scenegraph/base_scenegraph.c:2112
    #4 0x7f94319c6560 in xmt_parse_element scene_manager/loader_xmt.c:2036
    #5 0x7f94319cbae3 in xmt_node_start scene_manager/loader_xmt.c:2980
    #6 0x7f943119730c in xml_sax_node_start utils/xml_parser.c:308
    #7 0x7f943119ba4c in xml_sax_parse_attribute utils/xml_parser.c:397
    #8 0x7f943119ba4c in xml_sax_parse utils/xml_parser.c:940
    #9 0x7f9431197d60 in gf_xml_sax_parse_intern utils/xml_parser.c:1110
    #10 0x7f943119cda7 in gf_xml_sax_parse utils/xml_parser.c:1138
    #11 0x7f943119d103 in xml_sax_read_file utils/xml_parser.c:1225
    #12 0x7f943119dbb8 in gf_xml_sax_parse_file utils/xml_parser.c:1338
    #13 0x7f94319baa39 in load_xmt_run scene_manager/loader_xmt.c:3700
    #14 0x7f9432067443 in ctxload_process filters/load_bt_xmt.c:544
    #15 0x7f9431de0093 in gf_filter_process_task filter_core/filter.c:3257
    #16 0x7f9431db44c1 in gf_fs_thread_proc filter_core/filter_session.c:2420
    #17 0x7f9431db9582 in gf_fs_run filter_core/filter_session.c:2728
    #18 0x7f943187328a in gf_media_import media_tools/media_import.c:1639
    #19 0x56087f79d411 in import_file /run/media/user/8ed8205b-4114-4c2a-b2d0-e2ad6640262d/gpac/runtime/gpac_asan/applications/mp4box/fileimport.c:1733
    #20 0x56087f759fc9 in do_add_cat /run/media/user/8ed8205b-4114-4c2a-b2d0-e2ad6640262d/gpac/runtime/gpac_asan/applications/mp4box/mp4box.c:4633
    #21 0x56087f75c3f7 in mp4box_main /run/media/user/8ed8205b-4114-4c2a-b2d0-e2ad6640262d/gpac/runtime/gpac_asan/applications/mp4box/mp4box.c:6377
    #22 0x7f9430c33f76 in __libc_start_call_main ../sysdeps/nptl/libc_start_call_main.h:58
    #23 0x7f9430c34026 in __libc_start_main_impl ../csu/libc-start.c:360
    #24 0x56087f73c080 in _start (/run/media/user/8ed8205b-4114-4c2a-b2d0-e2ad6640262d/gpac/runtime/gpac_asan/bin/gcc/MP4Box+0x4d080) (BuildId: 1651312aefdad6adf454cb6d555ab16d3e0fe1b8)

Indirect leak of 112 byte(s) in 1 object(s) allocated from:
    #0 0x7f9432f2435f in malloc ../../../../src/libsanitizer/asan/asan_malloc_linux.cpp:67
    #1 0x7f94312e2695 in ElevationGrid_Create scenegraph/mpeg4_nodes.c:4716
    #2 0x7f94312e2695 in gf_sg_mpeg4_node_new scenegraph/mpeg4_nodes.c:36772
    #3 0x7f943126aa22 in gf_node_new scenegraph/base_scenegraph.c:2112
    #4 0x7f94319c6560 in xmt_parse_element scene_manager/loader_xmt.c:2036
    #5 0x7f94319cbae3 in xmt_node_start scene_manager/loader_xmt.c:2980
    #6 0x7f943119730c in xml_sax_node_start utils/xml_parser.c:308
    #7 0x7f943119c087 in xml_sax_parse_attribute utils/xml_parser.c:357
    #8 0x7f943119c087 in xml_sax_parse utils/xml_parser.c:940
    #9 0x7f9431197d60 in gf_xml_sax_parse_intern utils/xml_parser.c:1110
    #10 0x7f943119cda7 in gf_xml_sax_parse utils/xml_parser.c:1138
    #11 0x7f943119d103 in xml_sax_read_file utils/xml_parser.c:1225
    #12 0x7f943119dbb8 in gf_xml_sax_parse_file utils/xml_parser.c:1338
    #13 0x7f94319baa39 in load_xmt_run scene_manager/loader_xmt.c:3700
    #14 0x7f9432067443 in ctxload_process filters/load_bt_xmt.c:544
    #15 0x7f9431de0093 in gf_filter_process_task filter_core/filter.c:3257
    #16 0x7f9431db44c1 in gf_fs_thread_proc filter_core/filter_session.c:2420
    #17 0x7f9431db9582 in gf_fs_run filter_core/filter_session.c:2728
    #18 0x7f943187328a in gf_media_import media_tools/media_import.c:1639
    #19 0x56087f79d411 in import_file /run/media/user/8ed8205b-4114-4c2a-b2d0-e2ad6640262d/gpac/runtime/gpac_asan/applications/mp4box/fileimport.c:1733
    #20 0x56087f759fc9 in do_add_cat /run/media/user/8ed8205b-4114-4c2a-b2d0-e2ad6640262d/gpac/runtime/gpac_asan/applications/mp4box/mp4box.c:4633
    #21 0x56087f75c3f7 in mp4box_main /run/media/user/8ed8205b-4114-4c2a-b2d0-e2ad6640262d/gpac/runtime/gpac_asan/applications/mp4box/mp4box.c:6377
    #22 0x7f9430c33f76 in __libc_start_call_main ../sysdeps/nptl/libc_start_call_main.h:58
    #23 0x7f9430c34026 in __libc_start_main_impl ../csu/libc-start.c:360
    #24 0x56087f73c080 in _start (/run/media/user/8ed8205b-4114-4c2a-b2d0-e2ad6640262d/gpac/runtime/gpac_asan/bin/gcc/MP4Box+0x4d080) (BuildId: 1651312aefdad6adf454cb6d555ab16d3e0fe1b8)

Indirect leak of 104 byte(s) in 1 object(s) allocated from:
    #0 0x7f9432f2435f in malloc ../../../../src/libsanitizer/asan/asan_malloc_linux.cpp:67
    #1 0x7f9431b14312 in compositor_init_bitmap compositor/mpeg4_bitmap.c:338
    #2 0x7f9431c5c51a in gf_scene_on_node_init compositor/scene_node_init.c:286
    #3 0x7f9431c5c51a in gf_scene_on_node_init compositor/scene_node_init.c:206
    #4 0x7f9431c5c51a in gf_scene_node_callback compositor/scene_node_init.c:360
    #5 0x7f94319c6a44 in xmt_parse_element scene_manager/loader_xmt.c:2180
    #6 0x7f94319cbae3 in xmt_node_start scene_manager/loader_xmt.c:2980
    #7 0x7f943119730c in xml_sax_node_start utils/xml_parser.c:308
    #8 0x7f943119ae3f in xml_sax_parse utils/xml_parser.c:863
    #9 0x7f9431197d60 in gf_xml_sax_parse_intern utils/xml_parser.c:1110
    #10 0x7f943119cda7 in gf_xml_sax_parse utils/xml_parser.c:1138
    #11 0x7f943119d103 in xml_sax_read_file utils/xml_parser.c:1225
    #12 0x7f943119dbb8 in gf_xml_sax_parse_file utils/xml_parser.c:1338
    #13 0x7f94319baa39 in load_xmt_run scene_manager/loader_xmt.c:3700
    #14 0x7f9432067443 in ctxload_process filters/load_bt_xmt.c:544
    #15 0x7f9431de0093 in gf_filter_process_task filter_core/filter.c:3257
    #16 0x7f9431db44c1 in gf_fs_thread_proc filter_core/filter_session.c:2420
    #17 0x7f9431db9582 in gf_fs_run filter_core/filter_session.c:2728
    #18 0x7f943187328a in gf_media_import media_tools/media_import.c:1639
    #19 0x56087f79d411 in import_file /run/media/user/8ed8205b-4114-4c2a-b2d0-e2ad6640262d/gpac/runtime/gpac_asan/applications/mp4box/fileimport.c:1733
    #20 0x56087f759fc9 in do_add_cat /run/media/user/8ed8205b-4114-4c2a-b2d0-e2ad6640262d/gpac/runtime/gpac_asan/applications/mp4box/mp4box.c:4633
    #21 0x56087f75c3f7 in mp4box_main /run/media/user/8ed8205b-4114-4c2a-b2d0-e2ad6640262d/gpac/runtime/gpac_asan/applications/mp4box/mp4box.c:6377
    #22 0x7f9430c33f76 in __libc_start_call_main ../sysdeps/nptl/libc_start_call_main.h:58
    #23 0x7f9430c34026 in __libc_start_main_impl ../csu/libc-start.c:360
    #24 0x56087f73c080 in _start (/run/media/user/8ed8205b-4114-4c2a-b2d0-e2ad6640262d/gpac/runtime/gpac_asan/bin/gcc/MP4Box+0x4d080) (BuildId: 1651312aefdad6adf454cb6d555ab16d3e0fe1b8)

Indirect leak of 96 byte(s) in 6 object(s) allocated from:
    #0 0x7f9432f2435f in malloc ../../../../src/libsanitizer/asan/asan_malloc_linux.cpp:67
    #1 0x7f9431266a02 in gf_node_list_add_child_last scenegraph/base_scenegraph.c:1562
    #2 0x7f94319c754d in xmt_parse_element scene_manager/loader_xmt.c:2169
    #3 0x7f94319cbae3 in xmt_node_start scene_manager/loader_xmt.c:2980
    #4 0x7f943119730c in xml_sax_node_start utils/xml_parser.c:308
    #5 0x7f943119ae3f in xml_sax_parse utils/xml_parser.c:863
    #6 0x7f9431197d60 in gf_xml_sax_parse_intern utils/xml_parser.c:1110
    #7 0x7f943119cda7 in gf_xml_sax_parse utils/xml_parser.c:1138
    #8 0x7f943119d103 in xml_sax_read_file utils/xml_parser.c:1225
    #9 0x7f943119dbb8 in gf_xml_sax_parse_file utils/xml_parser.c:1338
    #10 0x7f94319baa39 in load_xmt_run scene_manager/loader_xmt.c:3700
    #11 0x7f9432067443 in ctxload_process filters/load_bt_xmt.c:544
    #12 0x7f9431de0093 in gf_filter_process_task filter_core/filter.c:3257
    #13 0x7f9431db44c1 in gf_fs_thread_proc filter_core/filter_session.c:2420
    #14 0x7f9431db9582 in gf_fs_run filter_core/filter_session.c:2728
    #15 0x7f943187328a in gf_media_import media_tools/media_import.c:1639
    #16 0x56087f79d411 in import_file /run/media/user/8ed8205b-4114-4c2a-b2d0-e2ad6640262d/gpac/runtime/gpac_asan/applications/mp4box/fileimport.c:1733
    #17 0x56087f759fc9 in do_add_cat /run/media/user/8ed8205b-4114-4c2a-b2d0-e2ad6640262d/gpac/runtime/gpac_asan/applications/mp4box/mp4box.c:4633
    #18 0x56087f75c3f7 in mp4box_main /run/media/user/8ed8205b-4114-4c2a-b2d0-e2ad6640262d/gpac/runtime/gpac_asan/applications/mp4box/mp4box.c:6377
    #19 0x7f9430c33f76 in __libc_start_call_main ../sysdeps/nptl/libc_start_call_main.h:58
    #20 0x7f9430c34026 in __libc_start_main_impl ../csu/libc-start.c:360
    #21 0x56087f73c080 in _start (/run/media/user/8ed8205b-4114-4c2a-b2d0-e2ad6640262d/gpac/runtime/gpac_asan/bin/gcc/MP4Box+0x4d080) (BuildId: 1651312aefdad6adf454cb6d555ab16d3e0fe1b8)

Indirect leak of 96 byte(s) in 6 object(s) allocated from:
    #0 0x7f9432f2435f in malloc ../../../../src/libsanitizer/asan/asan_malloc_linux.cpp:67
    #1 0x7f9431160b1d in gf_list_new utils/list.c:612
    #2 0x7f94319cc45d in xmt_node_stack_push scene_manager/loader_xmt.c:1555
    #3 0x7f94319cc45d in xmt_node_start scene_manager/loader_xmt.c:2987
    #4 0x7f943119730c in xml_sax_node_start utils/xml_parser.c:308
    #5 0x7f943119ae3f in xml_sax_parse utils/xml_parser.c:863
    #6 0x7f943119796e in gf_xml_sax_parse_intern utils/xml_parser.c:1084
    #7 0x7f943119cda7 in gf_xml_sax_parse utils/xml_parser.c:1138
    #8 0x7f943119d103 in xml_sax_read_file utils/xml_parser.c:1225
    #9 0x7f943119dbb8 in gf_xml_sax_parse_file utils/xml_parser.c:1338
    #10 0x7f94319baa39 in load_xmt_run scene_manager/loader_xmt.c:3700
    #11 0x7f9432067443 in ctxload_process filters/load_bt_xmt.c:544
    #12 0x7f9431de0093 in gf_filter_process_task filter_core/filter.c:3257
    #13 0x7f9431db44c1 in gf_fs_thread_proc filter_core/filter_session.c:2420
    #14 0x7f9431db9582 in gf_fs_run filter_core/filter_session.c:2728
    #15 0x7f943187328a in gf_media_import media_tools/media_import.c:1639
    #16 0x56087f79d411 in import_file /run/media/user/8ed8205b-4114-4c2a-b2d0-e2ad6640262d/gpac/runtime/gpac_asan/applications/mp4box/fileimport.c:1733
    #17 0x56087f759fc9 in do_add_cat /run/media/user/8ed8205b-4114-4c2a-b2d0-e2ad6640262d/gpac/runtime/gpac_asan/applications/mp4box/mp4box.c:4633
    #18 0x56087f75c3f7 in mp4box_main /run/media/user/8ed8205b-4114-4c2a-b2d0-e2ad6640262d/gpac/runtime/gpac_asan/applications/mp4box/mp4box.c:6377
    #19 0x7f9430c33f76 in __libc_start_call_main ../sysdeps/nptl/libc_start_call_main.h:58
    #20 0x7f9430c34026 in __libc_start_main_impl ../csu/libc-start.c:360
    #21 0x56087f73c080 in _start (/run/media/user/8ed8205b-4114-4c2a-b2d0-e2ad6640262d/gpac/runtime/gpac_asan/bin/gcc/MP4Box+0x4d080) (BuildId: 1651312aefdad6adf454cb6d555ab16d3e0fe1b8)

Indirect leak of 96 byte(s) in 1 object(s) allocated from:
    #0 0x7f9432f2435f in malloc ../../../../src/libsanitizer/asan/asan_malloc_linux.cpp:67
    #1 0x7f9431a1c052 in gf_mixer_new compositor/audio_mixer.c:101
    #2 0x7f9431b07a3a in compositor_init_audiobuffer compositor/mpeg4_audio.c:620
    #3 0x7f9431c5c51a in gf_scene_on_node_init compositor/scene_node_init.c:286
    #4 0x7f9431c5c51a in gf_scene_on_node_init compositor/scene_node_init.c:206
    #5 0x7f9431c5c51a in gf_scene_node_callback compositor/scene_node_init.c:360
    #6 0x7f94319c6a44 in xmt_parse_element scene_manager/loader_xmt.c:2180
    #7 0x7f94319cbae3 in xmt_node_start scene_manager/loader_xmt.c:2980
    #8 0x7f943119730c in xml_sax_node_start utils/xml_parser.c:308
    #9 0x7f943119ae3f in xml_sax_parse utils/xml_parser.c:863
    #10 0x7f9431197d60 in gf_xml_sax_parse_intern utils/xml_parser.c:1110
    #11 0x7f943119cda7 in gf_xml_sax_parse utils/xml_parser.c:1138
    #12 0x7f943119d103 in xml_sax_read_file utils/xml_parser.c:1225
    #13 0x7f943119dbb8 in gf_xml_sax_parse_file utils/xml_parser.c:1338
    #14 0x7f94319baa39 in load_xmt_run scene_manager/loader_xmt.c:3700
    #15 0x7f9432067443 in ctxload_process filters/load_bt_xmt.c:544
    #16 0x7f9431de0093 in gf_filter_process_task filter_core/filter.c:3257
    #17 0x7f9431db44c1 in gf_fs_thread_proc filter_core/filter_session.c:2420
    #18 0x7f9431db9582 in gf_fs_run filter_core/filter_session.c:2728
    #19 0x7f943187328a in gf_media_import media_tools/media_import.c:1639
    #20 0x56087f79d411 in import_file /run/media/user/8ed8205b-4114-4c2a-b2d0-e2ad6640262d/gpac/runtime/gpac_asan/applications/mp4box/fileimport.c:1733
    #21 0x56087f759fc9 in do_add_cat /run/media/user/8ed8205b-4114-4c2a-b2d0-e2ad6640262d/gpac/runtime/gpac_asan/applications/mp4box/mp4box.c:4633
    #22 0x56087f75c3f7 in mp4box_main /run/media/user/8ed8205b-4114-4c2a-b2d0-e2ad6640262d/gpac/runtime/gpac_asan/applications/mp4box/mp4box.c:6377
    #23 0x7f9430c33f76 in __libc_start_call_main ../sysdeps/nptl/libc_start_call_main.h:58
    #24 0x7f9430c34026 in __libc_start_main_impl ../csu/libc-start.c:360
    #25 0x56087f73c080 in _start (/run/media/user/8ed8205b-4114-4c2a-b2d0-e2ad6640262d/gpac/runtime/gpac_asan/bin/gcc/MP4Box+0x4d080) (BuildId: 1651312aefdad6adf454cb6d555ab16d3e0fe1b8)

Indirect leak of 96 byte(s) in 6 object(s) allocated from:
    #0 0x7f9432f2435f in malloc ../../../../src/libsanitizer/asan/asan_malloc_linux.cpp:67
    #1 0x7f9431264c93 in gf_node_register scenegraph/base_scenegraph.c:840
    #2 0x7f94319c7571 in xmt_parse_element scene_manager/loader_xmt.c:2170
    #3 0x7f94319cbae3 in xmt_node_start scene_manager/loader_xmt.c:2980
    #4 0x7f943119730c in xml_sax_node_start utils/xml_parser.c:308
    #5 0x7f943119ae3f in xml_sax_parse utils/xml_parser.c:863
    #6 0x7f9431197d60 in gf_xml_sax_parse_intern utils/xml_parser.c:1110
    #7 0x7f943119cda7 in gf_xml_sax_parse utils/xml_parser.c:1138
    #8 0x7f943119d103 in xml_sax_read_file utils/xml_parser.c:1225
    #9 0x7f943119dbb8 in gf_xml_sax_parse_file utils/xml_parser.c:1338
    #10 0x7f94319baa39 in load_xmt_run scene_manager/loader_xmt.c:3700
    #11 0x7f9432067443 in ctxload_process filters/load_bt_xmt.c:544
    #12 0x7f9431de0093 in gf_filter_process_task filter_core/filter.c:3257
    #13 0x7f9431db44c1 in gf_fs_thread_proc filter_core/filter_session.c:2420
    #14 0x7f9431db9582 in gf_fs_run filter_core/filter_session.c:2728
    #15 0x7f943187328a in gf_media_import media_tools/media_import.c:1639
    #16 0x56087f79d411 in import_file /run/media/user/8ed8205b-4114-4c2a-b2d0-e2ad6640262d/gpac/runtime/gpac_asan/applications/mp4box/fileimport.c:1733
    #17 0x56087f759fc9 in do_add_cat /run/media/user/8ed8205b-4114-4c2a-b2d0-e2ad6640262d/gpac/runtime/gpac_asan/applications/mp4box/mp4box.c:4633
    #18 0x56087f75c3f7 in mp4box_main /run/media/user/8ed8205b-4114-4c2a-b2d0-e2ad6640262d/gpac/runtime/gpac_asan/applications/mp4box/mp4box.c:6377
    #19 0x7f9430c33f76 in __libc_start_call_main ../sysdeps/nptl/libc_start_call_main.h:58
    #20 0x7f9430c34026 in __libc_start_main_impl ../csu/libc-start.c:360
    #21 0x56087f73c080 in _start (/run/media/user/8ed8205b-4114-4c2a-b2d0-e2ad6640262d/gpac/runtime/gpac_asan/bin/gcc/MP4Box+0x4d080) (BuildId: 1651312aefdad6adf454cb6d555ab16d3e0fe1b8)

Indirect leak of 96 byte(s) in 4 object(s) allocated from:
    #0 0x7f9432f2435f in malloc ../../../../src/libsanitizer/asan/asan_malloc_linux.cpp:67
    #1 0x7f94312e1029 in Coordinate2D_Create scenegraph/mpeg4_nodes.c:3509
    #2 0x7f94312e1029 in gf_sg_mpeg4_node_new scenegraph/mpeg4_nodes.c:36756
    #3 0x7f943126aa22 in gf_node_new scenegraph/base_scenegraph.c:2112
    #4 0x7f94319c6560 in xmt_parse_element scene_manager/loader_xmt.c:2036
    #5 0x7f94319cbae3 in xmt_node_start scene_manager/loader_xmt.c:2980
    #6 0x7f943119730c in xml_sax_node_start utils/xml_parser.c:308
    #7 0x7f943119c087 in xml_sax_parse_attribute utils/xml_parser.c:357
    #8 0x7f943119c087 in xml_sax_parse utils/xml_parser.c:940
    #9 0x7f9431197d60 in gf_xml_sax_parse_intern utils/xml_parser.c:1110
    #10 0x7f943119cda7 in gf_xml_sax_parse utils/xml_parser.c:1138
    #11 0x7f943119d103 in xml_sax_read_file utils/xml_parser.c:1225
    #12 0x7f943119dbb8 in gf_xml_sax_parse_file utils/xml_parser.c:1338
    #13 0x7f94319baa39 in load_xmt_run scene_manager/loader_xmt.c:3700
    #14 0x7f9432067443 in ctxload_process filters/load_bt_xmt.c:544
    #15 0x7f9431de0093 in gf_filter_process_task filter_core/filter.c:3257
    #16 0x7f9431db44c1 in gf_fs_thread_proc filter_core/filter_session.c:2420
    #17 0x7f9431db9582 in gf_fs_run filter_core/filter_session.c:2728
    #18 0x7f943187328a in gf_media_import media_tools/media_import.c:1639
    #19 0x56087f79d411 in import_file /run/media/user/8ed8205b-4114-4c2a-b2d0-e2ad6640262d/gpac/runtime/gpac_asan/applications/mp4box/fileimport.c:1733
    #20 0x56087f759fc9 in do_add_cat /run/media/user/8ed8205b-4114-4c2a-b2d0-e2ad6640262d/gpac/runtime/gpac_asan/applications/mp4box/mp4box.c:4633
    #21 0x56087f75c3f7 in mp4box_main /run/media/user/8ed8205b-4114-4c2a-b2d0-e2ad6640262d/gpac/runtime/gpac_asan/applications/mp4box/mp4box.c:6377
    #22 0x7f9430c33f76 in __libc_start_call_main ../sysdeps/nptl/libc_start_call_main.h:58
    #23 0x7f9430c34026 in __libc_start_main_impl ../csu/libc-start.c:360
    #24 0x56087f73c080 in _start (/run/media/user/8ed8205b-4114-4c2a-b2d0-e2ad6640262d/gpac/runtime/gpac_asan/bin/gcc/MP4Box+0x4d080) (BuildId: 1651312aefdad6adf454cb6d555ab16d3e0fe1b8)

Indirect leak of 96 byte(s) in 2 object(s) allocated from:
    #0 0x7f9432f2435f in malloc ../../../../src/libsanitizer/asan/asan_malloc_linux.cpp:67
    #1 0x7f9431ad937b in drawable_new compositor/drawable.c:158
    #2 0x7f9431ada23e in drawable_stack_new compositor/drawable.c:276
    #3 0x7f9431b24f18 in compositor_init_curve2d compositor/mpeg4_geometry_2d.c:649
    #4 0x7f9431c5c51a in gf_scene_on_node_init compositor/scene_node_init.c:286
    #5 0x7f9431c5c51a in gf_scene_on_node_init compositor/scene_node_init.c:206
    #6 0x7f9431c5c51a in gf_scene_node_callback compositor/scene_node_init.c:360
    #7 0x7f94319c6a44 in xmt_parse_element scene_manager/loader_xmt.c:2180
    #8 0x7f94319cbae3 in xmt_node_start scene_manager/loader_xmt.c:2980
    #9 0x7f943119730c in xml_sax_node_start utils/xml_parser.c:308
    #10 0x7f943119ba4c in xml_sax_parse_attribute utils/xml_parser.c:397
    #11 0x7f943119ba4c in xml_sax_parse utils/xml_parser.c:940
    #12 0x7f9431197d60 in gf_xml_sax_parse_intern utils/xml_parser.c:1110
    #13 0x7f943119cda7 in gf_xml_sax_parse utils/xml_parser.c:1138
    #14 0x7f943119d103 in xml_sax_read_file utils/xml_parser.c:1225
    #15 0x7f943119dbb8 in gf_xml_sax_parse_file utils/xml_parser.c:1338
    #16 0x7f94319baa39 in load_xmt_run scene_manager/loader_xmt.c:3700
    #17 0x7f9432067443 in ctxload_process filters/load_bt_xmt.c:544
    #18 0x7f9431de0093 in gf_filter_process_task filter_core/filter.c:3257
    #19 0x7f9431db44c1 in gf_fs_thread_proc filter_core/filter_session.c:2420
    #20 0x7f9431db9582 in gf_fs_run filter_core/filter_session.c:2728
    #21 0x7f943187328a in gf_media_import media_tools/media_import.c:1639
    #22 0x56087f79d411 in import_file /run/media/user/8ed8205b-4114-4c2a-b2d0-e2ad6640262d/gpac/runtime/gpac_asan/applications/mp4box/fileimport.c:1733
    #23 0x56087f759fc9 in do_add_cat /run/media/user/8ed8205b-4114-4c2a-b2d0-e2ad6640262d/gpac/runtime/gpac_asan/applications/mp4box/mp4box.c:4633
    #24 0x56087f75c3f7 in mp4box_main /run/media/user/8ed8205b-4114-4c2a-b2d0-e2ad6640262d/gpac/runtime/gpac_asan/applications/mp4box/mp4box.c:6377
    #25 0x7f9430c33f76 in __libc_start_call_main ../sysdeps/nptl/libc_start_call_main.h:58
    #26 0x7f9430c34026 in __libc_start_main_impl ../csu/libc-start.c:360
    #27 0x56087f73c080 in _start (/run/media/user/8ed8205b-4114-4c2a-b2d0-e2ad6640262d/gpac/runtime/gpac_asan/bin/gcc/MP4Box+0x4d080) (BuildId: 1651312aefdad6adf454cb6d555ab16d3e0fe1b8)

Indirect leak of 96 byte(s) in 2 object(s) allocated from:
    #0 0x7f9432f2435f in malloc ../../../../src/libsanitizer/asan/asan_malloc_linux.cpp:67
    #1 0x7f9431ad92e3 in drawable_new compositor/drawable.c:148
    #2 0x7f9431ada23e in drawable_stack_new compositor/drawable.c:276
    #3 0x7f9431b24f18 in compositor_init_curve2d compositor/mpeg4_geometry_2d.c:649
    #4 0x7f9431c5c51a in gf_scene_on_node_init compositor/scene_node_init.c:286
    #5 0x7f9431c5c51a in gf_scene_on_node_init compositor/scene_node_init.c:206
    #6 0x7f9431c5c51a in gf_scene_node_callback compositor/scene_node_init.c:360
    #7 0x7f94319c6a44 in xmt_parse_element scene_manager/loader_xmt.c:2180
    #8 0x7f94319cbae3 in xmt_node_start scene_manager/loader_xmt.c:2980
    #9 0x7f943119730c in xml_sax_node_start utils/xml_parser.c:308
    #10 0x7f943119ba4c in xml_sax_parse_attribute utils/xml_parser.c:397
    #11 0x7f943119ba4c in xml_sax_parse utils/xml_parser.c:940
    #12 0x7f9431197d60 in gf_xml_sax_parse_intern utils/xml_parser.c:1110
    #13 0x7f943119cda7 in gf_xml_sax_parse utils/xml_parser.c:1138
    #14 0x7f943119d103 in xml_sax_read_file utils/xml_parser.c:1225
    #15 0x7f943119dbb8 in gf_xml_sax_parse_file utils/xml_parser.c:1338
    #16 0x7f94319baa39 in load_xmt_run scene_manager/loader_xmt.c:3700
    #17 0x7f9432067443 in ctxload_process filters/load_bt_xmt.c:544
    #18 0x7f9431de0093 in gf_filter_process_task filter_core/filter.c:3257
    #19 0x7f9431db44c1 in gf_fs_thread_proc filter_core/filter_session.c:2420
    #20 0x7f9431db9582 in gf_fs_run filter_core/filter_session.c:2728
    #21 0x7f943187328a in gf_media_import media_tools/media_import.c:1639
    #22 0x56087f79d411 in import_file /run/media/user/8ed8205b-4114-4c2a-b2d0-e2ad6640262d/gpac/runtime/gpac_asan/applications/mp4box/fileimport.c:1733
    #23 0x56087f759fc9 in do_add_cat /run/media/user/8ed8205b-4114-4c2a-b2d0-e2ad6640262d/gpac/runtime/gpac_asan/applications/mp4box/mp4box.c:4633
    #24 0x56087f75c3f7 in mp4box_main /run/media/user/8ed8205b-4114-4c2a-b2d0-e2ad6640262d/gpac/runtime/gpac_asan/applications/mp4box/mp4box.c:6377
    #25 0x7f9430c33f76 in __libc_start_call_main ../sysdeps/nptl/libc_start_call_main.h:58
    #26 0x7f9430c34026 in __libc_start_main_impl ../csu/libc-start.c:360
    #27 0x56087f73c080 in _start (/run/media/user/8ed8205b-4114-4c2a-b2d0-e2ad6640262d/gpac/runtime/gpac_asan/bin/gcc/MP4Box+0x4d080) (BuildId: 1651312aefdad6adf454cb6d555ab16d3e0fe1b8)

Indirect leak of 96 byte(s) in 1 object(s) allocated from:
    #0 0x7f9432f2435f in malloc ../../../../src/libsanitizer/asan/asan_malloc_linux.cpp:67
    #1 0x7f9431a1c052 in gf_mixer_new compositor/audio_mixer.c:101
    #2 0x7f9431b07a3a in compositor_init_audiobuffer compositor/mpeg4_audio.c:620
    #3 0x7f9431c5c51a in gf_scene_on_node_init compositor/scene_node_init.c:286
    #4 0x7f9431c5c51a in gf_scene_on_node_init compositor/scene_node_init.c:206
    #5 0x7f9431c5c51a in gf_scene_node_callback compositor/scene_node_init.c:360
    #6 0x7f94319c6a44 in xmt_parse_element scene_manager/loader_xmt.c:2180
    #7 0x7f94319cbae3 in xmt_node_start scene_manager/loader_xmt.c:2980
    #8 0x7f943119730c in xml_sax_node_start utils/xml_parser.c:308
    #9 0x7f943119ae3f in xml_sax_parse utils/xml_parser.c:863
    #10 0x7f943119796e in gf_xml_sax_parse_intern utils/xml_parser.c:1084
    #11 0x7f943119cda7 in gf_xml_sax_parse utils/xml_parser.c:1138
    #12 0x7f943119d103 in xml_sax_read_file utils/xml_parser.c:1225
    #13 0x7f943119dbb8 in gf_xml_sax_parse_file utils/xml_parser.c:1338
    #14 0x7f94319baa39 in load_xmt_run scene_manager/loader_xmt.c:3700
    #15 0x7f9432067443 in ctxload_process filters/load_bt_xmt.c:544
    #16 0x7f9431de0093 in gf_filter_process_task filter_core/filter.c:3257
    #17 0x7f9431db44c1 in gf_fs_thread_proc filter_core/filter_session.c:2420
    #18 0x7f9431db9582 in gf_fs_run filter_core/filter_session.c:2728
    #19 0x7f943187328a in gf_media_import media_tools/media_import.c:1639
    #20 0x56087f79d411 in import_file /run/media/user/8ed8205b-4114-4c2a-b2d0-e2ad6640262d/gpac/runtime/gpac_asan/applications/mp4box/fileimport.c:1733
    #21 0x56087f759fc9 in do_add_cat /run/media/user/8ed8205b-4114-4c2a-b2d0-e2ad6640262d/gpac/runtime/gpac_asan/applications/mp4box/mp4box.c:4633
    #22 0x56087f75c3f7 in mp4box_main /run/media/user/8ed8205b-4114-4c2a-b2d0-e2ad6640262d/gpac/runtime/gpac_asan/applications/mp4box/mp4box.c:6377
    #23 0x7f9430c33f76 in __libc_start_call_main ../sysdeps/nptl/libc_start_call_main.h:58
    #24 0x7f9430c34026 in __libc_start_main_impl ../csu/libc-start.c:360
    #25 0x56087f73c080 in _start (/run/media/user/8ed8205b-4114-4c2a-b2d0-e2ad6640262d/gpac/runtime/gpac_asan/bin/gcc/MP4Box+0x4d080) (BuildId: 1651312aefdad6adf454cb6d555ab16d3e0fe1b8)

Indirect leak of 88 byte(s) in 1 object(s) allocated from:
    #0 0x7f9432f2435f in malloc ../../../../src/libsanitizer/asan/asan_malloc_linux.cpp:67
    #1 0x7f94312c858a in AudioBuffer_Create scenegraph/mpeg4_nodes.c:613
    #2 0x7f943126aa22 in gf_node_new scenegraph/base_scenegraph.c:2112
    #3 0x7f94319c6560 in xmt_parse_element scene_manager/loader_xmt.c:2036
    #4 0x7f94319cbae3 in xmt_node_start scene_manager/loader_xmt.c:2980
    #5 0x7f943119730c in xml_sax_node_start utils/xml_parser.c:308
    #6 0x7f943119ae3f in xml_sax_parse utils/xml_parser.c:863
    #7 0x7f9431197d60 in gf_xml_sax_parse_intern utils/xml_parser.c:1110
    #8 0x7f943119cda7 in gf_xml_sax_parse utils/xml_parser.c:1138
    #9 0x7f943119d103 in xml_sax_read_file utils/xml_parser.c:1225
    #10 0x7f943119dbb8 in gf_xml_sax_parse_file utils/xml_parser.c:1338
    #11 0x7f94319baa39 in load_xmt_run scene_manager/loader_xmt.c:3700
    #12 0x7f9432067443 in ctxload_process filters/load_bt_xmt.c:544
    #13 0x7f9431de0093 in gf_filter_process_task filter_core/filter.c:3257
    #14 0x7f9431db44c1 in gf_fs_thread_proc filter_core/filter_session.c:2420
    #15 0x7f9431db9582 in gf_fs_run filter_core/filter_session.c:2728
    #16 0x7f943187328a in gf_media_import media_tools/media_import.c:1639
    #17 0x56087f79d411 in import_file /run/media/user/8ed8205b-4114-4c2a-b2d0-e2ad6640262d/gpac/runtime/gpac_asan/applications/mp4box/fileimport.c:1733
    #18 0x56087f759fc9 in do_add_cat /run/media/user/8ed8205b-4114-4c2a-b2d0-e2ad6640262d/gpac/runtime/gpac_asan/applications/mp4box/mp4box.c:4633
    #19 0x56087f75c3f7 in mp4box_main /run/media/user/8ed8205b-4114-4c2a-b2d0-e2ad6640262d/gpac/runtime/gpac_asan/applications/mp4box/mp4box.c:6377
    #20 0x7f9430c33f76 in __libc_start_call_main ../sysdeps/nptl/libc_start_call_main.h:58
    #21 0x7f9430c34026 in __libc_start_main_impl ../csu/libc-start.c:360
    #22 0x56087f73c080 in _start (/run/media/user/8ed8205b-4114-4c2a-b2d0-e2ad6640262d/gpac/runtime/gpac_asan/bin/gcc/MP4Box+0x4d080) (BuildId: 1651312aefdad6adf454cb6d555ab16d3e0fe1b8)

Indirect leak of 88 byte(s) in 1 object(s) allocated from:
    #0 0x7f9432f2435f in malloc ../../../../src/libsanitizer/asan/asan_malloc_linux.cpp:67
    #1 0x7f94312c858a in AudioBuffer_Create scenegraph/mpeg4_nodes.c:613
    #2 0x7f943126aa22 in gf_node_new scenegraph/base_scenegraph.c:2112
    #3 0x7f94319c6560 in xmt_parse_element scene_manager/loader_xmt.c:2036
    #4 0x7f94319cbae3 in xmt_node_start scene_manager/loader_xmt.c:2980
    #5 0x7f943119730c in xml_sax_node_start utils/xml_parser.c:308
    #6 0x7f943119ae3f in xml_sax_parse utils/xml_parser.c:863
    #7 0x7f943119796e in gf_xml_sax_parse_intern utils/xml_parser.c:1084
    #8 0x7f943119cda7 in gf_xml_sax_parse utils/xml_parser.c:1138
    #9 0x7f943119d103 in xml_sax_read_file utils/xml_parser.c:1225
    #10 0x7f943119dbb8 in gf_xml_sax_parse_file utils/xml_parser.c:1338
    #11 0x7f94319baa39 in load_xmt_run scene_manager/loader_xmt.c:3700
    #12 0x7f9432067443 in ctxload_process filters/load_bt_xmt.c:544
    #13 0x7f9431de0093 in gf_filter_process_task filter_core/filter.c:3257
    #14 0x7f9431db44c1 in gf_fs_thread_proc filter_core/filter_session.c:2420
    #15 0x7f9431db9582 in gf_fs_run filter_core/filter_session.c:2728
    #16 0x7f943187328a in gf_media_import media_tools/media_import.c:1639
    #17 0x56087f79d411 in import_file /run/media/user/8ed8205b-4114-4c2a-b2d0-e2ad6640262d/gpac/runtime/gpac_asan/applications/mp4box/fileimport.c:1733
    #18 0x56087f759fc9 in do_add_cat /run/media/user/8ed8205b-4114-4c2a-b2d0-e2ad6640262d/gpac/runtime/gpac_asan/applications/mp4box/mp4box.c:4633
    #19 0x56087f75c3f7 in mp4box_main /run/media/user/8ed8205b-4114-4c2a-b2d0-e2ad6640262d/gpac/runtime/gpac_asan/applications/mp4box/mp4box.c:6377
    #20 0x7f9430c33f76 in __libc_start_call_main ../sysdeps/nptl/libc_start_call_main.h:58
    #21 0x7f9430c34026 in __libc_start_main_impl ../csu/libc-start.c:360
    #22 0x56087f73c080 in _start (/run/media/user/8ed8205b-4114-4c2a-b2d0-e2ad6640262d/gpac/runtime/gpac_asan/bin/gcc/MP4Box+0x4d080) (BuildId: 1651312aefdad6adf454cb6d555ab16d3e0fe1b8)

Indirect leak of 88 byte(s) in 1 object(s) allocated from:
    #0 0x7f9432f2435f in malloc ../../../../src/libsanitizer/asan/asan_malloc_linux.cpp:67
    #1 0x7f94312d9dda in LinearGradient_Create scenegraph/mpeg4_nodes.c:30942
    #2 0x7f943126aa22 in gf_node_new scenegraph/base_scenegraph.c:2112
    #3 0x7f94319c6560 in xmt_parse_element scene_manager/loader_xmt.c:2036
    #4 0x7f94319cbae3 in xmt_node_start scene_manager/loader_xmt.c:2980
    #5 0x7f943119730c in xml_sax_node_start utils/xml_parser.c:308
    #6 0x7f943119c087 in xml_sax_parse_attribute utils/xml_parser.c:357
    #7 0x7f943119c087 in xml_sax_parse utils/xml_parser.c:940
    #8 0x7f9431197d60 in gf_xml_sax_parse_intern utils/xml_parser.c:1110
    #9 0x7f943119cda7 in gf_xml_sax_parse utils/xml_parser.c:1138
    #10 0x7f943119d103 in xml_sax_read_file utils/xml_parser.c:1225
    #11 0x7f943119dbb8 in gf_xml_sax_parse_file utils/xml_parser.c:1338
    #12 0x7f94319baa39 in load_xmt_run scene_manager/loader_xmt.c:3700
    #13 0x7f9432067443 in ctxload_process filters/load_bt_xmt.c:544
    #14 0x7f9431de0093 in gf_filter_process_task filter_core/filter.c:3257
    #15 0x7f9431db44c1 in gf_fs_thread_proc filter_core/filter_session.c:2420
    #16 0x7f9431db9582 in gf_fs_run filter_core/filter_session.c:2728
    #17 0x7f943187328a in gf_media_import media_tools/media_import.c:1639
    #18 0x56087f79d411 in import_file /run/media/user/8ed8205b-4114-4c2a-b2d0-e2ad6640262d/gpac/runtime/gpac_asan/applications/mp4box/fileimport.c:1733
    #19 0x56087f759fc9 in do_add_cat /run/media/user/8ed8205b-4114-4c2a-b2d0-e2ad6640262d/gpac/runtime/gpac_asan/applications/mp4box/mp4box.c:4633
    #20 0x56087f75c3f7 in mp4box_main /run/media/user/8ed8205b-4114-4c2a-b2d0-e2ad6640262d/gpac/runtime/gpac_asan/applications/mp4box/mp4box.c:6377
    #21 0x7f9430c33f76 in __libc_start_call_main ../sysdeps/nptl/libc_start_call_main.h:58
    #22 0x7f9430c34026 in __libc_start_main_impl ../csu/libc-start.c:360
    #23 0x56087f73c080 in _start (/run/media/user/8ed8205b-4114-4c2a-b2d0-e2ad6640262d/gpac/runtime/gpac_asan/bin/gcc/MP4Box+0x4d080) (BuildId: 1651312aefdad6adf454cb6d555ab16d3e0fe1b8)

Indirect leak of 80 byte(s) in 2 object(s) allocated from:
    #0 0x7f9432f2435f in malloc ../../../../src/libsanitizer/asan/asan_malloc_linux.cpp:67
    #1 0x7f94312e000a in Sound2D_Create scenegraph/mpeg4_nodes.c:13301
    #2 0x7f94312e000a in gf_sg_mpeg4_node_new scenegraph/mpeg4_nodes.c:36872
    #3 0x7f943126aa22 in gf_node_new scenegraph/base_scenegraph.c:2112
    #4 0x7f94319c6560 in xmt_parse_element scene_manager/loader_xmt.c:2036
    #5 0x7f94319cbae3 in xmt_node_start scene_manager/loader_xmt.c:2980
    #6 0x7f943119730c in xml_sax_node_start utils/xml_parser.c:308
    #7 0x7f943119ba4c in xml_sax_parse_attribute utils/xml_parser.c:397
    #8 0x7f943119ba4c in xml_sax_parse utils/xml_parser.c:940
    #9 0x7f9431197d60 in gf_xml_sax_parse_intern utils/xml_parser.c:1110
    #10 0x7f943119cda7 in gf_xml_sax_parse utils/xml_parser.c:1138
    #11 0x7f943119d103 in xml_sax_read_file utils/xml_parser.c:1225
    #12 0x7f943119dbb8 in gf_xml_sax_parse_file utils/xml_parser.c:1338
    #13 0x7f94319baa39 in load_xmt_run scene_manager/loader_xmt.c:3700
    #14 0x7f9432067443 in ctxload_process filters/load_bt_xmt.c:544
    #15 0x7f9431de0093 in gf_filter_process_task filter_core/filter.c:3257
    #16 0x7f9431db44c1 in gf_fs_thread_proc filter_core/filter_session.c:2420
    #17 0x7f9431db9582 in gf_fs_run filter_core/filter_session.c:2728
    #18 0x7f943187328a in gf_media_import media_tools/media_import.c:1639
    #19 0x56087f79d411 in import_file /run/media/user/8ed8205b-4114-4c2a-b2d0-e2ad6640262d/gpac/runtime/gpac_asan/applications/mp4box/fileimport.c:1733
    #20 0x56087f759fc9 in do_add_cat /run/media/user/8ed8205b-4114-4c2a-b2d0-e2ad6640262d/gpac/runtime/gpac_asan/applications/mp4box/mp4box.c:4633
    #21 0x56087f75c3f7 in mp4box_main /run/media/user/8ed8205b-4114-4c2a-b2d0-e2ad6640262d/gpac/runtime/gpac_asan/applications/mp4box/mp4box.c:6377
    #22 0x7f9430c33f76 in __libc_start_call_main ../sysdeps/nptl/libc_start_call_main.h:58
    #23 0x7f9430c34026 in __libc_start_main_impl ../csu/libc-start.c:360
    #24 0x56087f73c080 in _start (/run/media/user/8ed8205b-4114-4c2a-b2d0-e2ad6640262d/gpac/runtime/gpac_asan/bin/gcc/MP4Box+0x4d080) (BuildId: 1651312aefdad6adf454cb6d555ab16d3e0fe1b8)

Indirect leak of 80 byte(s) in 1 object(s) allocated from:
    #0 0x7f9432f2365f in realloc ../../../../src/libsanitizer/asan/asan_malloc_linux.cpp:81
    #1 0x7f9431160d64 in realloc_chain utils/list.c:643
    #2 0x7f9431160d64 in gf_list_add utils/list.c:652
    #3 0x7f94319cdb48 in xmt_parse_command scene_manager/loader_xmt.c:2637
    #4 0x7f94319cdb48 in xmt_node_start scene_manager/loader_xmt.c:2968
    #5 0x7f943119730c in xml_sax_node_start utils/xml_parser.c:308
    #6 0x7f943119c087 in xml_sax_parse_attribute utils/xml_parser.c:357
    #7 0x7f943119c087 in xml_sax_parse utils/xml_parser.c:940
    #8 0x7f943119796e in gf_xml_sax_parse_intern utils/xml_parser.c:1084
    #9 0x7f943119cda7 in gf_xml_sax_parse utils/xml_parser.c:1138
    #10 0x7f943119d103 in xml_sax_read_file utils/xml_parser.c:1225
    #11 0x7f943119dbb8 in gf_xml_sax_parse_file utils/xml_parser.c:1338
    #12 0x7f94319baa39 in load_xmt_run scene_manager/loader_xmt.c:3700
    #13 0x7f9432067443 in ctxload_process filters/load_bt_xmt.c:544
    #14 0x7f9431de0093 in gf_filter_process_task filter_core/filter.c:3257
    #15 0x7f9431db44c1 in gf_fs_thread_proc filter_core/filter_session.c:2420
    #16 0x7f9431db9582 in gf_fs_run filter_core/filter_session.c:2728
    #17 0x7f943187328a in gf_media_import media_tools/media_import.c:1639
    #18 0x56087f79d411 in import_file /run/media/user/8ed8205b-4114-4c2a-b2d0-e2ad6640262d/gpac/runtime/gpac_asan/applications/mp4box/fileimport.c:1733
    #19 0x56087f759fc9 in do_add_cat /run/media/user/8ed8205b-4114-4c2a-b2d0-e2ad6640262d/gpac/runtime/gpac_asan/applications/mp4box/mp4box.c:4633
    #20 0x56087f75c3f7 in mp4box_main /run/media/user/8ed8205b-4114-4c2a-b2d0-e2ad6640262d/gpac/runtime/gpac_asan/applications/mp4box/mp4box.c:6377
    #21 0x7f9430c33f76 in __libc_start_call_main ../sysdeps/nptl/libc_start_call_main.h:58
    #22 0x7f9430c34026 in __libc_start_main_impl ../csu/libc-start.c:360
    #23 0x56087f73c080 in _start (/run/media/user/8ed8205b-4114-4c2a-b2d0-e2ad6640262d/gpac/runtime/gpac_asan/bin/gcc/MP4Box+0x4d080) (BuildId: 1651312aefdad6adf454cb6d555ab16d3e0fe1b8)

Indirect leak of 72 byte(s) in 1 object(s) allocated from:
    #0 0x7f9432f2435f in malloc ../../../../src/libsanitizer/asan/asan_malloc_linux.cpp:67
    #1 0x7f94312dd6ae in TransformMatrix2D_Create scenegraph/mpeg4_nodes.c:31738
    #2 0x7f94312dd6ae in gf_sg_mpeg4_node_new scenegraph/mpeg4_nodes.c:37040
    #3 0x7f943126aa22 in gf_node_new scenegraph/base_scenegraph.c:2112
    #4 0x7f94319c6560 in xmt_parse_element scene_manager/loader_xmt.c:2036
    #5 0x7f94319cbae3 in xmt_node_start scene_manager/loader_xmt.c:2980
    #6 0x7f943119730c in xml_sax_node_start utils/xml_parser.c:308
    #7 0x7f943119ba4c in xml_sax_parse_attribute utils/xml_parser.c:397
    #8 0x7f943119ba4c in xml_sax_parse utils/xml_parser.c:940
    #9 0x7f943119796e in gf_xml_sax_parse_intern utils/xml_parser.c:1084
    #10 0x7f943119cda7 in gf_xml_sax_parse utils/xml_parser.c:1138
    #11 0x7f943119d103 in xml_sax_read_file utils/xml_parser.c:1225
    #12 0x7f943119dbb8 in gf_xml_sax_parse_file utils/xml_parser.c:1338
    #13 0x7f94319baa39 in load_xmt_run scene_manager/loader_xmt.c:3700
    #14 0x7f9432067443 in ctxload_process filters/load_bt_xmt.c:544
    #15 0x7f9431de0093 in gf_filter_process_task filter_core/filter.c:3257
    #16 0x7f9431db44c1 in gf_fs_thread_proc filter_core/filter_session.c:2420
    #17 0x7f9431db9582 in gf_fs_run filter_core/filter_session.c:2728
    #18 0x7f943187328a in gf_media_import media_tools/media_import.c:1639
    #19 0x56087f79d411 in import_file /run/media/user/8ed8205b-4114-4c2a-b2d0-e2ad6640262d/gpac/runtime/gpac_asan/applications/mp4box/fileimport.c:1733
    #20 0x56087f759fc9 in do_add_cat /run/media/user/8ed8205b-4114-4c2a-b2d0-e2ad6640262d/gpac/runtime/gpac_asan/applications/mp4box/mp4box.c:4633
    #21 0x56087f75c3f7 in mp4box_main /run/media/user/8ed8205b-4114-4c2a-b2d0-e2ad6640262d/gpac/runtime/gpac_asan/applications/mp4box/mp4box.c:6377
    #22 0x7f9430c33f76 in __libc_start_call_main ../sysdeps/nptl/libc_start_call_main.h:58
    #23 0x7f9430c34026 in __libc_start_main_impl ../csu/libc-start.c:360
    #24 0x56087f73c080 in _start (/run/media/user/8ed8205b-4114-4c2a-b2d0-e2ad6640262d/gpac/runtime/gpac_asan/bin/gcc/MP4Box+0x4d080) (BuildId: 1651312aefdad6adf454cb6d555ab16d3e0fe1b8)

Indirect leak of 72 byte(s) in 1 object(s) allocated from:
    #0 0x7f9432f2435f in malloc ../../../../src/libsanitizer/asan/asan_malloc_linux.cpp:67
    #1 0x7f9431b6c683 in compositor_init_timesensor compositor/mpeg4_timesensor.c:172
    #2 0x7f9431c5c51a in gf_scene_on_node_init compositor/scene_node_init.c:286
    #3 0x7f9431c5c51a in gf_scene_on_node_init compositor/scene_node_init.c:206
    #4 0x7f9431c5c51a in gf_scene_node_callback compositor/scene_node_init.c:360
    #5 0x7f94319c6a44 in xmt_parse_element scene_manager/loader_xmt.c:2180
    #6 0x7f94319cbae3 in xmt_node_start scene_manager/loader_xmt.c:2980
    #7 0x7f943119730c in xml_sax_node_start utils/xml_parser.c:308
    #8 0x7f943119ae3f in xml_sax_parse utils/xml_parser.c:863
    #9 0x7f9431197d60 in gf_xml_sax_parse_intern utils/xml_parser.c:1110
    #10 0x7f943119cda7 in gf_xml_sax_parse utils/xml_parser.c:1138
    #11 0x7f943119d103 in xml_sax_read_file utils/xml_parser.c:1225
    #12 0x7f943119dbb8 in gf_xml_sax_parse_file utils/xml_parser.c:1338
    #13 0x7f94319baa39 in load_xmt_run scene_manager/loader_xmt.c:3700
    #14 0x7f9432067443 in ctxload_process filters/load_bt_xmt.c:544
    #15 0x7f9431de0093 in gf_filter_process_task filter_core/filter.c:3257
    #16 0x7f9431db44c1 in gf_fs_thread_proc filter_core/filter_session.c:2420
    #17 0x7f9431db9582 in gf_fs_run filter_core/filter_session.c:2728
    #18 0x7f943187328a in gf_media_import media_tools/media_import.c:1639
    #19 0x56087f79d411 in import_file /run/media/user/8ed8205b-4114-4c2a-b2d0-e2ad6640262d/gpac/runtime/gpac_asan/applications/mp4box/fileimport.c:1733
    #20 0x56087f759fc9 in do_add_cat /run/media/user/8ed8205b-4114-4c2a-b2d0-e2ad6640262d/gpac/runtime/gpac_asan/applications/mp4box/mp4box.c:4633
    #21 0x56087f75c3f7 in mp4box_main /run/media/user/8ed8205b-4114-4c2a-b2d0-e2ad6640262d/gpac/runtime/gpac_asan/applications/mp4box/mp4box.c:6377
    #22 0x7f9430c33f76 in __libc_start_call_main ../sysdeps/nptl/libc_start_call_main.h:58
    #23 0x7f9430c34026 in __libc_start_main_impl ../csu/libc-start.c:360
    #24 0x56087f73c080 in _start (/run/media/user/8ed8205b-4114-4c2a-b2d0-e2ad6640262d/gpac/runtime/gpac_asan/bin/gcc/MP4Box+0x4d080) (BuildId: 1651312aefdad6adf454cb6d555ab16d3e0fe1b8)

Indirect leak of 72 byte(s) in 1 object(s) allocated from:
    #0 0x7f9432f2435f in malloc ../../../../src/libsanitizer/asan/asan_malloc_linux.cpp:67
    #1 0x7f94312dd6ae in TransformMatrix2D_Create scenegraph/mpeg4_nodes.c:31738
    #2 0x7f94312dd6ae in gf_sg_mpeg4_node_new scenegraph/mpeg4_nodes.c:37040
    #3 0x7f943126aa22 in gf_node_new scenegraph/base_scenegraph.c:2112
    #4 0x7f94319c6560 in xmt_parse_element scene_manager/loader_xmt.c:2036
    #5 0x7f94319cbae3 in xmt_node_start scene_manager/loader_xmt.c:2980
    #6 0x7f943119730c in xml_sax_node_start utils/xml_parser.c:308
    #7 0x7f943119ba4c in xml_sax_parse_attribute utils/xml_parser.c:397
    #8 0x7f943119ba4c in xml_sax_parse utils/xml_parser.c:940
    #9 0x7f9431197d60 in gf_xml_sax_parse_intern utils/xml_parser.c:1110
    #10 0x7f943119cda7 in gf_xml_sax_parse utils/xml_parser.c:1138
    #11 0x7f943119d103 in xml_sax_read_file utils/xml_parser.c:1225
    #12 0x7f943119dbb8 in gf_xml_sax_parse_file utils/xml_parser.c:1338
    #13 0x7f94319baa39 in load_xmt_run scene_manager/loader_xmt.c:3700
    #14 0x7f9432067443 in ctxload_process filters/load_bt_xmt.c:544
    #15 0x7f9431de0093 in gf_filter_process_task filter_core/filter.c:3257
    #16 0x7f9431db44c1 in gf_fs_thread_proc filter_core/filter_session.c:2420
    #17 0x7f9431db9582 in gf_fs_run filter_core/filter_session.c:2728
    #18 0x7f943187328a in gf_media_import media_tools/media_import.c:1639
    #19 0x56087f79d411 in import_file /run/media/user/8ed8205b-4114-4c2a-b2d0-e2ad6640262d/gpac/runtime/gpac_asan/applications/mp4box/fileimport.c:1733
    #20 0x56087f759fc9 in do_add_cat /run/media/user/8ed8205b-4114-4c2a-b2d0-e2ad6640262d/gpac/runtime/gpac_asan/applications/mp4box/mp4box.c:4633
    #21 0x56087f75c3f7 in mp4box_main /run/media/user/8ed8205b-4114-4c2a-b2d0-e2ad6640262d/gpac/runtime/gpac_asan/applications/mp4box/mp4box.c:6377
    #22 0x7f9430c33f76 in __libc_start_call_main ../sysdeps/nptl/libc_start_call_main.h:58
    #23 0x7f9430c34026 in __libc_start_main_impl ../csu/libc-start.c:360
    #24 0x56087f73c080 in _start (/run/media/user/8ed8205b-4114-4c2a-b2d0-e2ad6640262d/gpac/runtime/gpac_asan/bin/gcc/MP4Box+0x4d080) (BuildId: 1651312aefdad6adf454cb6d555ab16d3e0fe1b8)

Indirect leak of 72 byte(s) in 1 object(s) allocated from:
    #0 0x7f9432f2435f in malloc ../../../../src/libsanitizer/asan/asan_malloc_linux.cpp:67
    #1 0x7f94312e09c2 in MovieTexture_Create scenegraph/mpeg4_nodes.c:9942
    #2 0x7f94312e09c2 in gf_sg_mpeg4_node_new scenegraph/mpeg4_nodes.c:36828
    #3 0x7f943126aa22 in gf_node_new scenegraph/base_scenegraph.c:2112
    #4 0x7f94319c6560 in xmt_parse_element scene_manager/loader_xmt.c:2036
    #5 0x7f94319cbae3 in xmt_node_start scene_manager/loader_xmt.c:2980
    #6 0x7f943119730c in xml_sax_node_start utils/xml_parser.c:308
    #7 0x7f943119c087 in xml_sax_parse_attribute utils/xml_parser.c:357
    #8 0x7f943119c087 in xml_sax_parse utils/xml_parser.c:940
    #9 0x7f9431197d60 in gf_xml_sax_parse_intern utils/xml_parser.c:1110
    #10 0x7f943119cda7 in gf_xml_sax_parse utils/xml_parser.c:1138
    #11 0x7f943119d103 in xml_sax_read_file utils/xml_parser.c:1225
    #12 0x7f943119dbb8 in gf_xml_sax_parse_file utils/xml_parser.c:1338
    #13 0x7f94319baa39 in load_xmt_run scene_manager/loader_xmt.c:3700
    #14 0x7f9432067443 in ctxload_process filters/load_bt_xmt.c:544
    #15 0x7f9431de0093 in gf_filter_process_task filter_core/filter.c:3257
    #16 0x7f9431db44c1 in gf_fs_thread_proc filter_core/filter_session.c:2420
    #17 0x7f9431db9582 in gf_fs_run filter_core/filter_session.c:2728
    #18 0x7f943187328a in gf_media_import media_tools/media_import.c:1639
    #19 0x56087f79d411 in import_file /run/media/user/8ed8205b-4114-4c2a-b2d0-e2ad6640262d/gpac/runtime/gpac_asan/applications/mp4box/fileimport.c:1733
    #20 0x56087f759fc9 in do_add_cat /run/media/user/8ed8205b-4114-4c2a-b2d0-e2ad6640262d/gpac/runtime/gpac_asan/applications/mp4box/mp4box.c:4633
    #21 0x56087f75c3f7 in mp4box_main /run/media/user/8ed8205b-4114-4c2a-b2d0-e2ad6640262d/gpac/runtime/gpac_asan/applications/mp4box/mp4box.c:6377
    #22 0x7f9430c33f76 in __libc_start_call_main ../sysdeps/nptl/libc_start_call_main.h:58
    #23 0x7f9430c34026 in __libc_start_main_impl ../csu/libc-start.c:360
    #24 0x56087f73c080 in _start (/run/media/user/8ed8205b-4114-4c2a-b2d0-e2ad6640262d/gpac/runtime/gpac_asan/bin/gcc/MP4Box+0x4d080) (BuildId: 1651312aefdad6adf454cb6d555ab16d3e0fe1b8)

Indirect leak of 72 byte(s) in 1 object(s) allocated from:
    #0 0x7f9432f2435f in malloc ../../../../src/libsanitizer/asan/asan_malloc_linux.cpp:67
    #1 0x7f9431b6c683 in compositor_init_timesensor compositor/mpeg4_timesensor.c:172
    #2 0x7f9431c5c51a in gf_scene_on_node_init compositor/scene_node_init.c:286
    #3 0x7f9431c5c51a in gf_scene_on_node_init compositor/scene_node_init.c:206
    #4 0x7f9431c5c51a in gf_scene_node_callback compositor/scene_node_init.c:360
    #5 0x7f94319c6a44 in xmt_parse_element scene_manager/loader_xmt.c:2180
    #6 0x7f94319cbae3 in xmt_node_start scene_manager/loader_xmt.c:2980
    #7 0x7f943119730c in xml_sax_node_start utils/xml_parser.c:308
    #8 0x7f943119ae3f in xml_sax_parse utils/xml_parser.c:863
    #9 0x7f943119796e in gf_xml_sax_parse_intern utils/xml_parser.c:1084
    #10 0x7f943119cda7 in gf_xml_sax_parse utils/xml_parser.c:1138
    #11 0x7f943119d103 in xml_sax_read_file utils/xml_parser.c:1225
    #12 0x7f943119dbb8 in gf_xml_sax_parse_file utils/xml_parser.c:1338
    #13 0x7f94319baa39 in load_xmt_run scene_manager/loader_xmt.c:3700
    #14 0x7f9432067443 in ctxload_process filters/load_bt_xmt.c:544
    #15 0x7f9431de0093 in gf_filter_process_task filter_core/filter.c:3257
    #16 0x7f9431db44c1 in gf_fs_thread_proc filter_core/filter_session.c:2420
    #17 0x7f9431db9582 in gf_fs_run filter_core/filter_session.c:2728
    #18 0x7f943187328a in gf_media_import media_tools/media_import.c:1639
    #19 0x56087f79d411 in import_file /run/media/user/8ed8205b-4114-4c2a-b2d0-e2ad6640262d/gpac/runtime/gpac_asan/applications/mp4box/fileimport.c:1733
    #20 0x56087f759fc9 in do_add_cat /run/media/user/8ed8205b-4114-4c2a-b2d0-e2ad6640262d/gpac/runtime/gpac_asan/applications/mp4box/mp4box.c:4633
    #21 0x56087f75c3f7 in mp4box_main /run/media/user/8ed8205b-4114-4c2a-b2d0-e2ad6640262d/gpac/runtime/gpac_asan/applications/mp4box/mp4box.c:6377
    #22 0x7f9430c33f76 in __libc_start_call_main ../sysdeps/nptl/libc_start_call_main.h:58
    #23 0x7f9430c34026 in __libc_start_main_impl ../csu/libc-start.c:360
    #24 0x56087f73c080 in _start (/run/media/user/8ed8205b-4114-4c2a-b2d0-e2ad6640262d/gpac/runtime/gpac_asan/bin/gcc/MP4Box+0x4d080) (BuildId: 1651312aefdad6adf454cb6d555ab16d3e0fe1b8)

Indirect leak of 72 byte(s) in 1 object(s) allocated from:
    #0 0x7f9432f2435f in malloc ../../../../src/libsanitizer/asan/asan_malloc_linux.cpp:67
    #1 0x7f94312e09c2 in MovieTexture_Create scenegraph/mpeg4_nodes.c:9942
    #2 0x7f94312e09c2 in gf_sg_mpeg4_node_new scenegraph/mpeg4_nodes.c:36828
    #3 0x7f943126aa22 in gf_node_new scenegraph/base_scenegraph.c:2112
    #4 0x7f94319c6560 in xmt_parse_element scene_manager/loader_xmt.c:2036
    #5 0x7f94319cbae3 in xmt_node_start scene_manager/loader_xmt.c:2980
    #6 0x7f943119730c in xml_sax_node_start utils/xml_parser.c:308
    #7 0x7f943119c087 in xml_sax_parse_attribute utils/xml_parser.c:357
    #8 0x7f943119c087 in xml_sax_parse utils/xml_parser.c:940
    #9 0x7f943119796e in gf_xml_sax_parse_intern utils/xml_parser.c:1084
    #10 0x7f943119cda7 in gf_xml_sax_parse utils/xml_parser.c:1138
    #11 0x7f943119d103 in xml_sax_read_file utils/xml_parser.c:1225
    #12 0x7f943119dbb8 in gf_xml_sax_parse_file utils/xml_parser.c:1338
    #13 0x7f94319baa39 in load_xmt_run scene_manager/loader_xmt.c:3700
    #14 0x7f9432067443 in ctxload_process filters/load_bt_xmt.c:544
    #15 0x7f9431de0093 in gf_filter_process_task filter_core/filter.c:3257
    #16 0x7f9431db44c1 in gf_fs_thread_proc filter_core/filter_session.c:2420
    #17 0x7f9431db9582 in gf_fs_run filter_core/filter_session.c:2728
    #18 0x7f943187328a in gf_media_import media_tools/media_import.c:1639
    #19 0x56087f79d411 in import_file /run/media/user/8ed8205b-4114-4c2a-b2d0-e2ad6640262d/gpac/runtime/gpac_asan/applications/mp4box/fileimport.c:1733
    #20 0x56087f759fc9 in do_add_cat /run/media/user/8ed8205b-4114-4c2a-b2d0-e2ad6640262d/gpac/runtime/gpac_asan/applications/mp4box/mp4box.c:4633
    #21 0x56087f75c3f7 in mp4box_main /run/media/user/8ed8205b-4114-4c2a-b2d0-e2ad6640262d/gpac/runtime/gpac_asan/applications/mp4box/mp4box.c:6377
    #22 0x7f9430c33f76 in __libc_start_call_main ../sysdeps/nptl/libc_start_call_main.h:58
    #23 0x7f9430c34026 in __libc_start_main_impl ../csu/libc-start.c:360
    #24 0x56087f73c080 in _start (/run/media/user/8ed8205b-4114-4c2a-b2d0-e2ad6640262d/gpac/runtime/gpac_asan/bin/gcc/MP4Box+0x4d080) (BuildId: 1651312aefdad6adf454cb6d555ab16d3e0fe1b8)

Indirect leak of 72 byte(s) in 1 object(s) allocated from:
    #0 0x7f9432f2435f in malloc ../../../../src/libsanitizer/asan/asan_malloc_linux.cpp:67
    #1 0x7f94312dd6ae in TransformMatrix2D_Create scenegraph/mpeg4_nodes.c:31738
    #2 0x7f94312dd6ae in gf_sg_mpeg4_node_new scenegraph/mpeg4_nodes.c:37040
    #3 0x7f943126aa22 in gf_node_new scenegraph/base_scenegraph.c:2112
    #4 0x7f94319c6560 in xmt_parse_element scene_manager/loader_xmt.c:2036
    #5 0x7f94319cbae3 in xmt_node_start scene_manager/loader_xmt.c:2980
    #6 0x7f943119730c in xml_sax_node_start utils/xml_parser.c:308
    #7 0x7f943119ae3f in xml_sax_parse utils/xml_parser.c:863
    #8 0x7f943119796e in gf_xml_sax_parse_intern utils/xml_parser.c:1084
    #9 0x7f943119cda7 in gf_xml_sax_parse utils/xml_parser.c:1138
    #10 0x7f943119d103 in xml_sax_read_file utils/xml_parser.c:1225
    #11 0x7f943119dbb8 in gf_xml_sax_parse_file utils/xml_parser.c:1338
    #12 0x7f94319baa39 in load_xmt_run scene_manager/loader_xmt.c:3700
    #13 0x7f9432067443 in ctxload_process filters/load_bt_xmt.c:544
    #14 0x7f9431de0093 in gf_filter_process_task filter_core/filter.c:3257
    #15 0x7f9431db44c1 in gf_fs_thread_proc filter_core/filter_session.c:2420
    #16 0x7f9431db9582 in gf_fs_run filter_core/filter_session.c:2728
    #17 0x7f943187328a in gf_media_import media_tools/media_import.c:1639
    #18 0x56087f79d411 in import_file /run/media/user/8ed8205b-4114-4c2a-b2d0-e2ad6640262d/gpac/runtime/gpac_asan/applications/mp4box/fileimport.c:1733
    #19 0x56087f759fc9 in do_add_cat /run/media/user/8ed8205b-4114-4c2a-b2d0-e2ad6640262d/gpac/runtime/gpac_asan/applications/mp4box/mp4box.c:4633
    #20 0x56087f75c3f7 in mp4box_main /run/media/user/8ed8205b-4114-4c2a-b2d0-e2ad6640262d/gpac/runtime/gpac_asan/applications/mp4box/mp4box.c:6377
    #21 0x7f9430c33f76 in __libc_start_call_main ../sysdeps/nptl/libc_start_call_main.h:58
    #22 0x7f9430c34026 in __libc_start_main_impl ../csu/libc-start.c:360
    #23 0x56087f73c080 in _start (/run/media/user/8ed8205b-4114-4c2a-b2d0-e2ad6640262d/gpac/runtime/gpac_asan/bin/gcc/MP4Box+0x4d080) (BuildId: 1651312aefdad6adf454cb6d555ab16d3e0fe1b8)

Indirect leak of 72 byte(s) in 1 object(s) allocated from:
    #0 0x7f9432f2435f in malloc ../../../../src/libsanitizer/asan/asan_malloc_linux.cpp:67
    #1 0x7f94312dd6ae in TransformMatrix2D_Create scenegraph/mpeg4_nodes.c:31738
    #2 0x7f94312dd6ae in gf_sg_mpeg4_node_new scenegraph/mpeg4_nodes.c:37040
    #3 0x7f943126aa22 in gf_node_new scenegraph/base_scenegraph.c:2112
    #4 0x7f94319c6560 in xmt_parse_element scene_manager/loader_xmt.c:2036
    #5 0x7f94319cbae3 in xmt_node_start scene_manager/loader_xmt.c:2980
    #6 0x7f943119730c in xml_sax_node_start utils/xml_parser.c:308
    #7 0x7f943119ae3f in xml_sax_parse utils/xml_parser.c:863
    #8 0x7f9431197d60 in gf_xml_sax_parse_intern utils/xml_parser.c:1110
    #9 0x7f943119cda7 in gf_xml_sax_parse utils/xml_parser.c:1138
    #10 0x7f943119d103 in xml_sax_read_file utils/xml_parser.c:1225
    #11 0x7f943119dbb8 in gf_xml_sax_parse_file utils/xml_parser.c:1338
    #12 0x7f94319baa39 in load_xmt_run scene_manager/loader_xmt.c:3700
    #13 0x7f9432067443 in ctxload_process filters/load_bt_xmt.c:544
    #14 0x7f9431de0093 in gf_filter_process_task filter_core/filter.c:3257
    #15 0x7f9431db44c1 in gf_fs_thread_proc filter_core/filter_session.c:2420
    #16 0x7f9431db9582 in gf_fs_run filter_core/filter_session.c:2728
    #17 0x7f943187328a in gf_media_import media_tools/media_import.c:1639
    #18 0x56087f79d411 in import_file /run/media/user/8ed8205b-4114-4c2a-b2d0-e2ad6640262d/gpac/runtime/gpac_asan/applications/mp4box/fileimport.c:1733
    #19 0x56087f759fc9 in do_add_cat /run/media/user/8ed8205b-4114-4c2a-b2d0-e2ad6640262d/gpac/runtime/gpac_asan/applications/mp4box/mp4box.c:4633
    #20 0x56087f75c3f7 in mp4box_main /run/media/user/8ed8205b-4114-4c2a-b2d0-e2ad6640262d/gpac/runtime/gpac_asan/applications/mp4box/mp4box.c:6377
    #21 0x7f9430c33f76 in __libc_start_call_main ../sysdeps/nptl/libc_start_call_main.h:58
    #22 0x7f9430c34026 in __libc_start_main_impl ../csu/libc-start.c:360
    #23 0x56087f73c080 in _start (/run/media/user/8ed8205b-4114-4c2a-b2d0-e2ad6640262d/gpac/runtime/gpac_asan/bin/gcc/MP4Box+0x4d080) (BuildId: 1651312aefdad6adf454cb6d555ab16d3e0fe1b8)

Indirect leak of 64 byte(s) in 1 object(s) allocated from:
    #0 0x7f9432f2435f in malloc ../../../../src/libsanitizer/asan/asan_malloc_linux.cpp:67
    #1 0x7f9431265ded in gf_node_setup scenegraph/base_scenegraph.c:1319
    #2 0x7f94312e149b in Circle_Create scenegraph/mpeg4_nodes.c:2363
    #3 0x7f94312e149b in gf_sg_mpeg4_node_new scenegraph/mpeg4_nodes.c:36738
    #4 0x7f943126aa22 in gf_node_new scenegraph/base_scenegraph.c:2112
    #5 0x7f94319c6560 in xmt_parse_element scene_manager/loader_xmt.c:2036
    #6 0x7f94319cbae3 in xmt_node_start scene_manager/loader_xmt.c:2980
    #7 0x7f943119730c in xml_sax_node_start utils/xml_parser.c:308
    #8 0x7f943119c087 in xml_sax_parse_attribute utils/xml_parser.c:357
    #9 0x7f943119c087 in xml_sax_parse utils/xml_parser.c:940
    #10 0x7f943119796e in gf_xml_sax_parse_intern utils/xml_parser.c:1084
    #11 0x7f943119cda7 in gf_xml_sax_parse utils/xml_parser.c:1138
    #12 0x7f943119d103 in xml_sax_read_file utils/xml_parser.c:1225
    #13 0x7f943119dbb8 in gf_xml_sax_parse_file utils/xml_parser.c:1338
    #14 0x7f94319baa39 in load_xmt_run scene_manager/loader_xmt.c:3700
    #15 0x7f9432067443 in ctxload_process filters/load_bt_xmt.c:544
    #16 0x7f9431de0093 in gf_filter_process_task filter_core/filter.c:3257
    #17 0x7f9431db44c1 in gf_fs_thread_proc filter_core/filter_session.c:2420
    #18 0x7f9431db9582 in gf_fs_run filter_core/filter_session.c:2728
    #19 0x7f943187328a in gf_media_import media_tools/media_import.c:1639
    #20 0x56087f79d411 in import_file /run/media/user/8ed8205b-4114-4c2a-b2d0-e2ad6640262d/gpac/runtime/gpac_asan/applications/mp4box/fileimport.c:1733
    #21 0x56087f759fc9 in do_add_cat /run/media/user/8ed8205b-4114-4c2a-b2d0-e2ad6640262d/gpac/runtime/gpac_asan/applications/mp4box/mp4box.c:4633
    #22 0x56087f75c3f7 in mp4box_main /run/media/user/8ed8205b-4114-4c2a-b2d0-e2ad6640262d/gpac/runtime/gpac_asan/applications/mp4box/mp4box.c:6377
    #23 0x7f9430c33f76 in __libc_start_call_main ../sysdeps/nptl/libc_start_call_main.h:58
    #24 0x7f9430c34026 in __libc_start_main_impl ../csu/libc-start.c:360
    #25 0x56087f73c080 in _start (/run/media/user/8ed8205b-4114-4c2a-b2d0-e2ad6640262d/gpac/runtime/gpac_asan/bin/gcc/MP4Box+0x4d080) (BuildId: 1651312aefdad6adf454cb6d555ab16d3e0fe1b8)

Indirect leak of 64 byte(s) in 1 object(s) allocated from:
    #0 0x7f9432f2435f in malloc ../../../../src/libsanitizer/asan/asan_malloc_linux.cpp:67
    #1 0x7f9431b3a68d in compositor_init_transformmatrix2d compositor/mpeg4_grouping_2d.c:281
    #2 0x7f9431c5c51a in gf_scene_on_node_init compositor/scene_node_init.c:286
    #3 0x7f9431c5c51a in gf_scene_on_node_init compositor/scene_node_init.c:206
    #4 0x7f9431c5c51a in gf_scene_node_callback compositor/scene_node_init.c:360
    #5 0x7f94319c6a44 in xmt_parse_element scene_manager/loader_xmt.c:2180
    #6 0x7f94319cbae3 in xmt_node_start scene_manager/loader_xmt.c:2980
    #7 0x7f943119730c in xml_sax_node_start utils/xml_parser.c:308
    #8 0x7f943119ae3f in xml_sax_parse utils/xml_parser.c:863
    #9 0x7f943119796e in gf_xml_sax_parse_intern utils/xml_parser.c:1084
    #10 0x7f943119cda7 in gf_xml_sax_parse utils/xml_parser.c:1138
    #11 0x7f943119d103 in xml_sax_read_file utils/xml_parser.c:1225
    #12 0x7f943119dbb8 in gf_xml_sax_parse_file utils/xml_parser.c:1338
    #13 0x7f94319baa39 in load_xmt_run scene_manager/loader_xmt.c:3700
    #14 0x7f9432067443 in ctxload_process filters/load_bt_xmt.c:544
    #15 0x7f9431de0093 in gf_filter_process_task filter_core/filter.c:3257
    #16 0x7f9431db44c1 in gf_fs_thread_proc filter_core/filter_session.c:2420
    #17 0x7f9431db9582 in gf_fs_run filter_core/filter_session.c:2728
    #18 0x7f943187328a in gf_media_import media_tools/media_import.c:1639
    #19 0x56087f79d411 in import_file /run/media/user/8ed8205b-4114-4c2a-b2d0-e2ad6640262d/gpac/runtime/gpac_asan/applications/mp4box/fileimport.c:1733
    #20 0x56087f759fc9 in do_add_cat /run/media/user/8ed8205b-4114-4c2a-b2d0-e2ad6640262d/gpac/runtime/gpac_asan/applications/mp4box/mp4box.c:4633
    #21 0x56087f75c3f7 in mp4box_main /run/media/user/8ed8205b-4114-4c2a-b2d0-e2ad6640262d/gpac/runtime/gpac_asan/applications/mp4box/mp4box.c:6377
    #22 0x7f9430c33f76 in __libc_start_call_main ../sysdeps/nptl/libc_start_call_main.h:58
    #23 0x7f9430c34026 in __libc_start_main_impl ../csu/libc-start.c:360
    #24 0x56087f73c080 in _start (/run/media/user/8ed8205b-4114-4c2a-b2d0-e2ad6640262d/gpac/runtime/gpac_asan/bin/gcc/MP4Box+0x4d080) (BuildId: 1651312aefdad6adf454cb6d555ab16d3e0fe1b8)

Indirect leak of 64 byte(s) in 2 object(s) allocated from:
    #0 0x7f9432f2435f in malloc ../../../../src/libsanitizer/asan/asan_malloc_linux.cpp:67
    #1 0x7f94312e196c in Appearance_Create scenegraph/mpeg4_nodes.c:424
    #2 0x7f94312e196c in gf_sg_mpeg4_node_new scenegraph/mpeg4_nodes.c:36712
    #3 0x7f943126aa22 in gf_node_new scenegraph/base_scenegraph.c:2112
    #4 0x7f94319c6560 in xmt_parse_element scene_manager/loader_xmt.c:2036
    #5 0x7f94319cbae3 in xmt_node_start scene_manager/loader_xmt.c:2980
    #6 0x7f943119730c in xml_sax_node_start utils/xml_parser.c:308
    #7 0x7f943119ba4c in xml_sax_parse_attribute utils/xml_parser.c:397
    #8 0x7f943119ba4c in xml_sax_parse utils/xml_parser.c:940
    #9 0x7f943119796e in gf_xml_sax_parse_intern utils/xml_parser.c:1084
    #10 0x7f943119cda7 in gf_xml_sax_parse utils/xml_parser.c:1138
    #11 0x7f943119d103 in xml_sax_read_file utils/xml_parser.c:1225
    #12 0x7f943119dbb8 in gf_xml_sax_parse_file utils/xml_parser.c:1338
    #13 0x7f94319baa39 in load_xmt_run scene_manager/loader_xmt.c:3700
    #14 0x7f9432067443 in ctxload_process filters/load_bt_xmt.c:544
    #15 0x7f9431de0093 in gf_filter_process_task filter_core/filter.c:3257
    #16 0x7f9431db44c1 in gf_fs_thread_proc filter_core/filter_session.c:2420
    #17 0x7f9431db9582 in gf_fs_run filter_core/filter_session.c:2728
    #18 0x7f943187328a in gf_media_import media_tools/media_import.c:1639
    #19 0x56087f79d411 in import_file /run/media/user/8ed8205b-4114-4c2a-b2d0-e2ad6640262d/gpac/runtime/gpac_asan/applications/mp4box/fileimport.c:1733
    #20 0x56087f759fc9 in do_add_cat /run/media/user/8ed8205b-4114-4c2a-b2d0-e2ad6640262d/gpac/runtime/gpac_asan/applications/mp4box/mp4box.c:4633
    #21 0x56087f75c3f7 in mp4box_main /run/media/user/8ed8205b-4114-4c2a-b2d0-e2ad6640262d/gpac/runtime/gpac_asan/applications/mp4box/mp4box.c:6377
    #22 0x7f9430c33f76 in __libc_start_call_main ../sysdeps/nptl/libc_start_call_main.h:58
    #23 0x7f9430c34026 in __libc_start_main_impl ../csu/libc-start.c:360
    #24 0x56087f73c080 in _start (/run/media/user/8ed8205b-4114-4c2a-b2d0-e2ad6640262d/gpac/runtime/gpac_asan/bin/gcc/MP4Box+0x4d080) (BuildId: 1651312aefdad6adf454cb6d555ab16d3e0fe1b8)

Indirect leak of 64 byte(s) in 1 object(s) allocated from:
    #0 0x7f9432f2435f in malloc ../../../../src/libsanitizer/asan/asan_malloc_linux.cpp:67
    #1 0x7f943121975d in gf_path_new utils/path2d.c:35
    #2 0x7f9431ad9309 in drawable_new compositor/drawable.c:153
    #3 0x7f9431ada23e in drawable_stack_new compositor/drawable.c:276
    #4 0x7f9431b24f18 in compositor_init_curve2d compositor/mpeg4_geometry_2d.c:649
    #5 0x7f9431c5c51a in gf_scene_on_node_init compositor/scene_node_init.c:286
    #6 0x7f9431c5c51a in gf_scene_on_node_init compositor/scene_node_init.c:206
    #7 0x7f9431c5c51a in gf_scene_node_callback compositor/scene_node_init.c:360
    #8 0x7f94319c6a44 in xmt_parse_element scene_manager/loader_xmt.c:2180
    #9 0x7f94319cbae3 in xmt_node_start scene_manager/loader_xmt.c:2980
    #10 0x7f943119730c in xml_sax_node_start utils/xml_parser.c:308
    #11 0x7f943119ba4c in xml_sax_parse_attribute utils/xml_parser.c:397
    #12 0x7f943119ba4c in xml_sax_parse utils/xml_parser.c:940
    #13 0x7f943119796e in gf_xml_sax_parse_intern utils/xml_parser.c:1084
    #14 0x7f943119cda7 in gf_xml_sax_parse utils/xml_parser.c:1138
    #15 0x7f943119d103 in xml_sax_read_file utils/xml_parser.c:1225
    #16 0x7f943119dbb8 in gf_xml_sax_parse_file utils/xml_parser.c:1338
    #17 0x7f94319baa39 in load_xmt_run scene_manager/loader_xmt.c:3700
    #18 0x7f9432067443 in ctxload_process filters/load_bt_xmt.c:544
    #19 0x7f9431de0093 in gf_filter_process_task filter_core/filter.c:3257
    #20 0x7f9431db44c1 in gf_fs_thread_proc filter_core/filter_session.c:2420
    #21 0x7f9431db9582 in gf_fs_run filter_core/filter_session.c:2728
    #22 0x7f943187328a in gf_media_import media_tools/media_import.c:1639
    #23 0x56087f79d411 in import_file /run/media/user/8ed8205b-4114-4c2a-b2d0-e2ad6640262d/gpac/runtime/gpac_asan/applications/mp4box/fileimport.c:1733
    #24 0x56087f759fc9 in do_add_cat /run/media/user/8ed8205b-4114-4c2a-b2d0-e2ad6640262d/gpac/runtime/gpac_asan/applications/mp4box/mp4box.c:4633
    #25 0x56087f75c3f7 in mp4box_main /run/media/user/8ed8205b-4114-4c2a-b2d0-e2ad6640262d/gpac/runtime/gpac_asan/applications/mp4box/mp4box.c:6377
    #26 0x7f9430c33f76 in __libc_start_call_main ../sysdeps/nptl/libc_start_call_main.h:58
    #27 0x7f9430c34026 in __libc_start_main_impl ../csu/libc-start.c:360
    #28 0x56087f73c080 in _start (/run/media/user/8ed8205b-4114-4c2a-b2d0-e2ad6640262d/gpac/runtime/gpac_asan/bin/gcc/MP4Box+0x4d080) (BuildId: 1651312aefdad6adf454cb6d555ab16d3e0fe1b8)

Indirect leak of 64 byte(s) in 1 object(s) allocated from:
    #0 0x7f9432f2435f in malloc ../../../../src/libsanitizer/asan/asan_malloc_linux.cpp:67
    #1 0x7f9431265ded in gf_node_setup scenegraph/base_scenegraph.c:1319
    #2 0x7f94312e0fbe in Curve2D_Create scenegraph/mpeg4_nodes.c:3883
    #3 0x7f94312e0fbe in gf_sg_mpeg4_node_new scenegraph/mpeg4_nodes.c:36762
    #4 0x7f943126aa22 in gf_node_new scenegraph/base_scenegraph.c:2112
    #5 0x7f94319c6560 in xmt_parse_element scene_manager/loader_xmt.c:2036
    #6 0x7f94319cbae3 in xmt_node_start scene_manager/loader_xmt.c:2980
    #7 0x7f943119730c in xml_sax_node_start utils/xml_parser.c:308
    #8 0x7f943119ba4c in xml_sax_parse_attribute utils/xml_parser.c:397
    #9 0x7f943119ba4c in xml_sax_parse utils/xml_parser.c:940
    #10 0x7f943119796e in gf_xml_sax_parse_intern utils/xml_parser.c:1084
    #11 0x7f943119cda7 in gf_xml_sax_parse utils/xml_parser.c:1138
    #12 0x7f943119d103 in xml_sax_read_file utils/xml_parser.c:1225
    #13 0x7f943119dbb8 in gf_xml_sax_parse_file utils/xml_parser.c:1338
    #14 0x7f94319baa39 in load_xmt_run scene_manager/loader_xmt.c:3700
    #15 0x7f9432067443 in ctxload_process filters/load_bt_xmt.c:544
    #16 0x7f9431de0093 in gf_filter_process_task filter_core/filter.c:3257
    #17 0x7f9431db44c1 in gf_fs_thread_proc filter_core/filter_session.c:2420
    #18 0x7f9431db9582 in gf_fs_run filter_core/filter_session.c:2728
    #19 0x7f943187328a in gf_media_import media_tools/media_import.c:1639
    #20 0x56087f79d411 in import_file /run/media/user/8ed8205b-4114-4c2a-b2d0-e2ad6640262d/gpac/runtime/gpac_asan/applications/mp4box/fileimport.c:1733
    #21 0x56087f759fc9 in do_add_cat /run/media/user/8ed8205b-4114-4c2a-b2d0-e2ad6640262d/gpac/runtime/gpac_asan/applications/mp4box/mp4box.c:4633
    #22 0x56087f75c3f7 in mp4box_main /run/media/user/8ed8205b-4114-4c2a-b2d0-e2ad6640262d/gpac/runtime/gpac_asan/applications/mp4box/mp4box.c:6377
    #23 0x7f9430c33f76 in __libc_start_call_main ../sysdeps/nptl/libc_start_call_main.h:58
    #24 0x7f9430c34026 in __libc_start_main_impl ../csu/libc-start.c:360
    #25 0x56087f73c080 in _start (/run/media/user/8ed8205b-4114-4c2a-b2d0-e2ad6640262d/gpac/runtime/gpac_asan/bin/gcc/MP4Box+0x4d080) (BuildId: 1651312aefdad6adf454cb6d555ab16d3e0fe1b8)

Indirect leak of 64 byte(s) in 1 object(s) allocated from:
    #0 0x7f9432f2435f in malloc ../../../../src/libsanitizer/asan/asan_malloc_linux.cpp:67
    #1 0x7f9431265ded in gf_node_setup scenegraph/base_scenegraph.c:1319
    #2 0x7f94312dd6d6 in TransformMatrix2D_Create scenegraph/mpeg4_nodes.c:31740
    #3 0x7f94312dd6d6 in gf_sg_mpeg4_node_new scenegraph/mpeg4_nodes.c:37040
    #4 0x7f943126aa22 in gf_node_new scenegraph/base_scenegraph.c:2112
    #5 0x7f94319c6560 in xmt_parse_element scene_manager/loader_xmt.c:2036
    #6 0x7f94319cbae3 in xmt_node_start scene_manager/loader_xmt.c:2980
    #7 0x7f943119730c in xml_sax_node_start utils/xml_parser.c:308
    #8 0x7f943119ae3f in xml_sax_parse utils/xml_parser.c:863
    #9 0x7f943119796e in gf_xml_sax_parse_intern utils/xml_parser.c:1084
    #10 0x7f943119cda7 in gf_xml_sax_parse utils/xml_parser.c:1138
    #11 0x7f943119d103 in xml_sax_read_file utils/xml_parser.c:1225
    #12 0x7f943119dbb8 in gf_xml_sax_parse_file utils/xml_parser.c:1338
    #13 0x7f94319baa39 in load_xmt_run scene_manager/loader_xmt.c:3700
    #14 0x7f9432067443 in ctxload_process filters/load_bt_xmt.c:544
    #15 0x7f9431de0093 in gf_filter_process_task filter_core/filter.c:3257
    #16 0x7f9431db44c1 in gf_fs_thread_proc filter_core/filter_session.c:2420
    #17 0x7f9431db9582 in gf_fs_run filter_core/filter_session.c:2728
    #18 0x7f943187328a in gf_media_import media_tools/media_import.c:1639
    #19 0x56087f79d411 in import_file /run/media/user/8ed8205b-4114-4c2a-b2d0-e2ad6640262d/gpac/runtime/gpac_asan/applications/mp4box/fileimport.c:1733
    #20 0x56087f759fc9 in do_add_cat /run/media/user/8ed8205b-4114-4c2a-b2d0-e2ad6640262d/gpac/runtime/gpac_asan/applications/mp4box/mp4box.c:4633
    #21 0x56087f75c3f7 in mp4box_main /run/media/user/8ed8205b-4114-4c2a-b2d0-e2ad6640262d/gpac/runtime/gpac_asan/applications/mp4box/mp4box.c:6377
    #22 0x7f9430c33f76 in __libc_start_call_main ../sysdeps/nptl/libc_start_call_main.h:58
    #23 0x7f9430c34026 in __libc_start_main_impl ../csu/libc-start.c:360
    #24 0x56087f73c080 in _start (/run/media/user/8ed8205b-4114-4c2a-b2d0-e2ad6640262d/gpac/runtime/gpac_asan/bin/gcc/MP4Box+0x4d080) (BuildId: 1651312aefdad6adf454cb6d555ab16d3e0fe1b8)

Indirect leak of 64 byte(s) in 1 object(s) allocated from:
    #0 0x7f9432f2435f in malloc ../../../../src/libsanitizer/asan/asan_malloc_linux.cpp:67
    #1 0x7f9431265ded in gf_node_setup scenegraph/base_scenegraph.c:1319
    #2 0x7f94312e09ea in MovieTexture_Create scenegraph/mpeg4_nodes.c:9944
    #3 0x7f94312e09ea in gf_sg_mpeg4_node_new scenegraph/mpeg4_nodes.c:36828
    #4 0x7f943126aa22 in gf_node_new scenegraph/base_scenegraph.c:2112
    #5 0x7f94319c6560 in xmt_parse_element scene_manager/loader_xmt.c:2036
    #6 0x7f94319cbae3 in xmt_node_start scene_manager/loader_xmt.c:2980
    #7 0x7f943119730c in xml_sax_node_start utils/xml_parser.c:308
    #8 0x7f943119c087 in xml_sax_parse_attribute utils/xml_parser.c:357
    #9 0x7f943119c087 in xml_sax_parse utils/xml_parser.c:940
    #10 0x7f943119796e in gf_xml_sax_parse_intern utils/xml_parser.c:1084
    #11 0x7f943119cda7 in gf_xml_sax_parse utils/xml_parser.c:1138
    #12 0x7f943119d103 in xml_sax_read_file utils/xml_parser.c:1225
    #13 0x7f943119dbb8 in gf_xml_sax_parse_file utils/xml_parser.c:1338
    #14 0x7f94319baa39 in load_xmt_run scene_manager/loader_xmt.c:3700
    #15 0x7f9432067443 in ctxload_process filters/load_bt_xmt.c:544
    #16 0x7f9431de0093 in gf_filter_process_task filter_core/filter.c:3257
    #17 0x7f9431db44c1 in gf_fs_thread_proc filter_core/filter_session.c:2420
    #18 0x7f9431db9582 in gf_fs_run filter_core/filter_session.c:2728
    #19 0x7f943187328a in gf_media_import media_tools/media_import.c:1639
    #20 0x56087f79d411 in import_file /run/media/user/8ed8205b-4114-4c2a-b2d0-e2ad6640262d/gpac/runtime/gpac_asan/applications/mp4box/fileimport.c:1733
    #21 0x56087f759fc9 in do_add_cat /run/media/user/8ed8205b-4114-4c2a-b2d0-e2ad6640262d/gpac/runtime/gpac_asan/applications/mp4box/mp4box.c:4633
    #22 0x56087f75c3f7 in mp4box_main /run/media/user/8ed8205b-4114-4c2a-b2d0-e2ad6640262d/gpac/runtime/gpac_asan/applications/mp4box/mp4box.c:6377
    #23 0x7f9430c33f76 in __libc_start_call_main ../sysdeps/nptl/libc_start_call_main.h:58
    #24 0x7f9430c34026 in __libc_start_main_impl ../csu/libc-start.c:360
    #25 0x56087f73c080 in _start (/run/media/user/8ed8205b-4114-4c2a-b2d0-e2ad6640262d/gpac/runtime/gpac_asan/bin/gcc/MP4Box+0x4d080) (BuildId: 1651312aefdad6adf454cb6d555ab16d3e0fe1b8)

Indirect leak of 64 byte(s) in 1 object(s) allocated from:
    #0 0x7f9432f2435f in malloc ../../../../src/libsanitizer/asan/asan_malloc_linux.cpp:67
    #1 0x7f943121975d in gf_path_new utils/path2d.c:35
    #2 0x7f9431ad9309 in drawable_new compositor/drawable.c:153
    #3 0x7f9431ada23e in drawable_stack_new compositor/drawable.c:276
    #4 0x7f9431b213f8 in compositor_init_circle compositor/mpeg4_geometry_2d.c:208
    #5 0x7f9431c5c51a in gf_scene_on_node_init compositor/scene_node_init.c:286
    #6 0x7f9431c5c51a in gf_scene_on_node_init compositor/scene_node_init.c:206
    #7 0x7f9431c5c51a in gf_scene_node_callback compositor/scene_node_init.c:360
    #8 0x7f94319c6a44 in xmt_parse_element scene_manager/loader_xmt.c:2180
    #9 0x7f94319cbae3 in xmt_node_start scene_manager/loader_xmt.c:2980
    #10 0x7f943119730c in xml_sax_node_start utils/xml_parser.c:308
    #11 0x7f943119c087 in xml_sax_parse_attribute utils/xml_parser.c:357
    #12 0x7f943119c087 in xml_sax_parse utils/xml_parser.c:940
    #13 0x7f943119796e in gf_xml_sax_parse_intern utils/xml_parser.c:1084
    #14 0x7f943119cda7 in gf_xml_sax_parse utils/xml_parser.c:1138
    #15 0x7f943119d103 in xml_sax_read_file utils/xml_parser.c:1225
    #16 0x7f943119dbb8 in gf_xml_sax_parse_file utils/xml_parser.c:1338
    #17 0x7f94319baa39 in load_xmt_run scene_manager/loader_xmt.c:3700
    #18 0x7f9432067443 in ctxload_process filters/load_bt_xmt.c:544
    #19 0x7f9431de0093 in gf_filter_process_task filter_core/filter.c:3257
    #20 0x7f9431db44c1 in gf_fs_thread_proc filter_core/filter_session.c:2420
    #21 0x7f9431db9582 in gf_fs_run filter_core/filter_session.c:2728
    #22 0x7f943187328a in gf_media_import media_tools/media_import.c:1639
    #23 0x56087f79d411 in import_file /run/media/user/8ed8205b-4114-4c2a-b2d0-e2ad6640262d/gpac/runtime/gpac_asan/applications/mp4box/fileimport.c:1733
    #24 0x56087f759fc9 in do_add_cat /run/media/user/8ed8205b-4114-4c2a-b2d0-e2ad6640262d/gpac/runtime/gpac_asan/applications/mp4box/mp4box.c:4633
    #25 0x56087f75c3f7 in mp4box_main /run/media/user/8ed8205b-4114-4c2a-b2d0-e2ad6640262d/gpac/runtime/gpac_asan/applications/mp4box/mp4box.c:6377
    #26 0x7f9430c33f76 in __libc_start_call_main ../sysdeps/nptl/libc_start_call_main.h:58
    #27 0x7f9430c34026 in __libc_start_main_impl ../csu/libc-start.c:360
    #28 0x56087f73c080 in _start (/run/media/user/8ed8205b-4114-4c2a-b2d0-e2ad6640262d/gpac/runtime/gpac_asan/bin/gcc/MP4Box+0x4d080) (BuildId: 1651312aefdad6adf454cb6d555ab16d3e0fe1b8)

Indirect leak of 64 byte(s) in 1 object(s) allocated from:
    #0 0x7f9432f2435f in malloc ../../../../src/libsanitizer/asan/asan_malloc_linux.cpp:67
    #1 0x7f9431265ded in gf_node_setup scenegraph/base_scenegraph.c:1319
    #2 0x7f94312dfafc in TimeSensor_Create scenegraph/mpeg4_nodes.c:14496
    #3 0x7f94312dfafc in gf_sg_mpeg4_node_new scenegraph/mpeg4_nodes.c:36890
    #4 0x7f943126aa22 in gf_node_new scenegraph/base_scenegraph.c:2112
    #5 0x7f94319c6560 in xmt_parse_element scene_manager/loader_xmt.c:2036
    #6 0x7f94319cbae3 in xmt_node_start scene_manager/loader_xmt.c:2980
    #7 0x7f943119730c in xml_sax_node_start utils/xml_parser.c:308
    #8 0x7f943119ae3f in xml_sax_parse utils/xml_parser.c:863
    #9 0x7f943119796e in gf_xml_sax_parse_intern utils/xml_parser.c:1084
    #10 0x7f943119cda7 in gf_xml_sax_parse utils/xml_parser.c:1138
    #11 0x7f943119d103 in xml_sax_read_file utils/xml_parser.c:1225
    #12 0x7f943119dbb8 in gf_xml_sax_parse_file utils/xml_parser.c:1338
    #13 0x7f94319baa39 in load_xmt_run scene_manager/loader_xmt.c:3700
    #14 0x7f9432067443 in ctxload_process filters/load_bt_xmt.c:544
    #15 0x7f9431de0093 in gf_filter_process_task filter_core/filter.c:3257
    #16 0x7f9431db44c1 in gf_fs_thread_proc filter_core/filter_session.c:2420
    #17 0x7f9431db9582 in gf_fs_run filter_core/filter_session.c:2728
    #18 0x7f943187328a in gf_media_import media_tools/media_import.c:1639
    #19 0x56087f79d411 in import_file /run/media/user/8ed8205b-4114-4c2a-b2d0-e2ad6640262d/gpac/runtime/gpac_asan/applications/mp4box/fileimport.c:1733
    #20 0x56087f759fc9 in do_add_cat /run/media/user/8ed8205b-4114-4c2a-b2d0-e2ad6640262d/gpac/runtime/gpac_asan/applications/mp4box/mp4box.c:4633
    #21 0x56087f75c3f7 in mp4box_main /run/media/user/8ed8205b-4114-4c2a-b2d0-e2ad6640262d/gpac/runtime/gpac_asan/applications/mp4box/mp4box.c:6377
    #22 0x7f9430c33f76 in __libc_start_call_main ../sysdeps/nptl/libc_start_call_main.h:58
    #23 0x7f9430c34026 in __libc_start_main_impl ../csu/libc-start.c:360
    #24 0x56087f73c080 in _start (/run/media/user/8ed8205b-4114-4c2a-b2d0-e2ad6640262d/gpac/runtime/gpac_asan/bin/gcc/MP4Box+0x4d080) (BuildId: 1651312aefdad6adf454cb6d555ab16d3e0fe1b8)

Indirect leak of 64 byte(s) in 1 object(s) allocated from:
    #0 0x7f9432f2435f in malloc ../../../../src/libsanitizer/asan/asan_malloc_linux.cpp:67
    #1 0x7f9431265ded in gf_node_setup scenegraph/base_scenegraph.c:1319
    #2 0x7f94312dfc4e in TextureTransform_Create scenegraph/mpeg4_nodes.c:14345
    #3 0x7f94312dfc4e in gf_sg_mpeg4_node_new scenegraph/mpeg4_nodes.c:36888
    #4 0x7f943126aa22 in gf_node_new scenegraph/base_scenegraph.c:2112
    #5 0x7f94319c6560 in xmt_parse_element scene_manager/loader_xmt.c:2036
    #6 0x7f94319cbae3 in xmt_node_start scene_manager/loader_xmt.c:2980
    #7 0x7f943119730c in xml_sax_node_start utils/xml_parser.c:308
    #8 0x7f943119c087 in xml_sax_parse_attribute utils/xml_parser.c:357
    #9 0x7f943119c087 in xml_sax_parse utils/xml_parser.c:940
    #10 0x7f943119796e in gf_xml_sax_parse_intern utils/xml_parser.c:1084
    #11 0x7f943119cda7 in gf_xml_sax_parse utils/xml_parser.c:1138
    #12 0x7f943119d103 in xml_sax_read_file utils/xml_parser.c:1225
    #13 0x7f943119dbb8 in gf_xml_sax_parse_file utils/xml_parser.c:1338
    #14 0x7f94319baa39 in load_xmt_run scene_manager/loader_xmt.c:3700
    #15 0x7f9432067443 in ctxload_process filters/load_bt_xmt.c:544
    #16 0x7f9431de0093 in gf_filter_process_task filter_core/filter.c:3257
    #17 0x7f9431db44c1 in gf_fs_thread_proc filter_core/filter_session.c:2420
    #18 0x7f9431db9582 in gf_fs_run filter_core/filter_session.c:2728
    #19 0x7f943187328a in gf_media_import media_tools/media_import.c:1639
    #20 0x56087f79d411 in import_file /run/media/user/8ed8205b-4114-4c2a-b2d0-e2ad6640262d/gpac/runtime/gpac_asan/applications/mp4box/fileimport.c:1733
    #21 0x56087f759fc9 in do_add_cat /run/media/user/8ed8205b-4114-4c2a-b2d0-e2ad6640262d/gpac/runtime/gpac_asan/applications/mp4box/mp4box.c:4633
    #22 0x56087f75c3f7 in mp4box_main /run/media/user/8ed8205b-4114-4c2a-b2d0-e2ad6640262d/gpac/runtime/gpac_asan/applications/mp4box/mp4box.c:6377
    #23 0x7f9430c33f76 in __libc_start_call_main ../sysdeps/nptl/libc_start_call_main.h:58
    #24 0x7f9430c34026 in __libc_start_main_impl ../csu/libc-start.c:360
    #25 0x56087f73c080 in _start (/run/media/user/8ed8205b-4114-4c2a-b2d0-e2ad6640262d/gpac/runtime/gpac_asan/bin/gcc/MP4Box+0x4d080) (BuildId: 1651312aefdad6adf454cb6d555ab16d3e0fe1b8)

Indirect leak of 64 byte(s) in 1 object(s) allocated from:
    #0 0x7f9432f2435f in malloc ../../../../src/libsanitizer/asan/asan_malloc_linux.cpp:67
    #1 0x7f9431265ded in gf_node_setup scenegraph/base_scenegraph.c:1319
    #2 0x7f94312e1d87 in ImageTexture_Create scenegraph/mpeg4_nodes.c:7681
    #3 0x7f94312e1d87 in gf_sg_mpeg4_node_new scenegraph/mpeg4_nodes.c:36800
    #4 0x7f943126aa22 in gf_node_new scenegraph/base_scenegraph.c:2112
    #5 0x7f94319c6560 in xmt_parse_element scene_manager/loader_xmt.c:2036
    #6 0x7f94319cbae3 in xmt_node_start scene_manager/loader_xmt.c:2980
    #7 0x7f943119730c in xml_sax_node_start utils/xml_parser.c:308
    #8 0x7f943119ae3f in xml_sax_parse utils/xml_parser.c:863
    #9 0x7f943119796e in gf_xml_sax_parse_intern utils/xml_parser.c:1084
    #10 0x7f943119cda7 in gf_xml_sax_parse utils/xml_parser.c:1138
    #11 0x7f943119d103 in xml_sax_read_file utils/xml_parser.c:1225
    #12 0x7f943119dbb8 in gf_xml_sax_parse_file utils/xml_parser.c:1338
    #13 0x7f94319baa39 in load_xmt_run scene_manager/loader_xmt.c:3700
    #14 0x7f9432067443 in ctxload_process filters/load_bt_xmt.c:544
    #15 0x7f9431de0093 in gf_filter_process_task filter_core/filter.c:3257
    #16 0x7f9431db44c1 in gf_fs_thread_proc filter_core/filter_session.c:2420
    #17 0x7f9431db9582 in gf_fs_run filter_core/filter_session.c:2728
    #18 0x7f943187328a in gf_media_import media_tools/media_import.c:1639
    #19 0x56087f79d411 in import_file /run/media/user/8ed8205b-4114-4c2a-b2d0-e2ad6640262d/gpac/runtime/gpac_asan/applications/mp4box/fileimport.c:1733
    #20 0x56087f759fc9 in do_add_cat /run/media/user/8ed8205b-4114-4c2a-b2d0-e2ad6640262d/gpac/runtime/gpac_asan/applications/mp4box/mp4box.c:4633
    #21 0x56087f75c3f7 in mp4box_main /run/media/user/8ed8205b-4114-4c2a-b2d0-e2ad6640262d/gpac/runtime/gpac_asan/applications/mp4box/mp4box.c:6377
    #22 0x7f9430c33f76 in __libc_start_call_main ../sysdeps/nptl/libc_start_call_main.h:58
    #23 0x7f9430c34026 in __libc_start_main_impl ../csu/libc-start.c:360
    #24 0x56087f73c080 in _start (/run/media/user/8ed8205b-4114-4c2a-b2d0-e2ad6640262d/gpac/runtime/gpac_asan/bin/gcc/MP4Box+0x4d080) (BuildId: 1651312aefdad6adf454cb6d555ab16d3e0fe1b8)

Indirect leak of 64 byte(s) in 1 object(s) allocated from:
    #0 0x7f9432f2435f in malloc ../../../../src/libsanitizer/asan/asan_malloc_linux.cpp:67
    #1 0x7f94312dfad4 in TimeSensor_Create scenegraph/mpeg4_nodes.c:14494
    #2 0x7f94312dfad4 in gf_sg_mpeg4_node_new scenegraph/mpeg4_nodes.c:36890
    #3 0x7f943126aa22 in gf_node_new scenegraph/base_scenegraph.c:2112
    #4 0x7f94319c6560 in xmt_parse_element scene_manager/loader_xmt.c:2036
    #5 0x7f94319cbae3 in xmt_node_start scene_manager/loader_xmt.c:2980
    #6 0x7f943119730c in xml_sax_node_start utils/xml_parser.c:308
    #7 0x7f943119ae3f in xml_sax_parse utils/xml_parser.c:863
    #8 0x7f943119796e in gf_xml_sax_parse_intern utils/xml_parser.c:1084
    #9 0x7f943119cda7 in gf_xml_sax_parse utils/xml_parser.c:1138
    #10 0x7f943119d103 in xml_sax_read_file utils/xml_parser.c:1225
    #11 0x7f943119dbb8 in gf_xml_sax_parse_file utils/xml_parser.c:1338
    #12 0x7f94319baa39 in load_xmt_run scene_manager/loader_xmt.c:3700
    #13 0x7f9432067443 in ctxload_process filters/load_bt_xmt.c:544
    #14 0x7f9431de0093 in gf_filter_process_task filter_core/filter.c:3257
    #15 0x7f9431db44c1 in gf_fs_thread_proc filter_core/filter_session.c:2420
    #16 0x7f9431db9582 in gf_fs_run filter_core/filter_session.c:2728
    #17 0x7f943187328a in gf_media_import media_tools/media_import.c:1639
    #18 0x56087f79d411 in import_file /run/media/user/8ed8205b-4114-4c2a-b2d0-e2ad6640262d/gpac/runtime/gpac_asan/applications/mp4box/fileimport.c:1733
    #19 0x56087f759fc9 in do_add_cat /run/media/user/8ed8205b-4114-4c2a-b2d0-e2ad6640262d/gpac/runtime/gpac_asan/applications/mp4box/mp4box.c:4633
    #20 0x56087f75c3f7 in mp4box_main /run/media/user/8ed8205b-4114-4c2a-b2d0-e2ad6640262d/gpac/runtime/gpac_asan/applications/mp4box/mp4box.c:6377
    #21 0x7f9430c33f76 in __libc_start_call_main ../sysdeps/nptl/libc_start_call_main.h:58
    #22 0x7f9430c34026 in __libc_start_main_impl ../csu/libc-start.c:360
    #23 0x56087f73c080 in _start (/run/media/user/8ed8205b-4114-4c2a-b2d0-e2ad6640262d/gpac/runtime/gpac_asan/bin/gcc/MP4Box+0x4d080) (BuildId: 1651312aefdad6adf454cb6d555ab16d3e0fe1b8)

Indirect leak of 64 byte(s) in 1 object(s) allocated from:
    #0 0x7f9432f2435f in malloc ../../../../src/libsanitizer/asan/asan_malloc_linux.cpp:67
    #1 0x7f94311e60c4 in gf_mx_new utils/os_thread.c:531
    #2 0x7f9431a1c079 in gf_mixer_new compositor/audio_mixer.c:104
    #3 0x7f9431b07a3a in compositor_init_audiobuffer compositor/mpeg4_audio.c:620
    #4 0x7f9431c5c51a in gf_scene_on_node_init compositor/scene_node_init.c:286
    #5 0x7f9431c5c51a in gf_scene_on_node_init compositor/scene_node_init.c:206
    #6 0x7f9431c5c51a in gf_scene_node_callback compositor/scene_node_init.c:360
    #7 0x7f94319c6a44 in xmt_parse_element scene_manager/loader_xmt.c:2180
    #8 0x7f94319cbae3 in xmt_node_start scene_manager/loader_xmt.c:2980
    #9 0x7f943119730c in xml_sax_node_start utils/xml_parser.c:308
    #10 0x7f943119ae3f in xml_sax_parse utils/xml_parser.c:863
    #11 0x7f943119796e in gf_xml_sax_parse_intern utils/xml_parser.c:1084
    #12 0x7f943119cda7 in gf_xml_sax_parse utils/xml_parser.c:1138
    #13 0x7f943119d103 in xml_sax_read_file utils/xml_parser.c:1225
    #14 0x7f943119dbb8 in gf_xml_sax_parse_file utils/xml_parser.c:1338
    #15 0x7f94319baa39 in load_xmt_run scene_manager/loader_xmt.c:3700
    #16 0x7f9432067443 in ctxload_process filters/load_bt_xmt.c:544
    #17 0x7f9431de0093 in gf_filter_process_task filter_core/filter.c:3257
    #18 0x7f9431db44c1 in gf_fs_thread_proc filter_core/filter_session.c:2420
    #19 0x7f9431db9582 in gf_fs_run filter_core/filter_session.c:2728
    #20 0x7f943187328a in gf_media_import media_tools/media_import.c:1639
    #21 0x56087f79d411 in import_file /run/media/user/8ed8205b-4114-4c2a-b2d0-e2ad6640262d/gpac/runtime/gpac_asan/applications/mp4box/fileimport.c:1733
    #22 0x56087f759fc9 in do_add_cat /run/media/user/8ed8205b-4114-4c2a-b2d0-e2ad6640262d/gpac/runtime/gpac_asan/applications/mp4box/mp4box.c:4633
    #23 0x56087f75c3f7 in mp4box_main /run/media/user/8ed8205b-4114-4c2a-b2d0-e2ad6640262d/gpac/runtime/gpac_asan/applications/mp4box/mp4box.c:6377
    #24 0x7f9430c33f76 in __libc_start_call_main ../sysdeps/nptl/libc_start_call_main.h:58
    #25 0x7f9430c34026 in __libc_start_main_impl ../csu/libc-start.c:360
    #26 0x56087f73c080 in _start (/run/media/user/8ed8205b-4114-4c2a-b2d0-e2ad6640262d/gpac/runtime/gpac_asan/bin/gcc/MP4Box+0x4d080) (BuildId: 1651312aefdad6adf454cb6d555ab16d3e0fe1b8)

Indirect leak of 64 byte(s) in 1 object(s) allocated from:
    #0 0x7f9432f2435f in malloc ../../../../src/libsanitizer/asan/asan_malloc_linux.cpp:67
    #1 0x7f9431265ded in gf_node_setup scenegraph/base_scenegraph.c:1319
    #2 0x7f94312c85b2 in AudioBuffer_Create scenegraph/mpeg4_nodes.c:615
    #3 0x7f943126aa22 in gf_node_new scenegraph/base_scenegraph.c:2112
    #4 0x7f94319c6560 in xmt_parse_element scene_manager/loader_xmt.c:2036
    #5 0x7f94319cbae3 in xmt_node_start scene_manager/loader_xmt.c:2980
    #6 0x7f943119730c in xml_sax_node_start utils/xml_parser.c:308
    #7 0x7f943119ae3f in xml_sax_parse utils/xml_parser.c:863
    #8 0x7f943119796e in gf_xml_sax_parse_intern utils/xml_parser.c:1084
    #9 0x7f943119cda7 in gf_xml_sax_parse utils/xml_parser.c:1138
    #10 0x7f943119d103 in xml_sax_read_file utils/xml_parser.c:1225
    #11 0x7f943119dbb8 in gf_xml_sax_parse_file utils/xml_parser.c:1338
    #12 0x7f94319baa39 in load_xmt_run scene_manager/loader_xmt.c:3700
    #13 0x7f9432067443 in ctxload_process filters/load_bt_xmt.c:544
    #14 0x7f9431de0093 in gf_filter_process_task filter_core/filter.c:3257
    #15 0x7f9431db44c1 in gf_fs_thread_proc filter_core/filter_session.c:2420
    #16 0x7f9431db9582 in gf_fs_run filter_core/filter_session.c:2728
    #17 0x7f943187328a in gf_media_import media_tools/media_import.c:1639
    #18 0x56087f79d411 in import_file /run/media/user/8ed8205b-4114-4c2a-b2d0-e2ad6640262d/gpac/runtime/gpac_asan/applications/mp4box/fileimport.c:1733
    #19 0x56087f759fc9 in do_add_cat /run/media/user/8ed8205b-4114-4c2a-b2d0-e2ad6640262d/gpac/runtime/gpac_asan/applications/mp4box/mp4box.c:4633
    #20 0x56087f75c3f7 in mp4box_main /run/media/user/8ed8205b-4114-4c2a-b2d0-e2ad6640262d/gpac/runtime/gpac_asan/applications/mp4box/mp4box.c:6377
    #21 0x7f9430c33f76 in __libc_start_call_main ../sysdeps/nptl/libc_start_call_main.h:58
    #22 0x7f9430c34026 in __libc_start_main_impl ../csu/libc-start.c:360
    #23 0x56087f73c080 in _start (/run/media/user/8ed8205b-4114-4c2a-b2d0-e2ad6640262d/gpac/runtime/gpac_asan/bin/gcc/MP4Box+0x4d080) (BuildId: 1651312aefdad6adf454cb6d555ab16d3e0fe1b8)

Indirect leak of 64 byte(s) in 1 object(s) allocated from:
    #0 0x7f9432f2435f in malloc ../../../../src/libsanitizer/asan/asan_malloc_linux.cpp:67
    #1 0x7f9431265ded in gf_node_setup scenegraph/base_scenegraph.c:1319
    #2 0x7f94312dd6d6 in TransformMatrix2D_Create scenegraph/mpeg4_nodes.c:31740
    #3 0x7f94312dd6d6 in gf_sg_mpeg4_node_new scenegraph/mpeg4_nodes.c:37040
    #4 0x7f943126aa22 in gf_node_new scenegraph/base_scenegraph.c:2112
    #5 0x7f94319c6560 in xmt_parse_element scene_manager/loader_xmt.c:2036
    #6 0x7f94319cbae3 in xmt_node_start scene_manager/loader_xmt.c:2980
    #7 0x7f943119730c in xml_sax_node_start utils/xml_parser.c:308
    #8 0x7f943119ba4c in xml_sax_parse_attribute utils/xml_parser.c:397
    #9 0x7f943119ba4c in xml_sax_parse utils/xml_parser.c:940
    #10 0x7f943119796e in gf_xml_sax_parse_intern utils/xml_parser.c:1084
    #11 0x7f943119cda7 in gf_xml_sax_parse utils/xml_parser.c:1138
    #12 0x7f943119d103 in xml_sax_read_file utils/xml_parser.c:1225
    #13 0x7f943119dbb8 in gf_xml_sax_parse_file utils/xml_parser.c:1338
    #14 0x7f94319baa39 in load_xmt_run scene_manager/loader_xmt.c:3700
    #15 0x7f9432067443 in ctxload_process filters/load_bt_xmt.c:544
    #16 0x7f9431de0093 in gf_filter_process_task filter_core/filter.c:3257
    #17 0x7f9431db44c1 in gf_fs_thread_proc filter_core/filter_session.c:2420
    #18 0x7f9431db9582 in gf_fs_run filter_core/filter_session.c:2728
    #19 0x7f943187328a in gf_media_import media_tools/media_import.c:1639
    #20 0x56087f79d411 in import_file /run/media/user/8ed8205b-4114-4c2a-b2d0-e2ad6640262d/gpac/runtime/gpac_asan/applications/mp4box/fileimport.c:1733
    #21 0x56087f759fc9 in do_add_cat /run/media/user/8ed8205b-4114-4c2a-b2d0-e2ad6640262d/gpac/runtime/gpac_asan/applications/mp4box/mp4box.c:4633
    #22 0x56087f75c3f7 in mp4box_main /run/media/user/8ed8205b-4114-4c2a-b2d0-e2ad6640262d/gpac/runtime/gpac_asan/applications/mp4box/mp4box.c:6377
    #23 0x7f9430c33f76 in __libc_start_call_main ../sysdeps/nptl/libc_start_call_main.h:58
    #24 0x7f9430c34026 in __libc_start_main_impl ../csu/libc-start.c:360
    #25 0x56087f73c080 in _start (/run/media/user/8ed8205b-4114-4c2a-b2d0-e2ad6640262d/gpac/runtime/gpac_asan/bin/gcc/MP4Box+0x4d080) (BuildId: 1651312aefdad6adf454cb6d555ab16d3e0fe1b8)

Indirect leak of 64 byte(s) in 1 object(s) allocated from:
    #0 0x7f9432f2435f in malloc ../../../../src/libsanitizer/asan/asan_malloc_linux.cpp:67
    #1 0x7f9431265ded in gf_node_setup scenegraph/base_scenegraph.c:1319
    #2 0x7f94312df006 in InputSensor_Create scenegraph/mpeg4_nodes.c:22792
    #3 0x7f94312df006 in gf_sg_mpeg4_node_new scenegraph/mpeg4_nodes.c:36938
    #4 0x7f943126aa22 in gf_node_new scenegraph/base_scenegraph.c:2112
    #5 0x7f94319c6560 in xmt_parse_element scene_manager/loader_xmt.c:2036
    #6 0x7f94319cbae3 in xmt_node_start scene_manager/loader_xmt.c:2980
    #7 0x7f943119730c in xml_sax_node_start utils/xml_parser.c:308
    #8 0x7f943119ba4c in xml_sax_parse_attribute utils/xml_parser.c:397
    #9 0x7f943119ba4c in xml_sax_parse utils/xml_parser.c:940
    #10 0x7f943119796e in gf_xml_sax_parse_intern utils/xml_parser.c:1084
    #11 0x7f943119cda7 in gf_xml_sax_parse utils/xml_parser.c:1138
    #12 0x7f943119d103 in xml_sax_read_file utils/xml_parser.c:1225
    #13 0x7f943119dbb8 in gf_xml_sax_parse_file utils/xml_parser.c:1338
    #14 0x7f94319baa39 in load_xmt_run scene_manager/loader_xmt.c:3700
    #15 0x7f9432067443 in ctxload_process filters/load_bt_xmt.c:544
    #16 0x7f9431de0093 in gf_filter_process_task filter_core/filter.c:3257
    #17 0x7f9431db44c1 in gf_fs_thread_proc filter_core/filter_session.c:2420
    #18 0x7f9431db9582 in gf_fs_run filter_core/filter_session.c:2728
    #19 0x7f943187328a in gf_media_import media_tools/media_import.c:1639
    #20 0x56087f79d411 in import_file /run/media/user/8ed8205b-4114-4c2a-b2d0-e2ad6640262d/gpac/runtime/gpac_asan/applications/mp4box/fileimport.c:1733
    #21 0x56087f759fc9 in do_add_cat /run/media/user/8ed8205b-4114-4c2a-b2d0-e2ad6640262d/gpac/runtime/gpac_asan/applications/mp4box/mp4box.c:4633
    #22 0x56087f75c3f7 in mp4box_main /run/media/user/8ed8205b-4114-4c2a-b2d0-e2ad6640262d/gpac/runtime/gpac_asan/applications/mp4box/mp4box.c:6377
    #23 0x7f9430c33f76 in __libc_start_call_main ../sysdeps/nptl/libc_start_call_main.h:58
    #24 0x7f9430c34026 in __libc_start_main_impl ../csu/libc-start.c:360
    #25 0x56087f73c080 in _start (/run/media/user/8ed8205b-4114-4c2a-b2d0-e2ad6640262d/gpac/runtime/gpac_asan/bin/gcc/MP4Box+0x4d080) (BuildId: 1651312aefdad6adf454cb6d555ab16d3e0fe1b8)

Indirect leak of 64 byte(s) in 1 object(s) allocated from:
    #0 0x7f9432f2435f in malloc ../../../../src/libsanitizer/asan/asan_malloc_linux.cpp:67
    #1 0x7f94312defde in InputSensor_Create scenegraph/mpeg4_nodes.c:22790
    #2 0x7f94312defde in gf_sg_mpeg4_node_new scenegraph/mpeg4_nodes.c:36938
    #3 0x7f943126aa22 in gf_node_new scenegraph/base_scenegraph.c:2112
    #4 0x7f94319c6560 in xmt_parse_element scene_manager/loader_xmt.c:2036
    #5 0x7f94319cbae3 in xmt_node_start scene_manager/loader_xmt.c:2980
    #6 0x7f943119730c in xml_sax_node_start utils/xml_parser.c:308
    #7 0x7f943119ba4c in xml_sax_parse_attribute utils/xml_parser.c:397
    #8 0x7f943119ba4c in xml_sax_parse utils/xml_parser.c:940
    #9 0x7f943119796e in gf_xml_sax_parse_intern utils/xml_parser.c:1084
    #10 0x7f943119cda7 in gf_xml_sax_parse utils/xml_parser.c:1138
    #11 0x7f943119d103 in xml_sax_read_file utils/xml_parser.c:1225
    #12 0x7f943119dbb8 in gf_xml_sax_parse_file utils/xml_parser.c:1338
    #13 0x7f94319baa39 in load_xmt_run scene_manager/loader_xmt.c:3700
    #14 0x7f9432067443 in ctxload_process filters/load_bt_xmt.c:544
    #15 0x7f9431de0093 in gf_filter_process_task filter_core/filter.c:3257
    #16 0x7f9431db44c1 in gf_fs_thread_proc filter_core/filter_session.c:2420
    #17 0x7f9431db9582 in gf_fs_run filter_core/filter_session.c:2728
    #18 0x7f943187328a in gf_media_import media_tools/media_import.c:1639
    #19 0x56087f79d411 in import_file /run/media/user/8ed8205b-4114-4c2a-b2d0-e2ad6640262d/gpac/runtime/gpac_asan/applications/mp4box/fileimport.c:1733
    #20 0x56087f759fc9 in do_add_cat /run/media/user/8ed8205b-4114-4c2a-b2d0-e2ad6640262d/gpac/runtime/gpac_asan/applications/mp4box/mp4box.c:4633
    #21 0x56087f75c3f7 in mp4box_main /run/media/user/8ed8205b-4114-4c2a-b2d0-e2ad6640262d/gpac/runtime/gpac_asan/applications/mp4box/mp4box.c:6377
    #22 0x7f9430c33f76 in __libc_start_call_main ../sysdeps/nptl/libc_start_call_main.h:58
    #23 0x7f9430c34026 in __libc_start_main_impl ../csu/libc-start.c:360
    #24 0x56087f73c080 in _start (/run/media/user/8ed8205b-4114-4c2a-b2d0-e2ad6640262d/gpac/runtime/gpac_asan/bin/gcc/MP4Box+0x4d080) (BuildId: 1651312aefdad6adf454cb6d555ab16d3e0fe1b8)

Indirect leak of 64 byte(s) in 1 object(s) allocated from:
    #0 0x7f9432f2435f in malloc ../../../../src/libsanitizer/asan/asan_malloc_linux.cpp:67
    #1 0x7f9431265ded in gf_node_setup scenegraph/base_scenegraph.c:1319
    #2 0x7f94312e0239 in PointSet_Create scenegraph/mpeg4_nodes.c:11303
    #3 0x7f94312e0239 in gf_sg_mpeg4_node_new scenegraph/mpeg4_nodes.c:36848
    #4 0x7f943126aa22 in gf_node_new scenegraph/base_scenegraph.c:2112
    #5 0x7f94319c6560 in xmt_parse_element scene_manager/loader_xmt.c:2036
    #6 0x7f94319cbae3 in xmt_node_start scene_manager/loader_xmt.c:2980
    #7 0x7f943119730c in xml_sax_node_start utils/xml_parser.c:308
    #8 0x7f943119ba4c in xml_sax_parse_attribute utils/xml_parser.c:397
    #9 0x7f943119ba4c in xml_sax_parse utils/xml_parser.c:940
    #10 0x7f943119796e in gf_xml_sax_parse_intern utils/xml_parser.c:1084
    #11 0x7f943119cda7 in gf_xml_sax_parse utils/xml_parser.c:1138
    #12 0x7f943119d103 in xml_sax_read_file utils/xml_parser.c:1225
    #13 0x7f943119dbb8 in gf_xml_sax_parse_file utils/xml_parser.c:1338
    #14 0x7f94319baa39 in load_xmt_run scene_manager/loader_xmt.c:3700
    #15 0x7f9432067443 in ctxload_process filters/load_bt_xmt.c:544
    #16 0x7f9431de0093 in gf_filter_process_task filter_core/filter.c:3257
    #17 0x7f9431db44c1 in gf_fs_thread_proc filter_core/filter_session.c:2420
    #18 0x7f9431db9582 in gf_fs_run filter_core/filter_session.c:2728
    #19 0x7f943187328a in gf_media_import media_tools/media_import.c:1639
    #20 0x56087f79d411 in import_file /run/media/user/8ed8205b-4114-4c2a-b2d0-e2ad6640262d/gpac/runtime/gpac_asan/applications/mp4box/fileimport.c:1733
    #21 0x56087f759fc9 in do_add_cat /run/media/user/8ed8205b-4114-4c2a-b2d0-e2ad6640262d/gpac/runtime/gpac_asan/applications/mp4box/mp4box.c:4633
    #22 0x56087f75c3f7 in mp4box_main /run/media/user/8ed8205b-4114-4c2a-b2d0-e2ad6640262d/gpac/runtime/gpac_asan/applications/mp4box/mp4box.c:6377
    #23 0x7f9430c33f76 in __libc_start_call_main ../sysdeps/nptl/libc_start_call_main.h:58
    #24 0x7f9430c34026 in __libc_start_main_impl ../csu/libc-start.c:360
    #25 0x56087f73c080 in _start (/run/media/user/8ed8205b-4114-4c2a-b2d0-e2ad6640262d/gpac/runtime/gpac_asan/bin/gcc/MP4Box+0x4d080) (BuildId: 1651312aefdad6adf454cb6d555ab16d3e0fe1b8)

Indirect leak of 64 byte(s) in 1 object(s) allocated from:
    #0 0x7f9432f2435f in malloc ../../../../src/libsanitizer/asan/asan_malloc_linux.cpp:67
    #1 0x7f9431265ded in gf_node_setup scenegraph/base_scenegraph.c:1319
    #2 0x7f94312e1c3c in IndexedFaceSet_Create scenegraph/mpeg4_nodes.c:7940
    #3 0x7f94312e1c3c in gf_sg_mpeg4_node_new scenegraph/mpeg4_nodes.c:36802
    #4 0x7f943126aa22 in gf_node_new scenegraph/base_scenegraph.c:2112
    #5 0x7f94319c6560 in xmt_parse_element scene_manager/loader_xmt.c:2036
    #6 0x7f94319cbae3 in xmt_node_start scene_manager/loader_xmt.c:2980
    #7 0x7f943119730c in xml_sax_node_start utils/xml_parser.c:308
    #8 0x7f943119c087 in xml_sax_parse_attribute utils/xml_parser.c:357
    #9 0x7f943119c087 in xml_sax_parse utils/xml_parser.c:940
    #10 0x7f943119796e in gf_xml_sax_parse_intern utils/xml_parser.c:1084
    #11 0x7f943119cda7 in gf_xml_sax_parse utils/xml_parser.c:1138
    #12 0x7f943119d103 in xml_sax_read_file utils/xml_parser.c:1225
    #13 0x7f943119dbb8 in gf_xml_sax_parse_file utils/xml_parser.c:1338
    #14 0x7f94319baa39 in load_xmt_run scene_manager/loader_xmt.c:3700
    #15 0x7f9432067443 in ctxload_process filters/load_bt_xmt.c:544
    #16 0x7f9431de0093 in gf_filter_process_task filter_core/filter.c:3257
    #17 0x7f9431db44c1 in gf_fs_thread_proc filter_core/filter_session.c:2420
    #18 0x7f9431db9582 in gf_fs_run filter_core/filter_session.c:2728
    #19 0x7f943187328a in gf_media_import media_tools/media_import.c:1639
    #20 0x56087f79d411 in import_file /run/media/user/8ed8205b-4114-4c2a-b2d0-e2ad6640262d/gpac/runtime/gpac_asan/applications/mp4box/fileimport.c:1733
    #21 0x56087f759fc9 in do_add_cat /run/media/user/8ed8205b-4114-4c2a-b2d0-e2ad6640262d/gpac/runtime/gpac_asan/applications/mp4box/mp4box.c:4633
    #22 0x56087f75c3f7 in mp4box_main /run/media/user/8ed8205b-4114-4c2a-b2d0-e2ad6640262d/gpac/runtime/gpac_asan/applications/mp4box/mp4box.c:6377
    #23 0x7f9430c33f76 in __libc_start_call_main ../sysdeps/nptl/libc_start_call_main.h:58
    #24 0x7f9430c34026 in __libc_start_main_impl ../csu/libc-start.c:360
    #25 0x56087f73c080 in _start (/run/media/user/8ed8205b-4114-4c2a-b2d0-e2ad6640262d/gpac/runtime/gpac_asan/bin/gcc/MP4Box+0x4d080) (BuildId: 1651312aefdad6adf454cb6d555ab16d3e0fe1b8)

Indirect leak of 64 byte(s) in 1 object(s) allocated from:
    #0 0x7f9432f2435f in malloc ../../../../src/libsanitizer/asan/asan_malloc_linux.cpp:67
    #1 0x7f9431265ded in gf_node_setup scenegraph/base_scenegraph.c:1319
    #2 0x7f94312de3e8 in NonLinearDeformer_Create scenegraph/mpeg4_nodes.c:25287
    #3 0x7f94312de3e8 in gf_sg_mpeg4_node_new scenegraph/mpeg4_nodes.c:36972
    #4 0x7f943126aa22 in gf_node_new scenegraph/base_scenegraph.c:2112
    #5 0x7f94319c6560 in xmt_parse_element scene_manager/loader_xmt.c:2036
    #6 0x7f94319cbae3 in xmt_node_start scene_manager/loader_xmt.c:2980
    #7 0x7f943119730c in xml_sax_node_start utils/xml_parser.c:308
    #8 0x7f943119ba4c in xml_sax_parse_attribute utils/xml_parser.c:397
    #9 0x7f943119ba4c in xml_sax_parse utils/xml_parser.c:940
    #10 0x7f9431197d60 in gf_xml_sax_parse_intern utils/xml_parser.c:1110
    #11 0x7f943119cda7 in gf_xml_sax_parse utils/xml_parser.c:1138
    #12 0x7f943119d103 in xml_sax_read_file utils/xml_parser.c:1225
    #13 0x7f943119dbb8 in gf_xml_sax_parse_file utils/xml_parser.c:1338
    #14 0x7f94319baa39 in load_xmt_run scene_manager/loader_xmt.c:3700
    #15 0x7f9432067443 in ctxload_process filters/load_bt_xmt.c:544
    #16 0x7f9431de0093 in gf_filter_process_task filter_core/filter.c:3257
    #17 0x7f9431db44c1 in gf_fs_thread_proc filter_core/filter_session.c:2420
    #18 0x7f9431db9582 in gf_fs_run filter_core/filter_session.c:2728
    #19 0x7f943187328a in gf_media_import media_tools/media_import.c:1639
    #20 0x56087f79d411 in import_file /run/media/user/8ed8205b-4114-4c2a-b2d0-e2ad6640262d/gpac/runtime/gpac_asan/applications/mp4box/fileimport.c:1733
    #21 0x56087f759fc9 in do_add_cat /run/media/user/8ed8205b-4114-4c2a-b2d0-e2ad6640262d/gpac/runtime/gpac_asan/applications/mp4box/mp4box.c:4633
    #22 0x56087f75c3f7 in mp4box_main /run/media/user/8ed8205b-4114-4c2a-b2d0-e2ad6640262d/gpac/runtime/gpac_asan/applications/mp4box/mp4box.c:6377
    #23 0x7f9430c33f76 in __libc_start_call_main ../sysdeps/nptl/libc_start_call_main.h:58
    #24 0x7f9430c34026 in __libc_start_main_impl ../csu/libc-start.c:360
    #25 0x56087f73c080 in _start (/run/media/user/8ed8205b-4114-4c2a-b2d0-e2ad6640262d/gpac/runtime/gpac_asan/bin/gcc/MP4Box+0x4d080) (BuildId: 1651312aefdad6adf454cb6d555ab16d3e0fe1b8)

Indirect leak of 64 byte(s) in 1 object(s) allocated from:
    #0 0x7f9432f2435f in malloc ../../../../src/libsanitizer/asan/asan_malloc_linux.cpp:67
    #1 0x7f9431265ded in gf_node_setup scenegraph/base_scenegraph.c:1319
    #2 0x7f94312e2087 in IndexedLineSet_Create scenegraph/mpeg4_nodes.c:8291
    #3 0x7f94312e2087 in gf_sg_mpeg4_node_new scenegraph/mpeg4_nodes.c:36806
    #4 0x7f943126aa22 in gf_node_new scenegraph/base_scenegraph.c:2112
    #5 0x7f94319c6560 in xmt_parse_element scene_manager/loader_xmt.c:2036
    #6 0x7f94319cbae3 in xmt_node_start scene_manager/loader_xmt.c:2980
    #7 0x7f943119730c in xml_sax_node_start utils/xml_parser.c:308
    #8 0x7f943119ba4c in xml_sax_parse_attribute utils/xml_parser.c:397
    #9 0x7f943119ba4c in xml_sax_parse utils/xml_parser.c:940
    #10 0x7f9431197d60 in gf_xml_sax_parse_intern utils/xml_parser.c:1110
    #11 0x7f943119cda7 in gf_xml_sax_parse utils/xml_parser.c:1138
    #12 0x7f943119d103 in xml_sax_read_file utils/xml_parser.c:1225
    #13 0x7f943119dbb8 in gf_xml_sax_parse_file utils/xml_parser.c:1338
    #14 0x7f94319baa39 in load_xmt_run scene_manager/loader_xmt.c:3700
    #15 0x7f9432067443 in ctxload_process filters/load_bt_xmt.c:544
    #16 0x7f9431de0093 in gf_filter_process_task filter_core/filter.c:3257
    #17 0x7f9431db44c1 in gf_fs_thread_proc filter_core/filter_session.c:2420
    #18 0x7f9431db9582 in gf_fs_run filter_core/filter_session.c:2728
    #19 0x7f943187328a in gf_media_import media_tools/media_import.c:1639
    #20 0x56087f79d411 in import_file /run/media/user/8ed8205b-4114-4c2a-b2d0-e2ad6640262d/gpac/runtime/gpac_asan/applications/mp4box/fileimport.c:1733
    #21 0x56087f759fc9 in do_add_cat /run/media/user/8ed8205b-4114-4c2a-b2d0-e2ad6640262d/gpac/runtime/gpac_asan/applications/mp4box/mp4box.c:4633
    #22 0x56087f75c3f7 in mp4box_main /run/media/user/8ed8205b-4114-4c2a-b2d0-e2ad6640262d/gpac/runtime/gpac_asan/applications/mp4box/mp4box.c:6377
    #23 0x7f9430c33f76 in __libc_start_call_main ../sysdeps/nptl/libc_start_call_main.h:58
    #24 0x7f9430c34026 in __libc_start_main_impl ../csu/libc-start.c:360
    #25 0x56087f73c080 in _start (/run/media/user/8ed8205b-4114-4c2a-b2d0-e2ad6640262d/gpac/runtime/gpac_asan/bin/gcc/MP4Box+0x4d080) (BuildId: 1651312aefdad6adf454cb6d555ab16d3e0fe1b8)

Indirect leak of 64 byte(s) in 1 object(s) allocated from:
    #0 0x7f9432f2435f in malloc ../../../../src/libsanitizer/asan/asan_malloc_linux.cpp:67
    #1 0x7f9431265ded in gf_node_setup scenegraph/base_scenegraph.c:1319
    #2 0x7f94312e1c3c in IndexedFaceSet_Create scenegraph/mpeg4_nodes.c:7940
    #3 0x7f94312e1c3c in gf_sg_mpeg4_node_new scenegraph/mpeg4_nodes.c:36802
    #4 0x7f943126aa22 in gf_node_new scenegraph/base_scenegraph.c:2112
    #5 0x7f94319c6560 in xmt_parse_element scene_manager/loader_xmt.c:2036
    #6 0x7f94319cbae3 in xmt_node_start scene_manager/loader_xmt.c:2980
    #7 0x7f943119730c in xml_sax_node_start utils/xml_parser.c:308
    #8 0x7f943119ba4c in xml_sax_parse_attribute utils/xml_parser.c:397
    #9 0x7f943119ba4c in xml_sax_parse utils/xml_parser.c:940
    #10 0x7f9431197d60 in gf_xml_sax_parse_intern utils/xml_parser.c:1110
    #11 0x7f943119cda7 in gf_xml_sax_parse utils/xml_parser.c:1138
    #12 0x7f943119d103 in xml_sax_read_file utils/xml_parser.c:1225
    #13 0x7f943119dbb8 in gf_xml_sax_parse_file utils/xml_parser.c:1338
    #14 0x7f94319baa39 in load_xmt_run scene_manager/loader_xmt.c:3700
    #15 0x7f9432067443 in ctxload_process filters/load_bt_xmt.c:544
    #16 0x7f9431de0093 in gf_filter_process_task filter_core/filter.c:3257
    #17 0x7f9431db44c1 in gf_fs_thread_proc filter_core/filter_session.c:2420
    #18 0x7f9431db9582 in gf_fs_run filter_core/filter_session.c:2728
    #19 0x7f943187328a in gf_media_import media_tools/media_import.c:1639
    #20 0x56087f79d411 in import_file /run/media/user/8ed8205b-4114-4c2a-b2d0-e2ad6640262d/gpac/runtime/gpac_asan/applications/mp4box/fileimport.c:1733
    #21 0x56087f759fc9 in do_add_cat /run/media/user/8ed8205b-4114-4c2a-b2d0-e2ad6640262d/gpac/runtime/gpac_asan/applications/mp4box/mp4box.c:4633
    #22 0x56087f75c3f7 in mp4box_main /run/media/user/8ed8205b-4114-4c2a-b2d0-e2ad6640262d/gpac/runtime/gpac_asan/applications/mp4box/mp4box.c:6377
    #23 0x7f9430c33f76 in __libc_start_call_main ../sysdeps/nptl/libc_start_call_main.h:58
    #24 0x7f9430c34026 in __libc_start_main_impl ../csu/libc-start.c:360
    #25 0x56087f73c080 in _start (/run/media/user/8ed8205b-4114-4c2a-b2d0-e2ad6640262d/gpac/runtime/gpac_asan/bin/gcc/MP4Box+0x4d080) (BuildId: 1651312aefdad6adf454cb6d555ab16d3e0fe1b8)

Indirect leak of 64 byte(s) in 1 object(s) allocated from:
    #0 0x7f9432f2435f in malloc ../../../../src/libsanitizer/asan/asan_malloc_linux.cpp:67
    #1 0x7f9431265ded in gf_node_setup scenegraph/base_scenegraph.c:1319
    #2 0x7f94312e26bd in ElevationGrid_Create scenegraph/mpeg4_nodes.c:4718
    #3 0x7f94312e26bd in gf_sg_mpeg4_node_new scenegraph/mpeg4_nodes.c:36772
    #4 0x7f943126aa22 in gf_node_new scenegraph/base_scenegraph.c:2112
    #5 0x7f94319c6560 in xmt_parse_element scene_manager/loader_xmt.c:2036
    #6 0x7f94319cbae3 in xmt_node_start scene_manager/loader_xmt.c:2980
    #7 0x7f943119730c in xml_sax_node_start utils/xml_parser.c:308
    #8 0x7f943119c087 in xml_sax_parse_attribute utils/xml_parser.c:357
    #9 0x7f943119c087 in xml_sax_parse utils/xml_parser.c:940
    #10 0x7f9431197d60 in gf_xml_sax_parse_intern utils/xml_parser.c:1110
    #11 0x7f943119cda7 in gf_xml_sax_parse utils/xml_parser.c:1138
    #12 0x7f943119d103 in xml_sax_read_file utils/xml_parser.c:1225
    #13 0x7f943119dbb8 in gf_xml_sax_parse_file utils/xml_parser.c:1338
    #14 0x7f94319baa39 in load_xmt_run scene_manager/loader_xmt.c:3700
    #15 0x7f9432067443 in ctxload_process filters/load_bt_xmt.c:544
    #16 0x7f9431de0093 in gf_filter_process_task filter_core/filter.c:3257
    #17 0x7f9431db44c1 in gf_fs_thread_proc filter_core/filter_session.c:2420
    #18 0x7f9431db9582 in gf_fs_run filter_core/filter_session.c:2728
    #19 0x7f943187328a in gf_media_import media_tools/media_import.c:1639
    #20 0x56087f79d411 in import_file /run/media/user/8ed8205b-4114-4c2a-b2d0-e2ad6640262d/gpac/runtime/gpac_asan/applications/mp4box/fileimport.c:1733
    #21 0x56087f759fc9 in do_add_cat /run/media/user/8ed8205b-4114-4c2a-b2d0-e2ad6640262d/gpac/runtime/gpac_asan/applications/mp4box/mp4box.c:4633
    #22 0x56087f75c3f7 in mp4box_main /run/media/user/8ed8205b-4114-4c2a-b2d0-e2ad6640262d/gpac/runtime/gpac_asan/applications/mp4box/mp4box.c:6377
    #23 0x7f9430c33f76 in __libc_start_call_main ../sysdeps/nptl/libc_start_call_main.h:58
    #24 0x7f9430c34026 in __libc_start_main_impl ../csu/libc-start.c:360
    #25 0x56087f73c080 in _start (/run/media/user/8ed8205b-4114-4c2a-b2d0-e2ad6640262d/gpac/runtime/gpac_asan/bin/gcc/MP4Box+0x4d080) (BuildId: 1651312aefdad6adf454cb6d555ab16d3e0fe1b8)

Indirect leak of 64 byte(s) in 1 object(s) allocated from:
    #0 0x7f9432f2435f in malloc ../../../../src/libsanitizer/asan/asan_malloc_linux.cpp:67
    #1 0x7f9431265ded in gf_node_setup scenegraph/base_scenegraph.c:1319
    #2 0x7f94312e0ebc in Cylinder_Create scenegraph/mpeg4_nodes.c:4004
    #3 0x7f94312e0ebc in gf_sg_mpeg4_node_new scenegraph/mpeg4_nodes.c:36764
    #4 0x7f943126aa22 in gf_node_new scenegraph/base_scenegraph.c:2112
    #5 0x7f94319c6560 in xmt_parse_element scene_manager/loader_xmt.c:2036
    #6 0x7f94319cbae3 in xmt_node_start scene_manager/loader_xmt.c:2980
    #7 0x7f943119730c in xml_sax_node_start utils/xml_parser.c:308
    #8 0x7f943119c087 in xml_sax_parse_attribute utils/xml_parser.c:357
    #9 0x7f943119c087 in xml_sax_parse utils/xml_parser.c:940
    #10 0x7f9431197d60 in gf_xml_sax_parse_intern utils/xml_parser.c:1110
    #11 0x7f943119cda7 in gf_xml_sax_parse utils/xml_parser.c:1138
    #12 0x7f943119d103 in xml_sax_read_file utils/xml_parser.c:1225
    #13 0x7f943119dbb8 in gf_xml_sax_parse_file utils/xml_parser.c:1338
    #14 0x7f94319baa39 in load_xmt_run scene_manager/loader_xmt.c:3700
    #15 0x7f9432067443 in ctxload_process filters/load_bt_xmt.c:544
    #16 0x7f9431de0093 in gf_filter_process_task filter_core/filter.c:3257
    #17 0x7f9431db44c1 in gf_fs_thread_proc filter_core/filter_session.c:2420
    #18 0x7f9431db9582 in gf_fs_run filter_core/filter_session.c:2728
    #19 0x7f943187328a in gf_media_import media_tools/media_import.c:1639
    #20 0x56087f79d411 in import_file /run/media/user/8ed8205b-4114-4c2a-b2d0-e2ad6640262d/gpac/runtime/gpac_asan/applications/mp4box/fileimport.c:1733
    #21 0x56087f759fc9 in do_add_cat /run/media/user/8ed8205b-4114-4c2a-b2d0-e2ad6640262d/gpac/runtime/gpac_asan/applications/mp4box/mp4box.c:4633
    #22 0x56087f75c3f7 in mp4box_main /run/media/user/8ed8205b-4114-4c2a-b2d0-e2ad6640262d/gpac/runtime/gpac_asan/applications/mp4box/mp4box.c:6377
    #23 0x7f9430c33f76 in __libc_start_call_main ../sysdeps/nptl/libc_start_call_main.h:58
    #24 0x7f9430c34026 in __libc_start_main_impl ../csu/libc-start.c:360
    #25 0x56087f73c080 in _start (/run/media/user/8ed8205b-4114-4c2a-b2d0-e2ad6640262d/gpac/runtime/gpac_asan/bin/gcc/MP4Box+0x4d080) (BuildId: 1651312aefdad6adf454cb6d555ab16d3e0fe1b8)

Indirect leak of 64 byte(s) in 1 object(s) allocated from:
    #0 0x7f9432f2435f in malloc ../../../../src/libsanitizer/asan/asan_malloc_linux.cpp:67
    #1 0x7f9431265ded in gf_node_setup scenegraph/base_scenegraph.c:1319
    #2 0x7f94312e10f6 in Cone_Create scenegraph/mpeg4_nodes.c:3309
    #3 0x7f94312e10f6 in gf_sg_mpeg4_node_new scenegraph/mpeg4_nodes.c:36752
    #4 0x7f943126aa22 in gf_node_new scenegraph/base_scenegraph.c:2112
    #5 0x7f94319c6560 in xmt_parse_element scene_manager/loader_xmt.c:2036
    #6 0x7f94319cbae3 in xmt_node_start scene_manager/loader_xmt.c:2980
    #7 0x7f943119730c in xml_sax_node_start utils/xml_parser.c:308
    #8 0x7f943119c087 in xml_sax_parse_attribute utils/xml_parser.c:357
    #9 0x7f943119c087 in xml_sax_parse utils/xml_parser.c:940
    #10 0x7f9431197d60 in gf_xml_sax_parse_intern utils/xml_parser.c:1110
    #11 0x7f943119cda7 in gf_xml_sax_parse utils/xml_parser.c:1138
    #12 0x7f943119d103 in xml_sax_read_file utils/xml_parser.c:1225
    #13 0x7f943119dbb8 in gf_xml_sax_parse_file utils/xml_parser.c:1338
    #14 0x7f94319baa39 in load_xmt_run scene_manager/loader_xmt.c:3700
    #15 0x7f9432067443 in ctxload_process filters/load_bt_xmt.c:544
    #16 0x7f9431de0093 in gf_filter_process_task filter_core/filter.c:3257
    #17 0x7f9431db44c1 in gf_fs_thread_proc filter_core/filter_session.c:2420
    #18 0x7f9431db9582 in gf_fs_run filter_core/filter_session.c:2728
    #19 0x7f943187328a in gf_media_import media_tools/media_import.c:1639
    #20 0x56087f79d411 in import_file /run/media/user/8ed8205b-4114-4c2a-b2d0-e2ad6640262d/gpac/runtime/gpac_asan/applications/mp4box/fileimport.c:1733
    #21 0x56087f759fc9 in do_add_cat /run/media/user/8ed8205b-4114-4c2a-b2d0-e2ad6640262d/gpac/runtime/gpac_asan/applications/mp4box/mp4box.c:4633
    #22 0x56087f75c3f7 in mp4box_main /run/media/user/8ed8205b-4114-4c2a-b2d0-e2ad6640262d/gpac/runtime/gpac_asan/applications/mp4box/mp4box.c:6377
    #23 0x7f9430c33f76 in __libc_start_call_main ../sysdeps/nptl/libc_start_call_main.h:58
    #24 0x7f9430c34026 in __libc_start_main_impl ../csu/libc-start.c:360
    #25 0x56087f73c080 in _start (/run/media/user/8ed8205b-4114-4c2a-b2d0-e2ad6640262d/gpac/runtime/gpac_asan/bin/gcc/MP4Box+0x4d080) (BuildId: 1651312aefdad6adf454cb6d555ab16d3e0fe1b8)

Indirect leak of 64 byte(s) in 1 object(s) allocated from:
    #0 0x7f9432f2435f in malloc ../../../../src/libsanitizer/asan/asan_malloc_linux.cpp:67
    #1 0x7f943121975d in gf_path_new utils/path2d.c:35
    #2 0x7f9431ad91d1 in drawable_init_ex compositor/drawable.c:137
    #3 0x7f9431b14331 in compositor_init_bitmap compositor/mpeg4_bitmap.c:343
    #4 0x7f9431c5c51a in gf_scene_on_node_init compositor/scene_node_init.c:286
    #5 0x7f9431c5c51a in gf_scene_on_node_init compositor/scene_node_init.c:206
    #6 0x7f9431c5c51a in gf_scene_node_callback compositor/scene_node_init.c:360
    #7 0x7f94319c6a44 in xmt_parse_element scene_manager/loader_xmt.c:2180
    #8 0x7f94319cbae3 in xmt_node_start scene_manager/loader_xmt.c:2980
    #9 0x7f943119730c in xml_sax_node_start utils/xml_parser.c:308
    #10 0x7f943119ae3f in xml_sax_parse utils/xml_parser.c:863
    #11 0x7f9431197d60 in gf_xml_sax_parse_intern utils/xml_parser.c:1110
    #12 0x7f943119cda7 in gf_xml_sax_parse utils/xml_parser.c:1138
    #13 0x7f943119d103 in xml_sax_read_file utils/xml_parser.c:1225
    #14 0x7f943119dbb8 in gf_xml_sax_parse_file utils/xml_parser.c:1338
    #15 0x7f94319baa39 in load_xmt_run scene_manager/loader_xmt.c:3700
    #16 0x7f9432067443 in ctxload_process filters/load_bt_xmt.c:544
    #17 0x7f9431de0093 in gf_filter_process_task filter_core/filter.c:3257
    #18 0x7f9431db44c1 in gf_fs_thread_proc filter_core/filter_session.c:2420
    #19 0x7f9431db9582 in gf_fs_run filter_core/filter_session.c:2728
    #20 0x7f943187328a in gf_media_import media_tools/media_import.c:1639
    #21 0x56087f79d411 in import_file /run/media/user/8ed8205b-4114-4c2a-b2d0-e2ad6640262d/gpac/runtime/gpac_asan/applications/mp4box/fileimport.c:1733
    #22 0x56087f759fc9 in do_add_cat /run/media/user/8ed8205b-4114-4c2a-b2d0-e2ad6640262d/gpac/runtime/gpac_asan/applications/mp4box/mp4box.c:4633
    #23 0x56087f75c3f7 in mp4box_main /run/media/user/8ed8205b-4114-4c2a-b2d0-e2ad6640262d/gpac/runtime/gpac_asan/applications/mp4box/mp4box.c:6377
    #24 0x7f9430c33f76 in __libc_start_call_main ../sysdeps/nptl/libc_start_call_main.h:58
    #25 0x7f9430c34026 in __libc_start_main_impl ../csu/libc-start.c:360
    #26 0x56087f73c080 in _start (/run/media/user/8ed8205b-4114-4c2a-b2d0-e2ad6640262d/gpac/runtime/gpac_asan/bin/gcc/MP4Box+0x4d080) (BuildId: 1651312aefdad6adf454cb6d555ab16d3e0fe1b8)

Indirect leak of 64 byte(s) in 1 object(s) allocated from:
    #0 0x7f9432f2435f in malloc ../../../../src/libsanitizer/asan/asan_malloc_linux.cpp:67
    #1 0x7f9431265ded in gf_node_setup scenegraph/base_scenegraph.c:1319
    #2 0x7f94312e15a8 in Bitmap_Create scenegraph/mpeg4_nodes.c:2174
    #3 0x7f94312e15a8 in gf_sg_mpeg4_node_new scenegraph/mpeg4_nodes.c:36734
    #4 0x7f943126aa22 in gf_node_new scenegraph/base_scenegraph.c:2112
    #5 0x7f94319c6560 in xmt_parse_element scene_manager/loader_xmt.c:2036
    #6 0x7f94319cbae3 in xmt_node_start scene_manager/loader_xmt.c:2980
    #7 0x7f943119730c in xml_sax_node_start utils/xml_parser.c:308
    #8 0x7f943119ae3f in xml_sax_parse utils/xml_parser.c:863
    #9 0x7f9431197d60 in gf_xml_sax_parse_intern utils/xml_parser.c:1110
    #10 0x7f943119cda7 in gf_xml_sax_parse utils/xml_parser.c:1138
    #11 0x7f943119d103 in xml_sax_read_file utils/xml_parser.c:1225
    #12 0x7f943119dbb8 in gf_xml_sax_parse_file utils/xml_parser.c:1338
    #13 0x7f94319baa39 in load_xmt_run scene_manager/loader_xmt.c:3700
    #14 0x7f9432067443 in ctxload_process filters/load_bt_xmt.c:544
    #15 0x7f9431de0093 in gf_filter_process_task filter_core/filter.c:3257
    #16 0x7f9431db44c1 in gf_fs_thread_proc filter_core/filter_session.c:2420
    #17 0x7f9431db9582 in gf_fs_run filter_core/filter_session.c:2728
    #18 0x7f943187328a in gf_media_import media_tools/media_import.c:1639
    #19 0x56087f79d411 in import_file /run/media/user/8ed8205b-4114-4c2a-b2d0-e2ad6640262d/gpac/runtime/gpac_asan/applications/mp4box/fileimport.c:1733
    #20 0x56087f759fc9 in do_add_cat /run/media/user/8ed8205b-4114-4c2a-b2d0-e2ad6640262d/gpac/runtime/gpac_asan/applications/mp4box/mp4box.c:4633
    #21 0x56087f75c3f7 in mp4box_main /run/media/user/8ed8205b-4114-4c2a-b2d0-e2ad6640262d/gpac/runtime/gpac_asan/applications/mp4box/mp4box.c:6377
    #22 0x7f9430c33f76 in __libc_start_call_main ../sysdeps/nptl/libc_start_call_main.h:58
    #23 0x7f9430c34026 in __libc_start_main_impl ../csu/libc-start.c:360
    #24 0x56087f73c080 in _start (/run/media/user/8ed8205b-4114-4c2a-b2d0-e2ad6640262d/gpac/runtime/gpac_asan/bin/gcc/MP4Box+0x4d080) (BuildId: 1651312aefdad6adf454cb6d555ab16d3e0fe1b8)

Indirect leak of 64 byte(s) in 1 object(s) allocated from:
    #0 0x7f9432f2435f in malloc ../../../../src/libsanitizer/asan/asan_malloc_linux.cpp:67
    #1 0x7f9431265ded in gf_node_setup scenegraph/base_scenegraph.c:1319
    #2 0x7f94312dd672 in XCurve2D_Create scenegraph/mpeg4_nodes.c:32061
    #3 0x7f94312dd672 in gf_sg_mpeg4_node_new scenegraph/mpeg4_nodes.c:37044
    #4 0x7f943126aa22 in gf_node_new scenegraph/base_scenegraph.c:2112
    #5 0x7f94319c6560 in xmt_parse_element scene_manager/loader_xmt.c:2036
    #6 0x7f94319cbae3 in xmt_node_start scene_manager/loader_xmt.c:2980
    #7 0x7f943119730c in xml_sax_node_start utils/xml_parser.c:308
    #8 0x7f943119ba4c in xml_sax_parse_attribute utils/xml_parser.c:397
    #9 0x7f943119ba4c in xml_sax_parse utils/xml_parser.c:940
    #10 0x7f9431197d60 in gf_xml_sax_parse_intern utils/xml_parser.c:1110
    #11 0x7f943119cda7 in gf_xml_sax_parse utils/xml_parser.c:1138
    #12 0x7f943119d103 in xml_sax_read_file utils/xml_parser.c:1225
    #13 0x7f943119dbb8 in gf_xml_sax_parse_file utils/xml_parser.c:1338
    #14 0x7f94319baa39 in load_xmt_run scene_manager/loader_xmt.c:3700
    #15 0x7f9432067443 in ctxload_process filters/load_bt_xmt.c:544
    #16 0x7f9431de0093 in gf_filter_process_task filter_core/filter.c:3257
    #17 0x7f9431db44c1 in gf_fs_thread_proc filter_core/filter_session.c:2420
    #18 0x7f9431db9582 in gf_fs_run filter_core/filter_session.c:2728
    #19 0x7f943187328a in gf_media_import media_tools/media_import.c:1639
    #20 0x56087f79d411 in import_file /run/media/user/8ed8205b-4114-4c2a-b2d0-e2ad6640262d/gpac/runtime/gpac_asan/applications/mp4box/fileimport.c:1733
    #21 0x56087f759fc9 in do_add_cat /run/media/user/8ed8205b-4114-4c2a-b2d0-e2ad6640262d/gpac/runtime/gpac_asan/applications/mp4box/mp4box.c:4633
    #22 0x56087f75c3f7 in mp4box_main /run/media/user/8ed8205b-4114-4c2a-b2d0-e2ad6640262d/gpac/runtime/gpac_asan/applications/mp4box/mp4box.c:6377
    #23 0x7f9430c33f76 in __libc_start_call_main ../sysdeps/nptl/libc_start_call_main.h:58
    #24 0x7f9430c34026 in __libc_start_main_impl ../csu/libc-start.c:360
    #25 0x56087f73c080 in _start (/run/media/user/8ed8205b-4114-4c2a-b2d0-e2ad6640262d/gpac/runtime/gpac_asan/bin/gcc/MP4Box+0x4d080) (BuildId: 1651312aefdad6adf454cb6d555ab16d3e0fe1b8)

Indirect leak of 64 byte(s) in 1 object(s) allocated from:
    #0 0x7f9432f2435f in malloc ../../../../src/libsanitizer/asan/asan_malloc_linux.cpp:67
    #1 0x7f9431265ded in gf_node_setup scenegraph/base_scenegraph.c:1319
    #2 0x7f94312e0202 in PointSet2D_Create scenegraph/mpeg4_nodes.c:11402
    #3 0x7f94312e0202 in gf_sg_mpeg4_node_new scenegraph/mpeg4_nodes.c:36850
    #4 0x7f943126aa22 in gf_node_new scenegraph/base_scenegraph.c:2112
    #5 0x7f94319c6560 in xmt_parse_element scene_manager/loader_xmt.c:2036
    #6 0x7f94319cbae3 in xmt_node_start scene_manager/loader_xmt.c:2980
    #7 0x7f943119730c in xml_sax_node_start utils/xml_parser.c:308
    #8 0x7f943119ba4c in xml_sax_parse_attribute utils/xml_parser.c:397
    #9 0x7f943119ba4c in xml_sax_parse utils/xml_parser.c:940
    #10 0x7f9431197d60 in gf_xml_sax_parse_intern utils/xml_parser.c:1110
    #11 0x7f943119cda7 in gf_xml_sax_parse utils/xml_parser.c:1138
    #12 0x7f943119d103 in xml_sax_read_file utils/xml_parser.c:1225
    #13 0x7f943119dbb8 in gf_xml_sax_parse_file utils/xml_parser.c:1338
    #14 0x7f94319baa39 in load_xmt_run scene_manager/loader_xmt.c:3700
    #15 0x7f9432067443 in ctxload_process filters/load_bt_xmt.c:544
    #16 0x7f9431de0093 in gf_filter_process_task filter_core/filter.c:3257
    #17 0x7f9431db44c1 in gf_fs_thread_proc filter_core/filter_session.c:2420
    #18 0x7f9431db9582 in gf_fs_run filter_core/filter_session.c:2728
    #19 0x7f943187328a in gf_media_import media_tools/media_import.c:1639
    #20 0x56087f79d411 in import_file /run/media/user/8ed8205b-4114-4c2a-b2d0-e2ad6640262d/gpac/runtime/gpac_asan/applications/mp4box/fileimport.c:1733
    #21 0x56087f759fc9 in do_add_cat /run/media/user/8ed8205b-4114-4c2a-b2d0-e2ad6640262d/gpac/runtime/gpac_asan/applications/mp4box/mp4box.c:4633
    #22 0x56087f75c3f7 in mp4box_main /run/media/user/8ed8205b-4114-4c2a-b2d0-e2ad6640262d/gpac/runtime/gpac_asan/applications/mp4box/mp4box.c:6377
    #23 0x7f9430c33f76 in __libc_start_call_main ../sysdeps/nptl/libc_start_call_main.h:58
    #24 0x7f9430c34026 in __libc_start_main_impl ../csu/libc-start.c:360
    #25 0x56087f73c080 in _start (/run/media/user/8ed8205b-4114-4c2a-b2d0-e2ad6640262d/gpac/runtime/gpac_asan/bin/gcc/MP4Box+0x4d080) (BuildId: 1651312aefdad6adf454cb6d555ab16d3e0fe1b8)

Indirect leak of 64 byte(s) in 1 object(s) allocated from:
    #0 0x7f9432f2435f in malloc ../../../../src/libsanitizer/asan/asan_malloc_linux.cpp:67
    #1 0x7f943121975d in gf_path_new utils/path2d.c:35
    #2 0x7f9431ad9309 in drawable_new compositor/drawable.c:153
    #3 0x7f9431ada23e in drawable_stack_new compositor/drawable.c:276
    #4 0x7f9431b2d518 in compositor_init_indexed_face_set2d compositor/mpeg4_geometry_ifs2d.c:344
    #5 0x7f9431c5c51a in gf_scene_on_node_init compositor/scene_node_init.c:286
    #6 0x7f9431c5c51a in gf_scene_on_node_init compositor/scene_node_init.c:206
    #7 0x7f9431c5c51a in gf_scene_node_callback compositor/scene_node_init.c:360
    #8 0x7f94319c6a44 in xmt_parse_element scene_manager/loader_xmt.c:2180
    #9 0x7f94319cbae3 in xmt_node_start scene_manager/loader_xmt.c:2980
    #10 0x7f943119730c in xml_sax_node_start utils/xml_parser.c:308
    #11 0x7f943119ba4c in xml_sax_parse_attribute utils/xml_parser.c:397
    #12 0x7f943119ba4c in xml_sax_parse utils/xml_parser.c:940
    #13 0x7f9431197d60 in gf_xml_sax_parse_intern utils/xml_parser.c:1110
    #14 0x7f943119cda7 in gf_xml_sax_parse utils/xml_parser.c:1138
    #15 0x7f943119d103 in xml_sax_read_file utils/xml_parser.c:1225
    #16 0x7f943119dbb8 in gf_xml_sax_parse_file utils/xml_parser.c:1338
    #17 0x7f94319baa39 in load_xmt_run scene_manager/loader_xmt.c:3700
    #18 0x7f9432067443 in ctxload_process filters/load_bt_xmt.c:544
    #19 0x7f9431de0093 in gf_filter_process_task filter_core/filter.c:3257
    #20 0x7f9431db44c1 in gf_fs_thread_proc filter_core/filter_session.c:2420
    #21 0x7f9431db9582 in gf_fs_run filter_core/filter_session.c:2728
    #22 0x7f943187328a in gf_media_import media_tools/media_import.c:1639
    #23 0x56087f79d411 in import_file /run/media/user/8ed8205b-4114-4c2a-b2d0-e2ad6640262d/gpac/runtime/gpac_asan/applications/mp4box/fileimport.c:1733
    #24 0x56087f759fc9 in do_add_cat /run/media/user/8ed8205b-4114-4c2a-b2d0-e2ad6640262d/gpac/runtime/gpac_asan/applications/mp4box/mp4box.c:4633
    #25 0x56087f75c3f7 in mp4box_main /run/media/user/8ed8205b-4114-4c2a-b2d0-e2ad6640262d/gpac/runtime/gpac_asan/applications/mp4box/mp4box.c:6377
    #26 0x7f9430c33f76 in __libc_start_call_main ../sysdeps/nptl/libc_start_call_main.h:58
    #27 0x7f9430c34026 in __libc_start_main_impl ../csu/libc-start.c:360
    #28 0x56087f73c080 in _start (/run/media/user/8ed8205b-4114-4c2a-b2d0-e2ad6640262d/gpac/runtime/gpac_asan/bin/gcc/MP4Box+0x4d080) (BuildId: 1651312aefdad6adf454cb6d555ab16d3e0fe1b8)

Indirect leak of 64 byte(s) in 1 object(s) allocated from:
    #0 0x7f9432f2435f in malloc ../../../../src/libsanitizer/asan/asan_malloc_linux.cpp:67
    #1 0x7f9431265ded in gf_node_setup scenegraph/base_scenegraph.c:1319
    #2 0x7f94312e20e3 in IndexedFaceSet2D_Create scenegraph/mpeg4_nodes.c:8137
    #3 0x7f94312e20e3 in gf_sg_mpeg4_node_new scenegraph/mpeg4_nodes.c:36804
    #4 0x7f943126aa22 in gf_node_new scenegraph/base_scenegraph.c:2112
    #5 0x7f94319c6560 in xmt_parse_element scene_manager/loader_xmt.c:2036
    #6 0x7f94319cbae3 in xmt_node_start scene_manager/loader_xmt.c:2980
    #7 0x7f943119730c in xml_sax_node_start utils/xml_parser.c:308
    #8 0x7f943119ba4c in xml_sax_parse_attribute utils/xml_parser.c:397
    #9 0x7f943119ba4c in xml_sax_parse utils/xml_parser.c:940
    #10 0x7f9431197d60 in gf_xml_sax_parse_intern utils/xml_parser.c:1110
    #11 0x7f943119cda7 in gf_xml_sax_parse utils/xml_parser.c:1138
    #12 0x7f943119d103 in xml_sax_read_file utils/xml_parser.c:1225
    #13 0x7f943119dbb8 in gf_xml_sax_parse_file utils/xml_parser.c:1338
    #14 0x7f94319baa39 in load_xmt_run scene_manager/loader_xmt.c:3700
    #15 0x7f9432067443 in ctxload_process filters/load_bt_xmt.c:544
    #16 0x7f9431de0093 in gf_filter_process_task filter_core/filter.c:3257
    #17 0x7f9431db44c1 in gf_fs_thread_proc filter_core/filter_session.c:2420
    #18 0x7f9431db9582 in gf_fs_run filter_core/filter_session.c:2728
    #19 0x7f943187328a in gf_media_import media_tools/media_import.c:1639
    #20 0x56087f79d411 in import_file /run/media/user/8ed8205b-4114-4c2a-b2d0-e2ad6640262d/gpac/runtime/gpac_asan/applications/mp4box/fileimport.c:1733
    #21 0x56087f759fc9 in do_add_cat /run/media/user/8ed8205b-4114-4c2a-b2d0-e2ad6640262d/gpac/runtime/gpac_asan/applications/mp4box/mp4box.c:4633
    #22 0x56087f75c3f7 in mp4box_main /run/media/user/8ed8205b-4114-4c2a-b2d0-e2ad6640262d/gpac/runtime/gpac_asan/applications/mp4box/mp4box.c:6377
    #23 0x7f9430c33f76 in __libc_start_call_main ../sysdeps/nptl/libc_start_call_main.h:58
    #24 0x7f9430c34026 in __libc_start_main_impl ../csu/libc-start.c:360
    #25 0x56087f73c080 in _start (/run/media/user/8ed8205b-4114-4c2a-b2d0-e2ad6640262d/gpac/runtime/gpac_asan/bin/gcc/MP4Box+0x4d080) (BuildId: 1651312aefdad6adf454cb6d555ab16d3e0fe1b8)

Indirect leak of 64 byte(s) in 2 object(s) allocated from:
    #0 0x7f9432f2435f in malloc ../../../../src/libsanitizer/asan/asan_malloc_linux.cpp:67
    #1 0x7f9431ad9336 in drawable_new compositor/drawable.c:155
    #2 0x7f9431ada23e in drawable_stack_new compositor/drawable.c:276
    #3 0x7f9431b24f18 in compositor_init_curve2d compositor/mpeg4_geometry_2d.c:649
    #4 0x7f9431c5c51a in gf_scene_on_node_init compositor/scene_node_init.c:286
    #5 0x7f9431c5c51a in gf_scene_on_node_init compositor/scene_node_init.c:206
    #6 0x7f9431c5c51a in gf_scene_node_callback compositor/scene_node_init.c:360
    #7 0x7f94319c6a44 in xmt_parse_element scene_manager/loader_xmt.c:2180
    #8 0x7f94319cbae3 in xmt_node_start scene_manager/loader_xmt.c:2980
    #9 0x7f943119730c in xml_sax_node_start utils/xml_parser.c:308
    #10 0x7f943119ba4c in xml_sax_parse_attribute utils/xml_parser.c:397
    #11 0x7f943119ba4c in xml_sax_parse utils/xml_parser.c:940
    #12 0x7f9431197d60 in gf_xml_sax_parse_intern utils/xml_parser.c:1110
    #13 0x7f943119cda7 in gf_xml_sax_parse utils/xml_parser.c:1138
    #14 0x7f943119d103 in xml_sax_read_file utils/xml_parser.c:1225
    #15 0x7f943119dbb8 in gf_xml_sax_parse_file utils/xml_parser.c:1338
    #16 0x7f94319baa39 in load_xmt_run scene_manager/loader_xmt.c:3700
    #17 0x7f9432067443 in ctxload_process filters/load_bt_xmt.c:544
    #18 0x7f9431de0093 in gf_filter_process_task filter_core/filter.c:3257
    #19 0x7f9431db44c1 in gf_fs_thread_proc filter_core/filter_session.c:2420
    #20 0x7f9431db9582 in gf_fs_run filter_core/filter_session.c:2728
    #21 0x7f943187328a in gf_media_import media_tools/media_import.c:1639
    #22 0x56087f79d411 in import_file /run/media/user/8ed8205b-4114-4c2a-b2d0-e2ad6640262d/gpac/runtime/gpac_asan/applications/mp4box/fileimport.c:1733
    #23 0x56087f759fc9 in do_add_cat /run/media/user/8ed8205b-4114-4c2a-b2d0-e2ad6640262d/gpac/runtime/gpac_asan/applications/mp4box/mp4box.c:4633
    #24 0x56087f75c3f7 in mp4box_main /run/media/user/8ed8205b-4114-4c2a-b2d0-e2ad6640262d/gpac/runtime/gpac_asan/applications/mp4box/mp4box.c:6377
    #25 0x7f9430c33f76 in __libc_start_call_main ../sysdeps/nptl/libc_start_call_main.h:58
    #26 0x7f9430c34026 in __libc_start_main_impl ../csu/libc-start.c:360
    #27 0x56087f73c080 in _start (/run/media/user/8ed8205b-4114-4c2a-b2d0-e2ad6640262d/gpac/runtime/gpac_asan/bin/gcc/MP4Box+0x4d080) (BuildId: 1651312aefdad6adf454cb6d555ab16d3e0fe1b8)

Indirect leak of 64 byte(s) in 1 object(s) allocated from:
    #0 0x7f9432f2435f in malloc ../../../../src/libsanitizer/asan/asan_malloc_linux.cpp:67
    #1 0x7f943121975d in gf_path_new utils/path2d.c:35
    #2 0x7f9431ad9309 in drawable_new compositor/drawable.c:153
    #3 0x7f9431ada23e in drawable_stack_new compositor/drawable.c:276
    #4 0x7f9431b24f38 in compositor_init_pointset2d compositor/mpeg4_geometry_2d.c:782
    #5 0x7f9431c5c51a in gf_scene_on_node_init compositor/scene_node_init.c:286
    #6 0x7f9431c5c51a in gf_scene_on_node_init compositor/scene_node_init.c:206
    #7 0x7f9431c5c51a in gf_scene_node_callback compositor/scene_node_init.c:360
    #8 0x7f94319c6a44 in xmt_parse_element scene_manager/loader_xmt.c:2180
    #9 0x7f94319cbae3 in xmt_node_start scene_manager/loader_xmt.c:2980
    #10 0x7f943119730c in xml_sax_node_start utils/xml_parser.c:308
    #11 0x7f943119ba4c in xml_sax_parse_attribute utils/xml_parser.c:397
    #12 0x7f943119ba4c in xml_sax_parse utils/xml_parser.c:940
    #13 0x7f9431197d60 in gf_xml_sax_parse_intern utils/xml_parser.c:1110
    #14 0x7f943119cda7 in gf_xml_sax_parse utils/xml_parser.c:1138
    #15 0x7f943119d103 in xml_sax_read_file utils/xml_parser.c:1225
    #16 0x7f943119dbb8 in gf_xml_sax_parse_file utils/xml_parser.c:1338
    #17 0x7f94319baa39 in load_xmt_run scene_manager/loader_xmt.c:3700
    #18 0x7f9432067443 in ctxload_process filters/load_bt_xmt.c:544
    #19 0x7f9431de0093 in gf_filter_process_task filter_core/filter.c:3257
    #20 0x7f9431db44c1 in gf_fs_thread_proc filter_core/filter_session.c:2420
    #21 0x7f9431db9582 in gf_fs_run filter_core/filter_session.c:2728
    #22 0x7f943187328a in gf_media_import media_tools/media_import.c:1639
    #23 0x56087f79d411 in import_file /run/media/user/8ed8205b-4114-4c2a-b2d0-e2ad6640262d/gpac/runtime/gpac_asan/applications/mp4box/fileimport.c:1733
    #24 0x56087f759fc9 in do_add_cat /run/media/user/8ed8205b-4114-4c2a-b2d0-e2ad6640262d/gpac/runtime/gpac_asan/applications/mp4box/mp4box.c:4633
    #25 0x56087f75c3f7 in mp4box_main /run/media/user/8ed8205b-4114-4c2a-b2d0-e2ad6640262d/gpac/runtime/gpac_asan/applications/mp4box/mp4box.c:6377
    #26 0x7f9430c33f76 in __libc_start_call_main ../sysdeps/nptl/libc_start_call_main.h:58
    #27 0x7f9430c34026 in __libc_start_main_impl ../csu/libc-start.c:360
    #28 0x56087f73c080 in _start (/run/media/user/8ed8205b-4114-4c2a-b2d0-e2ad6640262d/gpac/runtime/gpac_asan/bin/gcc/MP4Box+0x4d080) (BuildId: 1651312aefdad6adf454cb6d555ab16d3e0fe1b8)

Indirect leak of 64 byte(s) in 1 object(s) allocated from:
    #0 0x7f9432f2435f in malloc ../../../../src/libsanitizer/asan/asan_malloc_linux.cpp:67
    #1 0x7f9431265ded in gf_node_setup scenegraph/base_scenegraph.c:1319
    #2 0x7f94312d9e02 in LinearGradient_Create scenegraph/mpeg4_nodes.c:30944
    #3 0x7f943126aa22 in gf_node_new scenegraph/base_scenegraph.c:2112
    #4 0x7f94319c6560 in xmt_parse_element scene_manager/loader_xmt.c:2036
    #5 0x7f94319cbae3 in xmt_node_start scene_manager/loader_xmt.c:2980
    #6 0x7f943119730c in xml_sax_node_start utils/xml_parser.c:308
    #7 0x7f943119c087 in xml_sax_parse_attribute utils/xml_parser.c:357
    #8 0x7f943119c087 in xml_sax_parse utils/xml_parser.c:940
    #9 0x7f9431197d60 in gf_xml_sax_parse_intern utils/xml_parser.c:1110
    #10 0x7f943119cda7 in gf_xml_sax_parse utils/xml_parser.c:1138
    #11 0x7f943119d103 in xml_sax_read_file utils/xml_parser.c:1225
    #12 0x7f943119dbb8 in gf_xml_sax_parse_file utils/xml_parser.c:1338
    #13 0x7f94319baa39 in load_xmt_run scene_manager/loader_xmt.c:3700
    #14 0x7f9432067443 in ctxload_process filters/load_bt_xmt.c:544
    #15 0x7f9431de0093 in gf_filter_process_task filter_core/filter.c:3257
    #16 0x7f9431db44c1 in gf_fs_thread_proc filter_core/filter_session.c:2420
    #17 0x7f9431db9582 in gf_fs_run filter_core/filter_session.c:2728
    #18 0x7f943187328a in gf_media_import media_tools/media_import.c:1639
    #19 0x56087f79d411 in import_file /run/media/user/8ed8205b-4114-4c2a-b2d0-e2ad6640262d/gpac/runtime/gpac_asan/applications/mp4box/fileimport.c:1733
    #20 0x56087f759fc9 in do_add_cat /run/media/user/8ed8205b-4114-4c2a-b2d0-e2ad6640262d/gpac/runtime/gpac_asan/applications/mp4box/mp4box.c:4633
    #21 0x56087f75c3f7 in mp4box_main /run/media/user/8ed8205b-4114-4c2a-b2d0-e2ad6640262d/gpac/runtime/gpac_asan/applications/mp4box/mp4box.c:6377
    #22 0x7f9430c33f76 in __libc_start_call_main ../sysdeps/nptl/libc_start_call_main.h:58
    #23 0x7f9430c34026 in __libc_start_main_impl ../csu/libc-start.c:360
    #24 0x56087f73c080 in _start (/run/media/user/8ed8205b-4114-4c2a-b2d0-e2ad6640262d/gpac/runtime/gpac_asan/bin/gcc/MP4Box+0x4d080) (BuildId: 1651312aefdad6adf454cb6d555ab16d3e0fe1b8)

Indirect leak of 64 byte(s) in 1 object(s) allocated from:
    #0 0x7f9432f2435f in malloc ../../../../src/libsanitizer/asan/asan_malloc_linux.cpp:67
    #1 0x7f943121975d in gf_path_new utils/path2d.c:35
    #2 0x7f9431ad9309 in drawable_new compositor/drawable.c:153
    #3 0x7f9431ada23e in drawable_stack_new compositor/drawable.c:276
    #4 0x7f9431b2f698 in compositor_init_indexed_line_set2d compositor/mpeg4_geometry_ils2d.c:315
    #5 0x7f9431c5c51a in gf_scene_on_node_init compositor/scene_node_init.c:286
    #6 0x7f9431c5c51a in gf_scene_on_node_init compositor/scene_node_init.c:206
    #7 0x7f9431c5c51a in gf_scene_node_callback compositor/scene_node_init.c:360
    #8 0x7f94319c6a44 in xmt_parse_element scene_manager/loader_xmt.c:2180
    #9 0x7f94319cbae3 in xmt_node_start scene_manager/loader_xmt.c:2980
    #10 0x7f943119730c in xml_sax_node_start utils/xml_parser.c:308
    #11 0x7f943119ba4c in xml_sax_parse_attribute utils/xml_parser.c:397
    #12 0x7f943119ba4c in xml_sax_parse utils/xml_parser.c:940
    #13 0x7f9431197d60 in gf_xml_sax_parse_intern utils/xml_parser.c:1110
    #14 0x7f943119cda7 in gf_xml_sax_parse utils/xml_parser.c:1138
    #15 0x7f943119d103 in xml_sax_read_file utils/xml_parser.c:1225
    #16 0x7f943119dbb8 in gf_xml_sax_parse_file utils/xml_parser.c:1338
    #17 0x7f94319baa39 in load_xmt_run scene_manager/loader_xmt.c:3700
    #18 0x7f9432067443 in ctxload_process filters/load_bt_xmt.c:544
    #19 0x7f9431de0093 in gf_filter_process_task filter_core/filter.c:3257
    #20 0x7f9431db44c1 in gf_fs_thread_proc filter_core/filter_session.c:2420
    #21 0x7f9431db9582 in gf_fs_run filter_core/filter_session.c:2728
    #22 0x7f943187328a in gf_media_import media_tools/media_import.c:1639
    #23 0x56087f79d411 in import_file /run/media/user/8ed8205b-4114-4c2a-b2d0-e2ad6640262d/gpac/runtime/gpac_asan/applications/mp4box/fileimport.c:1733
    #24 0x56087f759fc9 in do_add_cat /run/media/user/8ed8205b-4114-4c2a-b2d0-e2ad6640262d/gpac/runtime/gpac_asan/applications/mp4box/mp4box.c:4633
    #25 0x56087f75c3f7 in mp4box_main /run/media/user/8ed8205b-4114-4c2a-b2d0-e2ad6640262d/gpac/runtime/gpac_asan/applications/mp4box/mp4box.c:6377
    #26 0x7f9430c33f76 in __libc_start_call_main ../sysdeps/nptl/libc_start_call_main.h:58
    #27 0x7f9430c34026 in __libc_start_main_impl ../csu/libc-start.c:360
    #28 0x56087f73c080 in _start (/run/media/user/8ed8205b-4114-4c2a-b2d0-e2ad6640262d/gpac/runtime/gpac_asan/bin/gcc/MP4Box+0x4d080) (BuildId: 1651312aefdad6adf454cb6d555ab16d3e0fe1b8)

Indirect leak of 64 byte(s) in 1 object(s) allocated from:
    #0 0x7f9432f2435f in malloc ../../../../src/libsanitizer/asan/asan_malloc_linux.cpp:67
    #1 0x7f9431265ded in gf_node_setup scenegraph/base_scenegraph.c:1319
    #2 0x7f94312e202b in IndexedLineSet2D_Create scenegraph/mpeg4_nodes.c:8444
    #3 0x7f94312e202b in gf_sg_mpeg4_node_new scenegraph/mpeg4_nodes.c:36808
    #4 0x7f943126aa22 in gf_node_new scenegraph/base_scenegraph.c:2112
    #5 0x7f94319c6560 in xmt_parse_element scene_manager/loader_xmt.c:2036
    #6 0x7f94319cbae3 in xmt_node_start scene_manager/loader_xmt.c:2980
    #7 0x7f943119730c in xml_sax_node_start utils/xml_parser.c:308
    #8 0x7f943119ba4c in xml_sax_parse_attribute utils/xml_parser.c:397
    #9 0x7f943119ba4c in xml_sax_parse utils/xml_parser.c:940
    #10 0x7f9431197d60 in gf_xml_sax_parse_intern utils/xml_parser.c:1110
    #11 0x7f943119cda7 in gf_xml_sax_parse utils/xml_parser.c:1138
    #12 0x7f943119d103 in xml_sax_read_file utils/xml_parser.c:1225
    #13 0x7f943119dbb8 in gf_xml_sax_parse_file utils/xml_parser.c:1338
    #14 0x7f94319baa39 in load_xmt_run scene_manager/loader_xmt.c:3700
    #15 0x7f9432067443 in ctxload_process filters/load_bt_xmt.c:544
    #16 0x7f9431de0093 in gf_filter_process_task filter_core/filter.c:3257
    #17 0x7f9431db44c1 in gf_fs_thread_proc filter_core/filter_session.c:2420
    #18 0x7f9431db9582 in gf_fs_run filter_core/filter_session.c:2728
    #19 0x7f943187328a in gf_media_import media_tools/media_import.c:1639
    #20 0x56087f79d411 in import_file /run/media/user/8ed8205b-4114-4c2a-b2d0-e2ad6640262d/gpac/runtime/gpac_asan/applications/mp4box/fileimport.c:1733
    #21 0x56087f759fc9 in do_add_cat /run/media/user/8ed8205b-4114-4c2a-b2d0-e2ad6640262d/gpac/runtime/gpac_asan/applications/mp4box/mp4box.c:4633
    #22 0x56087f75c3f7 in mp4box_main /run/media/user/8ed8205b-4114-4c2a-b2d0-e2ad6640262d/gpac/runtime/gpac_asan/applications/mp4box/mp4box.c:6377
    #23 0x7f9430c33f76 in __libc_start_call_main ../sysdeps/nptl/libc_start_call_main.h:58
    #24 0x7f9430c34026 in __libc_start_main_impl ../csu/libc-start.c:360
    #25 0x56087f73c080 in _start (/run/media/user/8ed8205b-4114-4c2a-b2d0-e2ad6640262d/gpac/runtime/gpac_asan/bin/gcc/MP4Box+0x4d080) (BuildId: 1651312aefdad6adf454cb6d555ab16d3e0fe1b8)

Indirect leak of 64 byte(s) in 1 object(s) allocated from:
    #0 0x7f9432f2435f in malloc ../../../../src/libsanitizer/asan/asan_malloc_linux.cpp:67
    #1 0x7f9431265ded in gf_node_setup scenegraph/base_scenegraph.c:1319
    #2 0x7f94312e0874 in PixelTexture_Create scenegraph/mpeg4_nodes.c:10692
    #3 0x7f94312e0874 in gf_sg_mpeg4_node_new scenegraph/mpeg4_nodes.c:36840
    #4 0x7f943126aa22 in gf_node_new scenegraph/base_scenegraph.c:2112
    #5 0x7f94319c6560 in xmt_parse_element scene_manager/loader_xmt.c:2036
    #6 0x7f94319cbae3 in xmt_node_start scene_manager/loader_xmt.c:2980
    #7 0x7f943119730c in xml_sax_node_start utils/xml_parser.c:308
    #8 0x7f943119c087 in xml_sax_parse_attribute utils/xml_parser.c:357
    #9 0x7f943119c087 in xml_sax_parse utils/xml_parser.c:940
    #10 0x7f9431197d60 in gf_xml_sax_parse_intern utils/xml_parser.c:1110
    #11 0x7f943119cda7 in gf_xml_sax_parse utils/xml_parser.c:1138
    #12 0x7f943119d103 in xml_sax_read_file utils/xml_parser.c:1225
    #13 0x7f943119dbb8 in gf_xml_sax_parse_file utils/xml_parser.c:1338
    #14 0x7f94319baa39 in load_xmt_run scene_manager/loader_xmt.c:3700
    #15 0x7f9432067443 in ctxload_process filters/load_bt_xmt.c:544
    #16 0x7f9431de0093 in gf_filter_process_task filter_core/filter.c:3257
    #17 0x7f9431db44c1 in gf_fs_thread_proc filter_core/filter_session.c:2420
    #18 0x7f9431db9582 in gf_fs_run filter_core/filter_session.c:2728
    #19 0x7f943187328a in gf_media_import media_tools/media_import.c:1639
    #20 0x56087f79d411 in import_file /run/media/user/8ed8205b-4114-4c2a-b2d0-e2ad6640262d/gpac/runtime/gpac_asan/applications/mp4box/fileimport.c:1733
    #21 0x56087f759fc9 in do_add_cat /run/media/user/8ed8205b-4114-4c2a-b2d0-e2ad6640262d/gpac/runtime/gpac_asan/applications/mp4box/mp4box.c:4633
    #22 0x56087f75c3f7 in mp4box_main /run/media/user/8ed8205b-4114-4c2a-b2d0-e2ad6640262d/gpac/runtime/gpac_asan/applications/mp4box/mp4box.c:6377
    #23 0x7f9430c33f76 in __libc_start_call_main ../sysdeps/nptl/libc_start_call_main.h:58
    #24 0x7f9430c34026 in __libc_start_main_impl ../csu/libc-start.c:360
    #25 0x56087f73c080 in _start (/run/media/user/8ed8205b-4114-4c2a-b2d0-e2ad6640262d/gpac/runtime/gpac_asan/bin/gcc/MP4Box+0x4d080) (BuildId: 1651312aefdad6adf454cb6d555ab16d3e0fe1b8)

Indirect leak of 64 byte(s) in 1 object(s) allocated from:
    #0 0x7f9432f2435f in malloc ../../../../src/libsanitizer/asan/asan_malloc_linux.cpp:67
    #1 0x7f9431265ded in gf_node_setup scenegraph/base_scenegraph.c:1319
    #2 0x7f94312e0fbe in Curve2D_Create scenegraph/mpeg4_nodes.c:3883
    #3 0x7f94312e0fbe in gf_sg_mpeg4_node_new scenegraph/mpeg4_nodes.c:36762
    #4 0x7f943126aa22 in gf_node_new scenegraph/base_scenegraph.c:2112
    #5 0x7f94319c6560 in xmt_parse_element scene_manager/loader_xmt.c:2036
    #6 0x7f94319cbae3 in xmt_node_start scene_manager/loader_xmt.c:2980
    #7 0x7f943119730c in xml_sax_node_start utils/xml_parser.c:308
    #8 0x7f943119ba4c in xml_sax_parse_attribute utils/xml_parser.c:397
    #9 0x7f943119ba4c in xml_sax_parse utils/xml_parser.c:940
    #10 0x7f9431197d60 in gf_xml_sax_parse_intern utils/xml_parser.c:1110
    #11 0x7f943119cda7 in gf_xml_sax_parse utils/xml_parser.c:1138
    #12 0x7f943119d103 in xml_sax_read_file utils/xml_parser.c:1225
    #13 0x7f943119dbb8 in gf_xml_sax_parse_file utils/xml_parser.c:1338
    #14 0x7f94319baa39 in load_xmt_run scene_manager/loader_xmt.c:3700
    #15 0x7f9432067443 in ctxload_process filters/load_bt_xmt.c:544
    #16 0x7f9431de0093 in gf_filter_process_task filter_core/filter.c:3257
    #17 0x7f9431db44c1 in gf_fs_thread_proc filter_core/filter_session.c:2420
    #18 0x7f9431db9582 in gf_fs_run filter_core/filter_session.c:2728
    #19 0x7f943187328a in gf_media_import media_tools/media_import.c:1639
    #20 0x56087f79d411 in import_file /run/media/user/8ed8205b-4114-4c2a-b2d0-e2ad6640262d/gpac/runtime/gpac_asan/applications/mp4box/fileimport.c:1733
    #21 0x56087f759fc9 in do_add_cat /run/media/user/8ed8205b-4114-4c2a-b2d0-e2ad6640262d/gpac/runtime/gpac_asan/applications/mp4box/mp4box.c:4633
    #22 0x56087f75c3f7 in mp4box_main /run/media/user/8ed8205b-4114-4c2a-b2d0-e2ad6640262d/gpac/runtime/gpac_asan/applications/mp4box/mp4box.c:6377
    #23 0x7f9430c33f76 in __libc_start_call_main ../sysdeps/nptl/libc_start_call_main.h:58
    #24 0x7f9430c34026 in __libc_start_main_impl ../csu/libc-start.c:360
    #25 0x56087f73c080 in _start (/run/media/user/8ed8205b-4114-4c2a-b2d0-e2ad6640262d/gpac/runtime/gpac_asan/bin/gcc/MP4Box+0x4d080) (BuildId: 1651312aefdad6adf454cb6d555ab16d3e0fe1b8)

Indirect leak of 64 byte(s) in 1 object(s) allocated from:
    #0 0x7f9432f2435f in malloc ../../../../src/libsanitizer/asan/asan_malloc_linux.cpp:67
    #1 0x7f9431b3a68d in compositor_init_transformmatrix2d compositor/mpeg4_grouping_2d.c:281
    #2 0x7f9431c5c51a in gf_scene_on_node_init compositor/scene_node_init.c:286
    #3 0x7f9431c5c51a in gf_scene_on_node_init compositor/scene_node_init.c:206
    #4 0x7f9431c5c51a in gf_scene_node_callback compositor/scene_node_init.c:360
    #5 0x7f94319c6a44 in xmt_parse_element scene_manager/loader_xmt.c:2180
    #6 0x7f94319cbae3 in xmt_node_start scene_manager/loader_xmt.c:2980
    #7 0x7f943119730c in xml_sax_node_start utils/xml_parser.c:308
    #8 0x7f943119ae3f in xml_sax_parse utils/xml_parser.c:863
    #9 0x7f9431197d60 in gf_xml_sax_parse_intern utils/xml_parser.c:1110
    #10 0x7f943119cda7 in gf_xml_sax_parse utils/xml_parser.c:1138
    #11 0x7f943119d103 in xml_sax_read_file utils/xml_parser.c:1225
    #12 0x7f943119dbb8 in gf_xml_sax_parse_file utils/xml_parser.c:1338
    #13 0x7f94319baa39 in load_xmt_run scene_manager/loader_xmt.c:3700
    #14 0x7f9432067443 in ctxload_process filters/load_bt_xmt.c:544
    #15 0x7f9431de0093 in gf_filter_process_task filter_core/filter.c:3257
    #16 0x7f9431db44c1 in gf_fs_thread_proc filter_core/filter_session.c:2420
    #17 0x7f9431db9582 in gf_fs_run filter_core/filter_session.c:2728
    #18 0x7f943187328a in gf_media_import media_tools/media_import.c:1639
    #19 0x56087f79d411 in import_file /run/media/user/8ed8205b-4114-4c2a-b2d0-e2ad6640262d/gpac/runtime/gpac_asan/applications/mp4box/fileimport.c:1733
    #20 0x56087f759fc9 in do_add_cat /run/media/user/8ed8205b-4114-4c2a-b2d0-e2ad6640262d/gpac/runtime/gpac_asan/applications/mp4box/mp4box.c:4633
    #21 0x56087f75c3f7 in mp4box_main /run/media/user/8ed8205b-4114-4c2a-b2d0-e2ad6640262d/gpac/runtime/gpac_asan/applications/mp4box/mp4box.c:6377
    #22 0x7f9430c33f76 in __libc_start_call_main ../sysdeps/nptl/libc_start_call_main.h:58
    #23 0x7f9430c34026 in __libc_start_main_impl ../csu/libc-start.c:360
    #24 0x56087f73c080 in _start (/run/media/user/8ed8205b-4114-4c2a-b2d0-e2ad6640262d/gpac/runtime/gpac_asan/bin/gcc/MP4Box+0x4d080) (BuildId: 1651312aefdad6adf454cb6d555ab16d3e0fe1b8)

Indirect leak of 64 byte(s) in 1 object(s) allocated from:
    #0 0x7f9432f2435f in malloc ../../../../src/libsanitizer/asan/asan_malloc_linux.cpp:67
    #1 0x7f9431265ded in gf_node_setup scenegraph/base_scenegraph.c:1319
    #2 0x7f94312e09ea in MovieTexture_Create scenegraph/mpeg4_nodes.c:9944
    #3 0x7f94312e09ea in gf_sg_mpeg4_node_new scenegraph/mpeg4_nodes.c:36828
    #4 0x7f943126aa22 in gf_node_new scenegraph/base_scenegraph.c:2112
    #5 0x7f94319c6560 in xmt_parse_element scene_manager/loader_xmt.c:2036
    #6 0x7f94319cbae3 in xmt_node_start scene_manager/loader_xmt.c:2980
    #7 0x7f943119730c in xml_sax_node_start utils/xml_parser.c:308
    #8 0x7f943119c087 in xml_sax_parse_attribute utils/xml_parser.c:357
    #9 0x7f943119c087 in xml_sax_parse utils/xml_parser.c:940
    #10 0x7f9431197d60 in gf_xml_sax_parse_intern utils/xml_parser.c:1110
    #11 0x7f943119cda7 in gf_xml_sax_parse utils/xml_parser.c:1138
    #12 0x7f943119d103 in xml_sax_read_file utils/xml_parser.c:1225
    #13 0x7f943119dbb8 in gf_xml_sax_parse_file utils/xml_parser.c:1338
    #14 0x7f94319baa39 in load_xmt_run scene_manager/loader_xmt.c:3700
    #15 0x7f9432067443 in ctxload_process filters/load_bt_xmt.c:544
    #16 0x7f9431de0093 in gf_filter_process_task filter_core/filter.c:3257
    #17 0x7f9431db44c1 in gf_fs_thread_proc filter_core/filter_session.c:2420
    #18 0x7f9431db9582 in gf_fs_run filter_core/filter_session.c:2728
    #19 0x7f943187328a in gf_media_import media_tools/media_import.c:1639
    #20 0x56087f79d411 in import_file /run/media/user/8ed8205b-4114-4c2a-b2d0-e2ad6640262d/gpac/runtime/gpac_asan/applications/mp4box/fileimport.c:1733
    #21 0x56087f759fc9 in do_add_cat /run/media/user/8ed8205b-4114-4c2a-b2d0-e2ad6640262d/gpac/runtime/gpac_asan/applications/mp4box/mp4box.c:4633
    #22 0x56087f75c3f7 in mp4box_main /run/media/user/8ed8205b-4114-4c2a-b2d0-e2ad6640262d/gpac/runtime/gpac_asan/applications/mp4box/mp4box.c:6377
    #23 0x7f9430c33f76 in __libc_start_call_main ../sysdeps/nptl/libc_start_call_main.h:58
    #24 0x7f9430c34026 in __libc_start_main_impl ../csu/libc-start.c:360
    #25 0x56087f73c080 in _start (/run/media/user/8ed8205b-4114-4c2a-b2d0-e2ad6640262d/gpac/runtime/gpac_asan/bin/gcc/MP4Box+0x4d080) (BuildId: 1651312aefdad6adf454cb6d555ab16d3e0fe1b8)

Indirect leak of 64 byte(s) in 1 object(s) allocated from:
    #0 0x7f9432f2435f in malloc ../../../../src/libsanitizer/asan/asan_malloc_linux.cpp:67
    #1 0x7f9431265ded in gf_node_setup scenegraph/base_scenegraph.c:1319
    #2 0x7f94312e149b in Circle_Create scenegraph/mpeg4_nodes.c:2363
    #3 0x7f94312e149b in gf_sg_mpeg4_node_new scenegraph/mpeg4_nodes.c:36738
    #4 0x7f943126aa22 in gf_node_new scenegraph/base_scenegraph.c:2112
    #5 0x7f94319c6560 in xmt_parse_element scene_manager/loader_xmt.c:2036
    #6 0x7f94319cbae3 in xmt_node_start scene_manager/loader_xmt.c:2980
    #7 0x7f943119730c in xml_sax_node_start utils/xml_parser.c:308
    #8 0x7f943119c087 in xml_sax_parse_attribute utils/xml_parser.c:357
    #9 0x7f943119c087 in xml_sax_parse utils/xml_parser.c:940
    #10 0x7f9431197d60 in gf_xml_sax_parse_intern utils/xml_parser.c:1110
    #11 0x7f943119cda7 in gf_xml_sax_parse utils/xml_parser.c:1138
    #12 0x7f943119d103 in xml_sax_read_file utils/xml_parser.c:1225
    #13 0x7f943119dbb8 in gf_xml_sax_parse_file utils/xml_parser.c:1338
    #14 0x7f94319baa39 in load_xmt_run scene_manager/loader_xmt.c:3700
    #15 0x7f9432067443 in ctxload_process filters/load_bt_xmt.c:544
    #16 0x7f9431de0093 in gf_filter_process_task filter_core/filter.c:3257
    #17 0x7f9431db44c1 in gf_fs_thread_proc filter_core/filter_session.c:2420
    #18 0x7f9431db9582 in gf_fs_run filter_core/filter_session.c:2728
    #19 0x7f943187328a in gf_media_import media_tools/media_import.c:1639
    #20 0x56087f79d411 in import_file /run/media/user/8ed8205b-4114-4c2a-b2d0-e2ad6640262d/gpac/runtime/gpac_asan/applications/mp4box/fileimport.c:1733
    #21 0x56087f759fc9 in do_add_cat /run/media/user/8ed8205b-4114-4c2a-b2d0-e2ad6640262d/gpac/runtime/gpac_asan/applications/mp4box/mp4box.c:4633
    #22 0x56087f75c3f7 in mp4box_main /run/media/user/8ed8205b-4114-4c2a-b2d0-e2ad6640262d/gpac/runtime/gpac_asan/applications/mp4box/mp4box.c:6377
    #23 0x7f9430c33f76 in __libc_start_call_main ../sysdeps/nptl/libc_start_call_main.h:58
    #24 0x7f9430c34026 in __libc_start_main_impl ../csu/libc-start.c:360
    #25 0x56087f73c080 in _start (/run/media/user/8ed8205b-4114-4c2a-b2d0-e2ad6640262d/gpac/runtime/gpac_asan/bin/gcc/MP4Box+0x4d080) (BuildId: 1651312aefdad6adf454cb6d555ab16d3e0fe1b8)

Indirect leak of 64 byte(s) in 2 object(s) allocated from:
    #0 0x7f9432f2435f in malloc ../../../../src/libsanitizer/asan/asan_malloc_linux.cpp:67
    #1 0x7f9431b5eeb2 in compositor_init_sound2d compositor/mpeg4_sound.c:84
    #2 0x7f9431c5c51a in gf_scene_on_node_init compositor/scene_node_init.c:286
    #3 0x7f9431c5c51a in gf_scene_on_node_init compositor/scene_node_init.c:206
    #4 0x7f9431c5c51a in gf_scene_node_callback compositor/scene_node_init.c:360
    #5 0x7f94319c6a44 in xmt_parse_element scene_manager/loader_xmt.c:2180
    #6 0x7f94319cbae3 in xmt_node_start scene_manager/loader_xmt.c:2980
    #7 0x7f943119730c in xml_sax_node_start utils/xml_parser.c:308
    #8 0x7f943119ba4c in xml_sax_parse_attribute utils/xml_parser.c:397
    #9 0x7f943119ba4c in xml_sax_parse utils/xml_parser.c:940
    #10 0x7f9431197d60 in gf_xml_sax_parse_intern utils/xml_parser.c:1110
    #11 0x7f943119cda7 in gf_xml_sax_parse utils/xml_parser.c:1138
    #12 0x7f943119d103 in xml_sax_read_file utils/xml_parser.c:1225
    #13 0x7f943119dbb8 in gf_xml_sax_parse_file utils/xml_parser.c:1338
    #14 0x7f94319baa39 in load_xmt_run scene_manager/loader_xmt.c:3700
    #15 0x7f9432067443 in ctxload_process filters/load_bt_xmt.c:544
    #16 0x7f9431de0093 in gf_filter_process_task filter_core/filter.c:3257
    #17 0x7f9431db44c1 in gf_fs_thread_proc filter_core/filter_session.c:2420
    #18 0x7f9431db9582 in gf_fs_run filter_core/filter_session.c:2728
    #19 0x7f943187328a in gf_media_import media_tools/media_import.c:1639
    #20 0x56087f79d411 in import_file /run/media/user/8ed8205b-4114-4c2a-b2d0-e2ad6640262d/gpac/runtime/gpac_asan/applications/mp4box/fileimport.c:1733
    #21 0x56087f759fc9 in do_add_cat /run/media/user/8ed8205b-4114-4c2a-b2d0-e2ad6640262d/gpac/runtime/gpac_asan/applications/mp4box/mp4box.c:4633
    #22 0x56087f75c3f7 in mp4box_main /run/media/user/8ed8205b-4114-4c2a-b2d0-e2ad6640262d/gpac/runtime/gpac_asan/applications/mp4box/mp4box.c:6377
    #23 0x7f9430c33f76 in __libc_start_call_main ../sysdeps/nptl/libc_start_call_main.h:58
    #24 0x7f9430c34026 in __libc_start_main_impl ../csu/libc-start.c:360
    #25 0x56087f73c080 in _start (/run/media/user/8ed8205b-4114-4c2a-b2d0-e2ad6640262d/gpac/runtime/gpac_asan/bin/gcc/MP4Box+0x4d080) (BuildId: 1651312aefdad6adf454cb6d555ab16d3e0fe1b8)

Indirect leak of 64 byte(s) in 1 object(s) allocated from:
    #0 0x7f9432f2435f in malloc ../../../../src/libsanitizer/asan/asan_malloc_linux.cpp:67
    #1 0x7f9431265ded in gf_node_setup scenegraph/base_scenegraph.c:1319
    #2 0x7f94312dfc4e in TextureTransform_Create scenegraph/mpeg4_nodes.c:14345
    #3 0x7f94312dfc4e in gf_sg_mpeg4_node_new scenegraph/mpeg4_nodes.c:36888
    #4 0x7f943126aa22 in gf_node_new scenegraph/base_scenegraph.c:2112
    #5 0x7f94319c6560 in xmt_parse_element scene_manager/loader_xmt.c:2036
    #6 0x7f94319cbae3 in xmt_node_start scene_manager/loader_xmt.c:2980
    #7 0x7f943119730c in xml_sax_node_start utils/xml_parser.c:308
    #8 0x7f943119c087 in xml_sax_parse_attribute utils/xml_parser.c:357
    #9 0x7f943119c087 in xml_sax_parse utils/xml_parser.c:940
    #10 0x7f9431197d60 in gf_xml_sax_parse_intern utils/xml_parser.c:1110
    #11 0x7f943119cda7 in gf_xml_sax_parse utils/xml_parser.c:1138
    #12 0x7f943119d103 in xml_sax_read_file utils/xml_parser.c:1225
    #13 0x7f943119dbb8 in gf_xml_sax_parse_file utils/xml_parser.c:1338
    #14 0x7f94319baa39 in load_xmt_run scene_manager/loader_xmt.c:3700
    #15 0x7f9432067443 in ctxload_process filters/load_bt_xmt.c:544
    #16 0x7f9431de0093 in gf_filter_process_task filter_core/filter.c:3257
    #17 0x7f9431db44c1 in gf_fs_thread_proc filter_core/filter_session.c:2420
    #18 0x7f9431db9582 in gf_fs_run filter_core/filter_session.c:2728
    #19 0x7f943187328a in gf_media_import media_tools/media_import.c:1639
    #20 0x56087f79d411 in import_file /run/media/user/8ed8205b-4114-4c2a-b2d0-e2ad6640262d/gpac/runtime/gpac_asan/applications/mp4box/fileimport.c:1733
    #21 0x56087f759fc9 in do_add_cat /run/media/user/8ed8205b-4114-4c2a-b2d0-e2ad6640262d/gpac/runtime/gpac_asan/applications/mp4box/mp4box.c:4633
    #22 0x56087f75c3f7 in mp4box_main /run/media/user/8ed8205b-4114-4c2a-b2d0-e2ad6640262d/gpac/runtime/gpac_asan/applications/mp4box/mp4box.c:6377
    #23 0x7f9430c33f76 in __libc_start_call_main ../sysdeps/nptl/libc_start_call_main.h:58
    #24 0x7f9430c34026 in __libc_start_main_impl ../csu/libc-start.c:360
    #25 0x56087f73c080 in _start (/run/media/user/8ed8205b-4114-4c2a-b2d0-e2ad6640262d/gpac/runtime/gpac_asan/bin/gcc/MP4Box+0x4d080) (BuildId: 1651312aefdad6adf454cb6d555ab16d3e0fe1b8)

Indirect leak of 64 byte(s) in 1 object(s) allocated from:
    #0 0x7f9432f2435f in malloc ../../../../src/libsanitizer/asan/asan_malloc_linux.cpp:67
    #1 0x7f9431265ded in gf_node_setup scenegraph/base_scenegraph.c:1319
    #2 0x7f94312e1d87 in ImageTexture_Create scenegraph/mpeg4_nodes.c:7681
    #3 0x7f94312e1d87 in gf_sg_mpeg4_node_new scenegraph/mpeg4_nodes.c:36800
    #4 0x7f943126aa22 in gf_node_new scenegraph/base_scenegraph.c:2112
    #5 0x7f94319c6560 in xmt_parse_element scene_manager/loader_xmt.c:2036
    #6 0x7f94319cbae3 in xmt_node_start scene_manager/loader_xmt.c:2980
    #7 0x7f943119730c in xml_sax_node_start utils/xml_parser.c:308
    #8 0x7f943119ae3f in xml_sax_parse utils/xml_parser.c:863
    #9 0x7f9431197d60 in gf_xml_sax_parse_intern utils/xml_parser.c:1110
    #10 0x7f943119cda7 in gf_xml_sax_parse utils/xml_parser.c:1138
    #11 0x7f943119d103 in xml_sax_read_file utils/xml_parser.c:1225
    #12 0x7f943119dbb8 in gf_xml_sax_parse_file utils/xml_parser.c:1338
    #13 0x7f94319baa39 in load_xmt_run scene_manager/loader_xmt.c:3700
    #14 0x7f9432067443 in ctxload_process filters/load_bt_xmt.c:544
    #15 0x7f9431de0093 in gf_filter_process_task filter_core/filter.c:3257
    #16 0x7f9431db44c1 in gf_fs_thread_proc filter_core/filter_session.c:2420
    #17 0x7f9431db9582 in gf_fs_run filter_core/filter_session.c:2728
    #18 0x7f943187328a in gf_media_import media_tools/media_import.c:1639
    #19 0x56087f79d411 in import_file /run/media/user/8ed8205b-4114-4c2a-b2d0-e2ad6640262d/gpac/runtime/gpac_asan/applications/mp4box/fileimport.c:1733
    #20 0x56087f759fc9 in do_add_cat /run/media/user/8ed8205b-4114-4c2a-b2d0-e2ad6640262d/gpac/runtime/gpac_asan/applications/mp4box/mp4box.c:4633
    #21 0x56087f75c3f7 in mp4box_main /run/media/user/8ed8205b-4114-4c2a-b2d0-e2ad6640262d/gpac/runtime/gpac_asan/applications/mp4box/mp4box.c:6377
    #22 0x7f9430c33f76 in __libc_start_call_main ../sysdeps/nptl/libc_start_call_main.h:58
    #23 0x7f9430c34026 in __libc_start_main_impl ../csu/libc-start.c:360
    #24 0x56087f73c080 in _start (/run/media/user/8ed8205b-4114-4c2a-b2d0-e2ad6640262d/gpac/runtime/gpac_asan/bin/gcc/MP4Box+0x4d080) (BuildId: 1651312aefdad6adf454cb6d555ab16d3e0fe1b8)

Indirect leak of 64 byte(s) in 4 object(s) allocated from:
    #0 0x7f9432f2435f in malloc ../../../../src/libsanitizer/asan/asan_malloc_linux.cpp:67
    #1 0x7f9431160b1d in gf_list_new utils/list.c:612
    #2 0x7f9431b67a21 in compositor_init_text compositor/mpeg4_text.c:729
    #3 0x7f9431c5c51a in gf_scene_on_node_init compositor/scene_node_init.c:286
    #4 0x7f9431c5c51a in gf_scene_on_node_init compositor/scene_node_init.c:206
    #5 0x7f9431c5c51a in gf_scene_node_callback compositor/scene_node_init.c:360
    #6 0x7f94319c6a44 in xmt_parse_element scene_manager/loader_xmt.c:2180
    #7 0x7f94319cbae3 in xmt_node_start scene_manager/loader_xmt.c:2980
    #8 0x7f943119730c in xml_sax_node_start utils/xml_parser.c:308
    #9 0x7f943119ba4c in xml_sax_parse_attribute utils/xml_parser.c:397
    #10 0x7f943119ba4c in xml_sax_parse utils/xml_parser.c:940
    #11 0x7f943119796e in gf_xml_sax_parse_intern utils/xml_parser.c:1084
    #12 0x7f943119cda7 in gf_xml_sax_parse utils/xml_parser.c:1138
    #13 0x7f943119d103 in xml_sax_read_file utils/xml_parser.c:1225
    #14 0x7f943119dbb8 in gf_xml_sax_parse_file utils/xml_parser.c:1338
    #15 0x7f94319baa39 in load_xmt_run scene_manager/loader_xmt.c:3700
    #16 0x7f9432067443 in ctxload_process filters/load_bt_xmt.c:544
    #17 0x7f9431de0093 in gf_filter_process_task filter_core/filter.c:3257
    #18 0x7f9431db44c1 in gf_fs_thread_proc filter_core/filter_session.c:2420
    #19 0x7f9431db9582 in gf_fs_run filter_core/filter_session.c:2728
    #20 0x7f943187328a in gf_media_import media_tools/media_import.c:1639
    #21 0x56087f79d411 in import_file /run/media/user/8ed8205b-4114-4c2a-b2d0-e2ad6640262d/gpac/runtime/gpac_asan/applications/mp4box/fileimport.c:1733
    #22 0x56087f759fc9 in do_add_cat /run/media/user/8ed8205b-4114-4c2a-b2d0-e2ad6640262d/gpac/runtime/gpac_asan/applications/mp4box/mp4box.c:4633
    #23 0x56087f75c3f7 in mp4box_main /run/media/user/8ed8205b-4114-4c2a-b2d0-e2ad6640262d/gpac/runtime/gpac_asan/applications/mp4box/mp4box.c:6377
    #24 0x7f9430c33f76 in __libc_start_call_main ../sysdeps/nptl/libc_start_call_main.h:58
    #25 0x7f9430c34026 in __libc_start_main_impl ../csu/libc-start.c:360
    #26 0x56087f73c080 in _start (/run/media/user/8ed8205b-4114-4c2a-b2d0-e2ad6640262d/gpac/runtime/gpac_asan/bin/gcc/MP4Box+0x4d080) (BuildId: 1651312aefdad6adf454cb6d555ab16d3e0fe1b8)

Indirect leak of 64 byte(s) in 1 object(s) allocated from:
    #0 0x7f9432f2435f in malloc ../../../../src/libsanitizer/asan/asan_malloc_linux.cpp:67
    #1 0x7f9431265ded in gf_node_setup scenegraph/base_scenegraph.c:1319
    #2 0x7f94312dfafc in TimeSensor_Create scenegraph/mpeg4_nodes.c:14496
    #3 0x7f94312dfafc in gf_sg_mpeg4_node_new scenegraph/mpeg4_nodes.c:36890
    #4 0x7f943126aa22 in gf_node_new scenegraph/base_scenegraph.c:2112
    #5 0x7f94319c6560 in xmt_parse_element scene_manager/loader_xmt.c:2036
    #6 0x7f94319cbae3 in xmt_node_start scene_manager/loader_xmt.c:2980
    #7 0x7f943119730c in xml_sax_node_start utils/xml_parser.c:308
    #8 0x7f943119ae3f in xml_sax_parse utils/xml_parser.c:863
    #9 0x7f9431197d60 in gf_xml_sax_parse_intern utils/xml_parser.c:1110
    #10 0x7f943119cda7 in gf_xml_sax_parse utils/xml_parser.c:1138
    #11 0x7f943119d103 in xml_sax_read_file utils/xml_parser.c:1225
    #12 0x7f943119dbb8 in gf_xml_sax_parse_file utils/xml_parser.c:1338
    #13 0x7f94319baa39 in load_xmt_run scene_manager/loader_xmt.c:3700
    #14 0x7f9432067443 in ctxload_process filters/load_bt_xmt.c:544
    #15 0x7f9431de0093 in gf_filter_process_task filter_core/filter.c:3257
    #16 0x7f9431db44c1 in gf_fs_thread_proc filter_core/filter_session.c:2420
    #17 0x7f9431db9582 in gf_fs_run filter_core/filter_session.c:2728
    #18 0x7f943187328a in gf_media_import media_tools/media_import.c:1639
    #19 0x56087f79d411 in import_file /run/media/user/8ed8205b-4114-4c2a-b2d0-e2ad6640262d/gpac/runtime/gpac_asan/applications/mp4box/fileimport.c:1733
    #20 0x56087f759fc9 in do_add_cat /run/media/user/8ed8205b-4114-4c2a-b2d0-e2ad6640262d/gpac/runtime/gpac_asan/applications/mp4box/mp4box.c:4633
    #21 0x56087f75c3f7 in mp4box_main /run/media/user/8ed8205b-4114-4c2a-b2d0-e2ad6640262d/gpac/runtime/gpac_asan/applications/mp4box/mp4box.c:6377
    #22 0x7f9430c33f76 in __libc_start_call_main ../sysdeps/nptl/libc_start_call_main.h:58
    #23 0x7f9430c34026 in __libc_start_main_impl ../csu/libc-start.c:360
    #24 0x56087f73c080 in _start (/run/media/user/8ed8205b-4114-4c2a-b2d0-e2ad6640262d/gpac/runtime/gpac_asan/bin/gcc/MP4Box+0x4d080) (BuildId: 1651312aefdad6adf454cb6d555ab16d3e0fe1b8)

Indirect leak of 64 byte(s) in 1 object(s) allocated from:
    #0 0x7f9432f2435f in malloc ../../../../src/libsanitizer/asan/asan_malloc_linux.cpp:67
    #1 0x7f94312dfad4 in TimeSensor_Create scenegraph/mpeg4_nodes.c:14494
    #2 0x7f94312dfad4 in gf_sg_mpeg4_node_new scenegraph/mpeg4_nodes.c:36890
    #3 0x7f943126aa22 in gf_node_new scenegraph/base_scenegraph.c:2112
    #4 0x7f94319c6560 in xmt_parse_element scene_manager/loader_xmt.c:2036
    #5 0x7f94319cbae3 in xmt_node_start scene_manager/loader_xmt.c:2980
    #6 0x7f943119730c in xml_sax_node_start utils/xml_parser.c:308
    #7 0x7f943119ae3f in xml_sax_parse utils/xml_parser.c:863
    #8 0x7f9431197d60 in gf_xml_sax_parse_intern utils/xml_parser.c:1110
    #9 0x7f943119cda7 in gf_xml_sax_parse utils/xml_parser.c:1138
    #10 0x7f943119d103 in xml_sax_read_file utils/xml_parser.c:1225
    #11 0x7f943119dbb8 in gf_xml_sax_parse_file utils/xml_parser.c:1338
    #12 0x7f94319baa39 in load_xmt_run scene_manager/loader_xmt.c:3700
    #13 0x7f9432067443 in ctxload_process filters/load_bt_xmt.c:544
    #14 0x7f9431de0093 in gf_filter_process_task filter_core/filter.c:3257
    #15 0x7f9431db44c1 in gf_fs_thread_proc filter_core/filter_session.c:2420
    #16 0x7f9431db9582 in gf_fs_run filter_core/filter_session.c:2728
    #17 0x7f943187328a in gf_media_import media_tools/media_import.c:1639
    #18 0x56087f79d411 in import_file /run/media/user/8ed8205b-4114-4c2a-b2d0-e2ad6640262d/gpac/runtime/gpac_asan/applications/mp4box/fileimport.c:1733
    #19 0x56087f759fc9 in do_add_cat /run/media/user/8ed8205b-4114-4c2a-b2d0-e2ad6640262d/gpac/runtime/gpac_asan/applications/mp4box/mp4box.c:4633
    #20 0x56087f75c3f7 in mp4box_main /run/media/user/8ed8205b-4114-4c2a-b2d0-e2ad6640262d/gpac/runtime/gpac_asan/applications/mp4box/mp4box.c:6377
    #21 0x7f9430c33f76 in __libc_start_call_main ../sysdeps/nptl/libc_start_call_main.h:58
    #22 0x7f9430c34026 in __libc_start_main_impl ../csu/libc-start.c:360
    #23 0x56087f73c080 in _start (/run/media/user/8ed8205b-4114-4c2a-b2d0-e2ad6640262d/gpac/runtime/gpac_asan/bin/gcc/MP4Box+0x4d080) (BuildId: 1651312aefdad6adf454cb6d555ab16d3e0fe1b8)

Indirect leak of 64 byte(s) in 1 object(s) allocated from:
    #0 0x7f9432f2435f in malloc ../../../../src/libsanitizer/asan/asan_malloc_linux.cpp:67
    #1 0x7f943121975d in gf_path_new utils/path2d.c:35
    #2 0x7f9431ad9309 in drawable_new compositor/drawable.c:153
    #3 0x7f9431ada23e in drawable_stack_new compositor/drawable.c:276
    #4 0x7f9431b213f8 in compositor_init_circle compositor/mpeg4_geometry_2d.c:208
    #5 0x7f9431c5c51a in gf_scene_on_node_init compositor/scene_node_init.c:286
    #6 0x7f9431c5c51a in gf_scene_on_node_init compositor/scene_node_init.c:206
    #7 0x7f9431c5c51a in gf_scene_node_callback compositor/scene_node_init.c:360
    #8 0x7f94319c6a44 in xmt_parse_element scene_manager/loader_xmt.c:2180
    #9 0x7f94319cbae3 in xmt_node_start scene_manager/loader_xmt.c:2980
    #10 0x7f943119730c in xml_sax_node_start utils/xml_parser.c:308
    #11 0x7f943119c087 in xml_sax_parse_attribute utils/xml_parser.c:357
    #12 0x7f943119c087 in xml_sax_parse utils/xml_parser.c:940
    #13 0x7f9431197d60 in gf_xml_sax_parse_intern utils/xml_parser.c:1110
    #14 0x7f943119cda7 in gf_xml_sax_parse utils/xml_parser.c:1138
    #15 0x7f943119d103 in xml_sax_read_file utils/xml_parser.c:1225
    #16 0x7f943119dbb8 in gf_xml_sax_parse_file utils/xml_parser.c:1338
    #17 0x7f94319baa39 in load_xmt_run scene_manager/loader_xmt.c:3700
    #18 0x7f9432067443 in ctxload_process filters/load_bt_xmt.c:544
    #19 0x7f9431de0093 in gf_filter_process_task filter_core/filter.c:3257
    #20 0x7f9431db44c1 in gf_fs_thread_proc filter_core/filter_session.c:2420
    #21 0x7f9431db9582 in gf_fs_run filter_core/filter_session.c:2728
    #22 0x7f943187328a in gf_media_import media_tools/media_import.c:1639
    #23 0x56087f79d411 in import_file /run/media/user/8ed8205b-4114-4c2a-b2d0-e2ad6640262d/gpac/runtime/gpac_asan/applications/mp4box/fileimport.c:1733
    #24 0x56087f759fc9 in do_add_cat /run/media/user/8ed8205b-4114-4c2a-b2d0-e2ad6640262d/gpac/runtime/gpac_asan/applications/mp4box/mp4box.c:4633
    #25 0x56087f75c3f7 in mp4box_main /run/media/user/8ed8205b-4114-4c2a-b2d0-e2ad6640262d/gpac/runtime/gpac_asan/applications/mp4box/mp4box.c:6377
    #26 0x7f9430c33f76 in __libc_start_call_main ../sysdeps/nptl/libc_start_call_main.h:58
    #27 0x7f9430c34026 in __libc_start_main_impl ../csu/libc-start.c:360
    #28 0x56087f73c080 in _start (/run/media/user/8ed8205b-4114-4c2a-b2d0-e2ad6640262d/gpac/runtime/gpac_asan/bin/gcc/MP4Box+0x4d080) (BuildId: 1651312aefdad6adf454cb6d555ab16d3e0fe1b8)

Indirect leak of 64 byte(s) in 1 object(s) allocated from:
    #0 0x7f9432f2435f in malloc ../../../../src/libsanitizer/asan/asan_malloc_linux.cpp:67
    #1 0x7f94311e60c4 in gf_mx_new utils/os_thread.c:531
    #2 0x7f9431a1c079 in gf_mixer_new compositor/audio_mixer.c:104
    #3 0x7f9431b07a3a in compositor_init_audiobuffer compositor/mpeg4_audio.c:620
    #4 0x7f9431c5c51a in gf_scene_on_node_init compositor/scene_node_init.c:286
    #5 0x7f9431c5c51a in gf_scene_on_node_init compositor/scene_node_init.c:206
    #6 0x7f9431c5c51a in gf_scene_node_callback compositor/scene_node_init.c:360
    #7 0x7f94319c6a44 in xmt_parse_element scene_manager/loader_xmt.c:2180
    #8 0x7f94319cbae3 in xmt_node_start scene_manager/loader_xmt.c:2980
    #9 0x7f943119730c in xml_sax_node_start utils/xml_parser.c:308
    #10 0x7f943119ae3f in xml_sax_parse utils/xml_parser.c:863
    #11 0x7f9431197d60 in gf_xml_sax_parse_intern utils/xml_parser.c:1110
    #12 0x7f943119cda7 in gf_xml_sax_parse utils/xml_parser.c:1138
    #13 0x7f943119d103 in xml_sax_read_file utils/xml_parser.c:1225
    #14 0x7f943119dbb8 in gf_xml_sax_parse_file utils/xml_parser.c:1338
    #15 0x7f94319baa39 in load_xmt_run scene_manager/loader_xmt.c:3700
    #16 0x7f9432067443 in ctxload_process filters/load_bt_xmt.c:544
    #17 0x7f9431de0093 in gf_filter_process_task filter_core/filter.c:3257
    #18 0x7f9431db44c1 in gf_fs_thread_proc filter_core/filter_session.c:2420
    #19 0x7f9431db9582 in gf_fs_run filter_core/filter_session.c:2728
    #20 0x7f943187328a in gf_media_import media_tools/media_import.c:1639
    #21 0x56087f79d411 in import_file /run/media/user/8ed8205b-4114-4c2a-b2d0-e2ad6640262d/gpac/runtime/gpac_asan/applications/mp4box/fileimport.c:1733
    #22 0x56087f759fc9 in do_add_cat /run/media/user/8ed8205b-4114-4c2a-b2d0-e2ad6640262d/gpac/runtime/gpac_asan/applications/mp4box/mp4box.c:4633
    #23 0x56087f75c3f7 in mp4box_main /run/media/user/8ed8205b-4114-4c2a-b2d0-e2ad6640262d/gpac/runtime/gpac_asan/applications/mp4box/mp4box.c:6377
    #24 0x7f9430c33f76 in __libc_start_call_main ../sysdeps/nptl/libc_start_call_main.h:58
    #25 0x7f9430c34026 in __libc_start_main_impl ../csu/libc-start.c:360
    #26 0x56087f73c080 in _start (/run/media/user/8ed8205b-4114-4c2a-b2d0-e2ad6640262d/gpac/runtime/gpac_asan/bin/gcc/MP4Box+0x4d080) (BuildId: 1651312aefdad6adf454cb6d555ab16d3e0fe1b8)

Indirect leak of 64 byte(s) in 1 object(s) allocated from:
    #0 0x7f9432f2435f in malloc ../../../../src/libsanitizer/asan/asan_malloc_linux.cpp:67
    #1 0x7f9431265ded in gf_node_setup scenegraph/base_scenegraph.c:1319
    #2 0x7f94312dd6d6 in TransformMatrix2D_Create scenegraph/mpeg4_nodes.c:31740
    #3 0x7f94312dd6d6 in gf_sg_mpeg4_node_new scenegraph/mpeg4_nodes.c:37040
    #4 0x7f943126aa22 in gf_node_new scenegraph/base_scenegraph.c:2112
    #5 0x7f94319c6560 in xmt_parse_element scene_manager/loader_xmt.c:2036
    #6 0x7f94319cbae3 in xmt_node_start scene_manager/loader_xmt.c:2980
    #7 0x7f943119730c in xml_sax_node_start utils/xml_parser.c:308
    #8 0x7f943119ae3f in xml_sax_parse utils/xml_parser.c:863
    #9 0x7f9431197d60 in gf_xml_sax_parse_intern utils/xml_parser.c:1110
    #10 0x7f943119cda7 in gf_xml_sax_parse utils/xml_parser.c:1138
    #11 0x7f943119d103 in xml_sax_read_file utils/xml_parser.c:1225
    #12 0x7f943119dbb8 in gf_xml_sax_parse_file utils/xml_parser.c:1338
    #13 0x7f94319baa39 in load_xmt_run scene_manager/loader_xmt.c:3700
    #14 0x7f9432067443 in ctxload_process filters/load_bt_xmt.c:544
    #15 0x7f9431de0093 in gf_filter_process_task filter_core/filter.c:3257
    #16 0x7f9431db44c1 in gf_fs_thread_proc filter_core/filter_session.c:2420
    #17 0x7f9431db9582 in gf_fs_run filter_core/filter_session.c:2728
    #18 0x7f943187328a in gf_media_import media_tools/media_import.c:1639
    #19 0x56087f79d411 in import_file /run/media/user/8ed8205b-4114-4c2a-b2d0-e2ad6640262d/gpac/runtime/gpac_asan/applications/mp4box/fileimport.c:1733
    #20 0x56087f759fc9 in do_add_cat /run/media/user/8ed8205b-4114-4c2a-b2d0-e2ad6640262d/gpac/runtime/gpac_asan/applications/mp4box/mp4box.c:4633
    #21 0x56087f75c3f7 in mp4box_main /run/media/user/8ed8205b-4114-4c2a-b2d0-e2ad6640262d/gpac/runtime/gpac_asan/applications/mp4box/mp4box.c:6377
    #22 0x7f9430c33f76 in __libc_start_call_main ../sysdeps/nptl/libc_start_call_main.h:58
    #23 0x7f9430c34026 in __libc_start_main_impl ../csu/libc-start.c:360
    #24 0x56087f73c080 in _start (/run/media/user/8ed8205b-4114-4c2a-b2d0-e2ad6640262d/gpac/runtime/gpac_asan/bin/gcc/MP4Box+0x4d080) (BuildId: 1651312aefdad6adf454cb6d555ab16d3e0fe1b8)

Indirect leak of 64 byte(s) in 1 object(s) allocated from:
    #0 0x7f9432f2435f in malloc ../../../../src/libsanitizer/asan/asan_malloc_linux.cpp:67
    #1 0x7f9431265ded in gf_node_setup scenegraph/base_scenegraph.c:1319
    #2 0x7f94312c85b2 in AudioBuffer_Create scenegraph/mpeg4_nodes.c:615
    #3 0x7f943126aa22 in gf_node_new scenegraph/base_scenegraph.c:2112
    #4 0x7f94319c6560 in xmt_parse_element scene_manager/loader_xmt.c:2036
    #5 0x7f94319cbae3 in xmt_node_start scene_manager/loader_xmt.c:2980
    #6 0x7f943119730c in xml_sax_node_start utils/xml_parser.c:308
    #7 0x7f943119ae3f in xml_sax_parse utils/xml_parser.c:863
    #8 0x7f9431197d60 in gf_xml_sax_parse_intern utils/xml_parser.c:1110
    #9 0x7f943119cda7 in gf_xml_sax_parse utils/xml_parser.c:1138
    #10 0x7f943119d103 in xml_sax_read_file utils/xml_parser.c:1225
    #11 0x7f943119dbb8 in gf_xml_sax_parse_file utils/xml_parser.c:1338
    #12 0x7f94319baa39 in load_xmt_run scene_manager/loader_xmt.c:3700
    #13 0x7f9432067443 in ctxload_process filters/load_bt_xmt.c:544
    #14 0x7f9431de0093 in gf_filter_process_task filter_core/filter.c:3257
    #15 0x7f9431db44c1 in gf_fs_thread_proc filter_core/filter_session.c:2420
    #16 0x7f9431db9582 in gf_fs_run filter_core/filter_session.c:2728
    #17 0x7f943187328a in gf_media_import media_tools/media_import.c:1639
    #18 0x56087f79d411 in import_file /run/media/user/8ed8205b-4114-4c2a-b2d0-e2ad6640262d/gpac/runtime/gpac_asan/applications/mp4box/fileimport.c:1733
    #19 0x56087f759fc9 in do_add_cat /run/media/user/8ed8205b-4114-4c2a-b2d0-e2ad6640262d/gpac/runtime/gpac_asan/applications/mp4box/mp4box.c:4633
    #20 0x56087f75c3f7 in mp4box_main /run/media/user/8ed8205b-4114-4c2a-b2d0-e2ad6640262d/gpac/runtime/gpac_asan/applications/mp4box/mp4box.c:6377
    #21 0x7f9430c33f76 in __libc_start_call_main ../sysdeps/nptl/libc_start_call_main.h:58
    #22 0x7f9430c34026 in __libc_start_main_impl ../csu/libc-start.c:360
    #23 0x56087f73c080 in _start (/run/media/user/8ed8205b-4114-4c2a-b2d0-e2ad6640262d/gpac/runtime/gpac_asan/bin/gcc/MP4Box+0x4d080) (BuildId: 1651312aefdad6adf454cb6d555ab16d3e0fe1b8)

Indirect leak of 64 byte(s) in 1 object(s) allocated from:
    #0 0x7f9432f2435f in malloc ../../../../src/libsanitizer/asan/asan_malloc_linux.cpp:67
    #1 0x7f9431265ded in gf_node_setup scenegraph/base_scenegraph.c:1319
    #2 0x7f94312e14f7 in Box_Create scenegraph/mpeg4_nodes.c:2262
    #3 0x7f94312e14f7 in gf_sg_mpeg4_node_new scenegraph/mpeg4_nodes.c:36736
    #4 0x7f943126aa22 in gf_node_new scenegraph/base_scenegraph.c:2112
    #5 0x7f94319c6560 in xmt_parse_element scene_manager/loader_xmt.c:2036
    #6 0x7f94319cbae3 in xmt_node_start scene_manager/loader_xmt.c:2980
    #7 0x7f943119730c in xml_sax_node_start utils/xml_parser.c:308
    #8 0x7f943119c087 in xml_sax_parse_attribute utils/xml_parser.c:357
    #9 0x7f943119c087 in xml_sax_parse utils/xml_parser.c:940
    #10 0x7f9431197d60 in gf_xml_sax_parse_intern utils/xml_parser.c:1110
    #11 0x7f943119cda7 in gf_xml_sax_parse utils/xml_parser.c:1138
    #12 0x7f943119d103 in xml_sax_read_file utils/xml_parser.c:1225
    #13 0x7f943119dbb8 in gf_xml_sax_parse_file utils/xml_parser.c:1338
    #14 0x7f94319baa39 in load_xmt_run scene_manager/loader_xmt.c:3700
    #15 0x7f9432067443 in ctxload_process filters/load_bt_xmt.c:544
    #16 0x7f9431de0093 in gf_filter_process_task filter_core/filter.c:3257
    #17 0x7f9431db44c1 in gf_fs_thread_proc filter_core/filter_session.c:2420
    #18 0x7f9431db9582 in gf_fs_run filter_core/filter_session.c:2728
    #19 0x7f943187328a in gf_media_import media_tools/media_import.c:1639
    #20 0x56087f79d411 in import_file /run/media/user/8ed8205b-4114-4c2a-b2d0-e2ad6640262d/gpac/runtime/gpac_asan/applications/mp4box/fileimport.c:1733
    #21 0x56087f759fc9 in do_add_cat /run/media/user/8ed8205b-4114-4c2a-b2d0-e2ad6640262d/gpac/runtime/gpac_asan/applications/mp4box/mp4box.c:4633
    #22 0x56087f75c3f7 in mp4box_main /run/media/user/8ed8205b-4114-4c2a-b2d0-e2ad6640262d/gpac/runtime/gpac_asan/applications/mp4box/mp4box.c:6377
    #23 0x7f9430c33f76 in __libc_start_call_main ../sysdeps/nptl/libc_start_call_main.h:58
    #24 0x7f9430c34026 in __libc_start_main_impl ../csu/libc-start.c:360
    #25 0x56087f73c080 in _start (/run/media/user/8ed8205b-4114-4c2a-b2d0-e2ad6640262d/gpac/runtime/gpac_asan/bin/gcc/MP4Box+0x4d080) (BuildId: 1651312aefdad6adf454cb6d555ab16d3e0fe1b8)

Indirect leak of 64 byte(s) in 4 object(s) allocated from:
    #0 0x7f9432f2435f in malloc ../../../../src/libsanitizer/asan/asan_malloc_linux.cpp:67
    #1 0x7f9431266a02 in gf_node_list_add_child_last scenegraph/base_scenegraph.c:1562
    #2 0x7f94319c754d in xmt_parse_element scene_manager/loader_xmt.c:2169
    #3 0x7f94319cbae3 in xmt_node_start scene_manager/loader_xmt.c:2980
    #4 0x7f943119730c in xml_sax_node_start utils/xml_parser.c:308
    #5 0x7f943119ae3f in xml_sax_parse utils/xml_parser.c:863
    #6 0x7f943119796e in gf_xml_sax_parse_intern utils/xml_parser.c:1084
    #7 0x7f943119cda7 in gf_xml_sax_parse utils/xml_parser.c:1138
    #8 0x7f943119d103 in xml_sax_read_file utils/xml_parser.c:1225
    #9 0x7f943119dbb8 in gf_xml_sax_parse_file utils/xml_parser.c:1338
    #10 0x7f94319baa39 in load_xmt_run scene_manager/loader_xmt.c:3700
    #11 0x7f9432067443 in ctxload_process filters/load_bt_xmt.c:544
    #12 0x7f9431de0093 in gf_filter_process_task filter_core/filter.c:3257
    #13 0x7f9431db44c1 in gf_fs_thread_proc filter_core/filter_session.c:2420
    #14 0x7f9431db9582 in gf_fs_run filter_core/filter_session.c:2728
    #15 0x7f943187328a in gf_media_import media_tools/media_import.c:1639
    #16 0x56087f79d411 in import_file /run/media/user/8ed8205b-4114-4c2a-b2d0-e2ad6640262d/gpac/runtime/gpac_asan/applications/mp4box/fileimport.c:1733
    #17 0x56087f759fc9 in do_add_cat /run/media/user/8ed8205b-4114-4c2a-b2d0-e2ad6640262d/gpac/runtime/gpac_asan/applications/mp4box/mp4box.c:4633
    #18 0x56087f75c3f7 in mp4box_main /run/media/user/8ed8205b-4114-4c2a-b2d0-e2ad6640262d/gpac/runtime/gpac_asan/applications/mp4box/mp4box.c:6377
    #19 0x7f9430c33f76 in __libc_start_call_main ../sysdeps/nptl/libc_start_call_main.h:58
    #20 0x7f9430c34026 in __libc_start_main_impl ../csu/libc-start.c:360
    #21 0x56087f73c080 in _start (/run/media/user/8ed8205b-4114-4c2a-b2d0-e2ad6640262d/gpac/runtime/gpac_asan/bin/gcc/MP4Box+0x4d080) (BuildId: 1651312aefdad6adf454cb6d555ab16d3e0fe1b8)

Indirect leak of 64 byte(s) in 1 object(s) allocated from:
    #0 0x7f9432f2435f in malloc ../../../../src/libsanitizer/asan/asan_malloc_linux.cpp:67
    #1 0x7f9431b3a68d in compositor_init_transformmatrix2d compositor/mpeg4_grouping_2d.c:281
    #2 0x7f9431c5c51a in gf_scene_on_node_init compositor/scene_node_init.c:286
    #3 0x7f9431c5c51a in gf_scene_on_node_init compositor/scene_node_init.c:206
    #4 0x7f9431c5c51a in gf_scene_node_callback compositor/scene_node_init.c:360
    #5 0x7f94319c6a44 in xmt_parse_element scene_manager/loader_xmt.c:2180
    #6 0x7f94319cbae3 in xmt_node_start scene_manager/loader_xmt.c:2980
    #7 0x7f943119730c in xml_sax_node_start utils/xml_parser.c:308
    #8 0x7f943119ba4c in xml_sax_parse_attribute utils/xml_parser.c:397
    #9 0x7f943119ba4c in xml_sax_parse utils/xml_parser.c:940
    #10 0x7f9431197d60 in gf_xml_sax_parse_intern utils/xml_parser.c:1110
    #11 0x7f943119cda7 in gf_xml_sax_parse utils/xml_parser.c:1138
    #12 0x7f943119d103 in xml_sax_read_file utils/xml_parser.c:1225
    #13 0x7f943119dbb8 in gf_xml_sax_parse_file utils/xml_parser.c:1338
    #14 0x7f94319baa39 in load_xmt_run scene_manager/loader_xmt.c:3700
    #15 0x7f9432067443 in ctxload_process filters/load_bt_xmt.c:544
    #16 0x7f9431de0093 in gf_filter_process_task filter_core/filter.c:3257
    #17 0x7f9431db44c1 in gf_fs_thread_proc filter_core/filter_session.c:2420
    #18 0x7f9431db9582 in gf_fs_run filter_core/filter_session.c:2728
    #19 0x7f943187328a in gf_media_import media_tools/media_import.c:1639
    #20 0x56087f79d411 in import_file /run/media/user/8ed8205b-4114-4c2a-b2d0-e2ad6640262d/gpac/runtime/gpac_asan/applications/mp4box/fileimport.c:1733
    #21 0x56087f759fc9 in do_add_cat /run/media/user/8ed8205b-4114-4c2a-b2d0-e2ad6640262d/gpac/runtime/gpac_asan/applications/mp4box/mp4box.c:4633
    #22 0x56087f75c3f7 in mp4box_main /run/media/user/8ed8205b-4114-4c2a-b2d0-e2ad6640262d/gpac/runtime/gpac_asan/applications/mp4box/mp4box.c:6377
    #23 0x7f9430c33f76 in __libc_start_call_main ../sysdeps/nptl/libc_start_call_main.h:58
    #24 0x7f9430c34026 in __libc_start_main_impl ../csu/libc-start.c:360
    #25 0x56087f73c080 in _start (/run/media/user/8ed8205b-4114-4c2a-b2d0-e2ad6640262d/gpac/runtime/gpac_asan/bin/gcc/MP4Box+0x4d080) (BuildId: 1651312aefdad6adf454cb6d555ab16d3e0fe1b8)

Indirect leak of 64 byte(s) in 1 object(s) allocated from:
    #0 0x7f9432f2435f in malloc ../../../../src/libsanitizer/asan/asan_malloc_linux.cpp:67
    #1 0x7f9431265ded in gf_node_setup scenegraph/base_scenegraph.c:1319
    #2 0x7f94312dd6d6 in TransformMatrix2D_Create scenegraph/mpeg4_nodes.c:31740
    #3 0x7f94312dd6d6 in gf_sg_mpeg4_node_new scenegraph/mpeg4_nodes.c:37040
    #4 0x7f943126aa22 in gf_node_new scenegraph/base_scenegraph.c:2112
    #5 0x7f94319c6560 in xmt_parse_element scene_manager/loader_xmt.c:2036
    #6 0x7f94319cbae3 in xmt_node_start scene_manager/loader_xmt.c:2980
    #7 0x7f943119730c in xml_sax_node_start utils/xml_parser.c:308
    #8 0x7f943119ba4c in xml_sax_parse_attribute utils/xml_parser.c:397
    #9 0x7f943119ba4c in xml_sax_parse utils/xml_parser.c:940
    #10 0x7f9431197d60 in gf_xml_sax_parse_intern utils/xml_parser.c:1110
    #11 0x7f943119cda7 in gf_xml_sax_parse utils/xml_parser.c:1138
    #12 0x7f943119d103 in xml_sax_read_file utils/xml_parser.c:1225
    #13 0x7f943119dbb8 in gf_xml_sax_parse_file utils/xml_parser.c:1338
    #14 0x7f94319baa39 in load_xmt_run scene_manager/loader_xmt.c:3700
    #15 0x7f9432067443 in ctxload_process filters/load_bt_xmt.c:544
    #16 0x7f9431de0093 in gf_filter_process_task filter_core/filter.c:3257
    #17 0x7f9431db44c1 in gf_fs_thread_proc filter_core/filter_session.c:2420
    #18 0x7f9431db9582 in gf_fs_run filter_core/filter_session.c:2728
    #19 0x7f943187328a in gf_media_import media_tools/media_import.c:1639
    #20 0x56087f79d411 in import_file /run/media/user/8ed8205b-4114-4c2a-b2d0-e2ad6640262d/gpac/runtime/gpac_asan/applications/mp4box/fileimport.c:1733
    #21 0x56087f759fc9 in do_add_cat /run/media/user/8ed8205b-4114-4c2a-b2d0-e2ad6640262d/gpac/runtime/gpac_asan/applications/mp4box/mp4box.c:4633
    #22 0x56087f75c3f7 in mp4box_main /run/media/user/8ed8205b-4114-4c2a-b2d0-e2ad6640262d/gpac/runtime/gpac_asan/applications/mp4box/mp4box.c:6377
    #23 0x7f9430c33f76 in __libc_start_call_main ../sysdeps/nptl/libc_start_call_main.h:58
    #24 0x7f9430c34026 in __libc_start_main_impl ../csu/libc-start.c:360
    #25 0x56087f73c080 in _start (/run/media/user/8ed8205b-4114-4c2a-b2d0-e2ad6640262d/gpac/runtime/gpac_asan/bin/gcc/MP4Box+0x4d080) (BuildId: 1651312aefdad6adf454cb6d555ab16d3e0fe1b8)

Indirect leak of 64 byte(s) in 1 object(s) allocated from:
    #0 0x7f9432f2435f in malloc ../../../../src/libsanitizer/asan/asan_malloc_linux.cpp:67
    #1 0x7f9431265ded in gf_node_setup scenegraph/base_scenegraph.c:1319
    #2 0x7f94312c9cc2 in Extrusion_Create scenegraph/mpeg4_nodes.c:5099
    #3 0x7f943126aa22 in gf_node_new scenegraph/base_scenegraph.c:2112
    #4 0x7f94319c6560 in xmt_parse_element scene_manager/loader_xmt.c:2036
    #5 0x7f94319cbae3 in xmt_node_start scene_manager/loader_xmt.c:2980
    #6 0x7f943119730c in xml_sax_node_start utils/xml_parser.c:308
    #7 0x7f943119c087 in xml_sax_parse_attribute utils/xml_parser.c:357
    #8 0x7f943119c087 in xml_sax_parse utils/xml_parser.c:940
    #9 0x7f9431197d60 in gf_xml_sax_parse_intern utils/xml_parser.c:1110
    #10 0x7f943119cda7 in gf_xml_sax_parse utils/xml_parser.c:1138
    #11 0x7f943119d103 in xml_sax_read_file utils/xml_parser.c:1225
    #12 0x7f943119dbb8 in gf_xml_sax_parse_file utils/xml_parser.c:1338
    #13 0x7f94319baa39 in load_xmt_run scene_manager/loader_xmt.c:3700
    #14 0x7f9432067443 in ctxload_process filters/load_bt_xmt.c:544
    #15 0x7f9431de0093 in gf_filter_process_task filter_core/filter.c:3257
    #16 0x7f9431db44c1 in gf_fs_thread_proc filter_core/filter_session.c:2420
    #17 0x7f9431db9582 in gf_fs_run filter_core/filter_session.c:2728
    #18 0x7f943187328a in gf_media_import media_tools/media_import.c:1639
    #19 0x56087f79d411 in import_file /run/media/user/8ed8205b-4114-4c2a-b2d0-e2ad6640262d/gpac/runtime/gpac_asan/applications/mp4box/fileimport.c:1733
    #20 0x56087f759fc9 in do_add_cat /run/media/user/8ed8205b-4114-4c2a-b2d0-e2ad6640262d/gpac/runtime/gpac_asan/applications/mp4box/mp4box.c:4633
    #21 0x56087f75c3f7 in mp4box_main /run/media/user/8ed8205b-4114-4c2a-b2d0-e2ad6640262d/gpac/runtime/gpac_asan/applications/mp4box/mp4box.c:6377
    #22 0x7f9430c33f76 in __libc_start_call_main ../sysdeps/nptl/libc_start_call_main.h:58
    #23 0x7f9430c34026 in __libc_start_main_impl ../csu/libc-start.c:360
    #24 0x56087f73c080 in _start (/run/media/user/8ed8205b-4114-4c2a-b2d0-e2ad6640262d/gpac/runtime/gpac_asan/bin/gcc/MP4Box+0x4d080) (BuildId: 1651312aefdad6adf454cb6d555ab16d3e0fe1b8)

Indirect leak of 64 byte(s) in 4 object(s) allocated from:
    #0 0x7f9432f2435f in malloc ../../../../src/libsanitizer/asan/asan_malloc_linux.cpp:67
    #1 0x7f9431264c93 in gf_node_register scenegraph/base_scenegraph.c:840
    #2 0x7f94319c6233 in xmt_parse_element scene_manager/loader_xmt.c:2165
    #3 0x7f94319cbae3 in xmt_node_start scene_manager/loader_xmt.c:2980
    #4 0x7f943119730c in xml_sax_node_start utils/xml_parser.c:308
    #5 0x7f943119c087 in xml_sax_parse_attribute utils/xml_parser.c:357
    #6 0x7f943119c087 in xml_sax_parse utils/xml_parser.c:940
    #7 0x7f943119796e in gf_xml_sax_parse_intern utils/xml_parser.c:1084
    #8 0x7f943119cda7 in gf_xml_sax_parse utils/xml_parser.c:1138
    #9 0x7f943119d103 in xml_sax_read_file utils/xml_parser.c:1225
    #10 0x7f943119dbb8 in gf_xml_sax_parse_file utils/xml_parser.c:1338
    #11 0x7f94319baa39 in load_xmt_run scene_manager/loader_xmt.c:3700
    #12 0x7f9432067443 in ctxload_process filters/load_bt_xmt.c:544
    #13 0x7f9431de0093 in gf_filter_process_task filter_core/filter.c:3257
    #14 0x7f9431db44c1 in gf_fs_thread_proc filter_core/filter_session.c:2420
    #15 0x7f9431db9582 in gf_fs_run filter_core/filter_session.c:2728
    #16 0x7f943187328a in gf_media_import media_tools/media_import.c:1639
    #17 0x56087f79d411 in import_file /run/media/user/8ed8205b-4114-4c2a-b2d0-e2ad6640262d/gpac/runtime/gpac_asan/applications/mp4box/fileimport.c:1733
    #18 0x56087f759fc9 in do_add_cat /run/media/user/8ed8205b-4114-4c2a-b2d0-e2ad6640262d/gpac/runtime/gpac_asan/applications/mp4box/mp4box.c:4633
    #19 0x56087f75c3f7 in mp4box_main /run/media/user/8ed8205b-4114-4c2a-b2d0-e2ad6640262d/gpac/runtime/gpac_asan/applications/mp4box/mp4box.c:6377
    #20 0x7f9430c33f76 in __libc_start_call_main ../sysdeps/nptl/libc_start_call_main.h:58
    #21 0x7f9430c34026 in __libc_start_main_impl ../csu/libc-start.c:360
    #22 0x56087f73c080 in _start (/run/media/user/8ed8205b-4114-4c2a-b2d0-e2ad6640262d/gpac/runtime/gpac_asan/bin/gcc/MP4Box+0x4d080) (BuildId: 1651312aefdad6adf454cb6d555ab16d3e0fe1b8)

Indirect leak of 64 byte(s) in 1 object(s) allocated from:
    #0 0x7f9432f2435f in malloc ../../../../src/libsanitizer/asan/asan_malloc_linux.cpp:67
    #1 0x7f9431b3a68d in compositor_init_transformmatrix2d compositor/mpeg4_grouping_2d.c:281
    #2 0x7f9431c5c51a in gf_scene_on_node_init compositor/scene_node_init.c:286
    #3 0x7f9431c5c51a in gf_scene_on_node_init compositor/scene_node_init.c:206
    #4 0x7f9431c5c51a in gf_scene_node_callback compositor/scene_node_init.c:360
    #5 0x7f94319c6a44 in xmt_parse_element scene_manager/loader_xmt.c:2180
    #6 0x7f94319cbae3 in xmt_node_start scene_manager/loader_xmt.c:2980
    #7 0x7f943119730c in xml_sax_node_start utils/xml_parser.c:308
    #8 0x7f943119ba4c in xml_sax_parse_attribute utils/xml_parser.c:397
    #9 0x7f943119ba4c in xml_sax_parse utils/xml_parser.c:940
    #10 0x7f943119796e in gf_xml_sax_parse_intern utils/xml_parser.c:1084
    #11 0x7f943119cda7 in gf_xml_sax_parse utils/xml_parser.c:1138
    #12 0x7f943119d103 in xml_sax_read_file utils/xml_parser.c:1225
    #13 0x7f943119dbb8 in gf_xml_sax_parse_file utils/xml_parser.c:1338
    #14 0x7f94319baa39 in load_xmt_run scene_manager/loader_xmt.c:3700
    #15 0x7f9432067443 in ctxload_process filters/load_bt_xmt.c:544
    #16 0x7f9431de0093 in gf_filter_process_task filter_core/filter.c:3257
    #17 0x7f9431db44c1 in gf_fs_thread_proc filter_core/filter_session.c:2420
    #18 0x7f9431db9582 in gf_fs_run filter_core/filter_session.c:2728
    #19 0x7f943187328a in gf_media_import media_tools/media_import.c:1639
    #20 0x56087f79d411 in import_file /run/media/user/8ed8205b-4114-4c2a-b2d0-e2ad6640262d/gpac/runtime/gpac_asan/applications/mp4box/fileimport.c:1733
    #21 0x56087f759fc9 in do_add_cat /run/media/user/8ed8205b-4114-4c2a-b2d0-e2ad6640262d/gpac/runtime/gpac_asan/applications/mp4box/mp4box.c:4633
    #22 0x56087f75c3f7 in mp4box_main /run/media/user/8ed8205b-4114-4c2a-b2d0-e2ad6640262d/gpac/runtime/gpac_asan/applications/mp4box/mp4box.c:6377
    #23 0x7f9430c33f76 in __libc_start_call_main ../sysdeps/nptl/libc_start_call_main.h:58
    #24 0x7f9430c34026 in __libc_start_main_impl ../csu/libc-start.c:360
    #25 0x56087f73c080 in _start (/run/media/user/8ed8205b-4114-4c2a-b2d0-e2ad6640262d/gpac/runtime/gpac_asan/bin/gcc/MP4Box+0x4d080) (BuildId: 1651312aefdad6adf454cb6d555ab16d3e0fe1b8)

Indirect leak of 64 byte(s) in 1 object(s) allocated from:
    #0 0x7f9432f2435f in malloc ../../../../src/libsanitizer/asan/asan_malloc_linux.cpp:67
    #1 0x7f9431265ded in gf_node_setup scenegraph/base_scenegraph.c:1319
    #2 0x7f94312e1400 in Color_Create scenegraph/mpeg4_nodes.c:2596
    #3 0x7f94312e1400 in gf_sg_mpeg4_node_new scenegraph/mpeg4_nodes.c:36742
    #4 0x7f943126aa22 in gf_node_new scenegraph/base_scenegraph.c:2112
    #5 0x7f94319c6560 in xmt_parse_element scene_manager/loader_xmt.c:2036
    #6 0x7f94319cbae3 in xmt_node_start scene_manager/loader_xmt.c:2980
    #7 0x7f943119730c in xml_sax_node_start utils/xml_parser.c:308
    #8 0x7f943119c087 in xml_sax_parse_attribute utils/xml_parser.c:357
    #9 0x7f943119c087 in xml_sax_parse utils/xml_parser.c:940
    #10 0x7f9431197d60 in gf_xml_sax_parse_intern utils/xml_parser.c:1110
    #11 0x7f943119cda7 in gf_xml_sax_parse utils/xml_parser.c:1138
    #12 0x7f943119d103 in xml_sax_read_file utils/xml_parser.c:1225
    #13 0x7f943119dbb8 in gf_xml_sax_parse_file utils/xml_parser.c:1338
    #14 0x7f94319baa39 in load_xmt_run scene_manager/loader_xmt.c:3700
    #15 0x7f9432067443 in ctxload_process filters/load_bt_xmt.c:544
    #16 0x7f9431de0093 in gf_filter_process_task filter_core/filter.c:3257
    #17 0x7f9431db44c1 in gf_fs_thread_proc filter_core/filter_session.c:2420
    #18 0x7f9431db9582 in gf_fs_run filter_core/filter_session.c:2728
    #19 0x7f943187328a in gf_media_import media_tools/media_import.c:1639
    #20 0x56087f79d411 in import_file /run/media/user/8ed8205b-4114-4c2a-b2d0-e2ad6640262d/gpac/runtime/gpac_asan/applications/mp4box/fileimport.c:1733
    #21 0x56087f759fc9 in do_add_cat /run/media/user/8ed8205b-4114-4c2a-b2d0-e2ad6640262d/gpac/runtime/gpac_asan/applications/mp4box/mp4box.c:4633
    #22 0x56087f75c3f7 in mp4box_main /run/media/user/8ed8205b-4114-4c2a-b2d0-e2ad6640262d/gpac/runtime/gpac_asan/applications/mp4box/mp4box.c:6377
    #23 0x7f9430c33f76 in __libc_start_call_main ../sysdeps/nptl/libc_start_call_main.h:58
    #24 0x7f9430c34026 in __libc_start_main_impl ../csu/libc-start.c:360
    #25 0x56087f73c080 in _start (/run/media/user/8ed8205b-4114-4c2a-b2d0-e2ad6640262d/gpac/runtime/gpac_asan/bin/gcc/MP4Box+0x4d080) (BuildId: 1651312aefdad6adf454cb6d555ab16d3e0fe1b8)

Indirect leak of 64 byte(s) in 4 object(s) allocated from:
    #0 0x7f9432f2435f in malloc ../../../../src/libsanitizer/asan/asan_malloc_linux.cpp:67
    #1 0x7f9431264c93 in gf_node_register scenegraph/base_scenegraph.c:840
    #2 0x7f94319c7571 in xmt_parse_element scene_manager/loader_xmt.c:2170
    #3 0x7f94319cbae3 in xmt_node_start scene_manager/loader_xmt.c:2980
    #4 0x7f943119730c in xml_sax_node_start utils/xml_parser.c:308
    #5 0x7f943119ae3f in xml_sax_parse utils/xml_parser.c:863
    #6 0x7f943119796e in gf_xml_sax_parse_intern utils/xml_parser.c:1084
    #7 0x7f943119cda7 in gf_xml_sax_parse utils/xml_parser.c:1138
    #8 0x7f943119d103 in xml_sax_read_file utils/xml_parser.c:1225
    #9 0x7f943119dbb8 in gf_xml_sax_parse_file utils/xml_parser.c:1338
    #10 0x7f94319baa39 in load_xmt_run scene_manager/loader_xmt.c:3700
    #11 0x7f9432067443 in ctxload_process filters/load_bt_xmt.c:544
    #12 0x7f9431de0093 in gf_filter_process_task filter_core/filter.c:3257
    #13 0x7f9431db44c1 in gf_fs_thread_proc filter_core/filter_session.c:2420
    #14 0x7f9431db9582 in gf_fs_run filter_core/filter_session.c:2728
    #15 0x7f943187328a in gf_media_import media_tools/media_import.c:1639
    #16 0x56087f79d411 in import_file /run/media/user/8ed8205b-4114-4c2a-b2d0-e2ad6640262d/gpac/runtime/gpac_asan/applications/mp4box/fileimport.c:1733
    #17 0x56087f759fc9 in do_add_cat /run/media/user/8ed8205b-4114-4c2a-b2d0-e2ad6640262d/gpac/runtime/gpac_asan/applications/mp4box/mp4box.c:4633
    #18 0x56087f75c3f7 in mp4box_main /run/media/user/8ed8205b-4114-4c2a-b2d0-e2ad6640262d/gpac/runtime/gpac_asan/applications/mp4box/mp4box.c:6377
    #19 0x7f9430c33f76 in __libc_start_call_main ../sysdeps/nptl/libc_start_call_main.h:58
    #20 0x7f9430c34026 in __libc_start_main_impl ../csu/libc-start.c:360
    #21 0x56087f73c080 in _start (/run/media/user/8ed8205b-4114-4c2a-b2d0-e2ad6640262d/gpac/runtime/gpac_asan/bin/gcc/MP4Box+0x4d080) (BuildId: 1651312aefdad6adf454cb6d555ab16d3e0fe1b8)

Indirect leak of 56 byte(s) in 1 object(s) allocated from:
    #0 0x7f9432f2435f in malloc ../../../../src/libsanitizer/asan/asan_malloc_linux.cpp:67
    #1 0x7f94312de3c0 in NonLinearDeformer_Create scenegraph/mpeg4_nodes.c:25285
    #2 0x7f94312de3c0 in gf_sg_mpeg4_node_new scenegraph/mpeg4_nodes.c:36972
    #3 0x7f943126aa22 in gf_node_new scenegraph/base_scenegraph.c:2112
    #4 0x7f94319c6560 in xmt_parse_element scene_manager/loader_xmt.c:2036
    #5 0x7f94319cbae3 in xmt_node_start scene_manager/loader_xmt.c:2980
    #6 0x7f943119730c in xml_sax_node_start utils/xml_parser.c:308
    #7 0x7f943119ba4c in xml_sax_parse_attribute utils/xml_parser.c:397
    #8 0x7f943119ba4c in xml_sax_parse utils/xml_parser.c:940
    #9 0x7f9431197d60 in gf_xml_sax_parse_intern utils/xml_parser.c:1110
    #10 0x7f943119cda7 in gf_xml_sax_parse utils/xml_parser.c:1138
    #11 0x7f943119d103 in xml_sax_read_file utils/xml_parser.c:1225
    #12 0x7f943119dbb8 in gf_xml_sax_parse_file utils/xml_parser.c:1338
    #13 0x7f94319baa39 in load_xmt_run scene_manager/loader_xmt.c:3700
    #14 0x7f9432067443 in ctxload_process filters/load_bt_xmt.c:544
    #15 0x7f9431de0093 in gf_filter_process_task filter_core/filter.c:3257
    #16 0x7f9431db44c1 in gf_fs_thread_proc filter_core/filter_session.c:2420
    #17 0x7f9431db9582 in gf_fs_run filter_core/filter_session.c:2728
    #18 0x7f943187328a in gf_media_import media_tools/media_import.c:1639
    #19 0x56087f79d411 in import_file /run/media/user/8ed8205b-4114-4c2a-b2d0-e2ad6640262d/gpac/runtime/gpac_asan/applications/mp4box/fileimport.c:1733
    #20 0x56087f759fc9 in do_add_cat /run/media/user/8ed8205b-4114-4c2a-b2d0-e2ad6640262d/gpac/runtime/gpac_asan/applications/mp4box/mp4box.c:4633
    #21 0x56087f75c3f7 in mp4box_main /run/media/user/8ed8205b-4114-4c2a-b2d0-e2ad6640262d/gpac/runtime/gpac_asan/applications/mp4box/mp4box.c:6377
    #22 0x7f9430c33f76 in __libc_start_call_main ../sysdeps/nptl/libc_start_call_main.h:58
    #23 0x7f9430c34026 in __libc_start_main_impl ../csu/libc-start.c:360
    #24 0x56087f73c080 in _start (/run/media/user/8ed8205b-4114-4c2a-b2d0-e2ad6640262d/gpac/runtime/gpac_asan/bin/gcc/MP4Box+0x4d080) (BuildId: 1651312aefdad6adf454cb6d555ab16d3e0fe1b8)

Indirect leak of 48 byte(s) in 2 object(s) allocated from:
    #0 0x7f9432f2435f in malloc ../../../../src/libsanitizer/asan/asan_malloc_linux.cpp:67
    #1 0x7f94312e1097 in Coordinate_Create scenegraph/mpeg4_nodes.c:3410
    #2 0x7f94312e1097 in gf_sg_mpeg4_node_new scenegraph/mpeg4_nodes.c:36754
    #3 0x7f943126aa22 in gf_node_new scenegraph/base_scenegraph.c:2112
    #4 0x7f94319c6560 in xmt_parse_element scene_manager/loader_xmt.c:2036
    #5 0x7f94319cbae3 in xmt_node_start scene_manager/loader_xmt.c:2980
    #6 0x7f943119730c in xml_sax_node_start utils/xml_parser.c:308
    #7 0x7f943119c087 in xml_sax_parse_attribute utils/xml_parser.c:357
    #8 0x7f943119c087 in xml_sax_parse utils/xml_parser.c:940
    #9 0x7f9431197d60 in gf_xml_sax_parse_intern utils/xml_parser.c:1110
    #10 0x7f943119cda7 in gf_xml_sax_parse utils/xml_parser.c:1138
    #11 0x7f943119d103 in xml_sax_read_file utils/xml_parser.c:1225
    #12 0x7f943119dbb8 in gf_xml_sax_parse_file utils/xml_parser.c:1338
    #13 0x7f94319baa39 in load_xmt_run scene_manager/loader_xmt.c:3700
    #14 0x7f9432067443 in ctxload_process filters/load_bt_xmt.c:544
    #15 0x7f9431de0093 in gf_filter_process_task filter_core/filter.c:3257
    #16 0x7f9431db44c1 in gf_fs_thread_proc filter_core/filter_session.c:2420
    #17 0x7f9431db9582 in gf_fs_run filter_core/filter_session.c:2728
    #18 0x7f943187328a in gf_media_import media_tools/media_import.c:1639
    #19 0x56087f79d411 in import_file /run/media/user/8ed8205b-4114-4c2a-b2d0-e2ad6640262d/gpac/runtime/gpac_asan/applications/mp4box/fileimport.c:1733
    #20 0x56087f759fc9 in do_add_cat /run/media/user/8ed8205b-4114-4c2a-b2d0-e2ad6640262d/gpac/runtime/gpac_asan/applications/mp4box/mp4box.c:4633
    #21 0x56087f75c3f7 in mp4box_main /run/media/user/8ed8205b-4114-4c2a-b2d0-e2ad6640262d/gpac/runtime/gpac_asan/applications/mp4box/mp4box.c:6377
    #22 0x7f9430c33f76 in __libc_start_call_main ../sysdeps/nptl/libc_start_call_main.h:58
    #23 0x7f9430c34026 in __libc_start_main_impl ../csu/libc-start.c:360
    #24 0x56087f73c080 in _start (/run/media/user/8ed8205b-4114-4c2a-b2d0-e2ad6640262d/gpac/runtime/gpac_asan/bin/gcc/MP4Box+0x4d080) (BuildId: 1651312aefdad6adf454cb6d555ab16d3e0fe1b8)

Indirect leak of 48 byte(s) in 3 object(s) allocated from:
    #0 0x7f9432f2435f in malloc ../../../../src/libsanitizer/asan/asan_malloc_linux.cpp:67
    #1 0x7f9431264c93 in gf_node_register scenegraph/base_scenegraph.c:840
    #2 0x7f94319c6233 in xmt_parse_element scene_manager/loader_xmt.c:2165
    #3 0x7f94319cbae3 in xmt_node_start scene_manager/loader_xmt.c:2980
    #4 0x7f943119730c in xml_sax_node_start utils/xml_parser.c:308
    #5 0x7f943119ae3f in xml_sax_parse utils/xml_parser.c:863
    #6 0x7f9431197d60 in gf_xml_sax_parse_intern utils/xml_parser.c:1110
    #7 0x7f943119cda7 in gf_xml_sax_parse utils/xml_parser.c:1138
    #8 0x7f943119d103 in xml_sax_read_file utils/xml_parser.c:1225
    #9 0x7f943119dbb8 in gf_xml_sax_parse_file utils/xml_parser.c:1338
    #10 0x7f94319baa39 in load_xmt_run scene_manager/loader_xmt.c:3700
    #11 0x7f9432067443 in ctxload_process filters/load_bt_xmt.c:544
    #12 0x7f9431de0093 in gf_filter_process_task filter_core/filter.c:3257
    #13 0x7f9431db44c1 in gf_fs_thread_proc filter_core/filter_session.c:2420
    #14 0x7f9431db9582 in gf_fs_run filter_core/filter_session.c:2728
    #15 0x7f943187328a in gf_media_import media_tools/media_import.c:1639
    #16 0x56087f79d411 in import_file /run/media/user/8ed8205b-4114-4c2a-b2d0-e2ad6640262d/gpac/runtime/gpac_asan/applications/mp4box/fileimport.c:1733
    #17 0x56087f759fc9 in do_add_cat /run/media/user/8ed8205b-4114-4c2a-b2d0-e2ad6640262d/gpac/runtime/gpac_asan/applications/mp4box/mp4box.c:4633
    #18 0x56087f75c3f7 in mp4box_main /run/media/user/8ed8205b-4114-4c2a-b2d0-e2ad6640262d/gpac/runtime/gpac_asan/applications/mp4box/mp4box.c:6377
    #19 0x7f9430c33f76 in __libc_start_call_main ../sysdeps/nptl/libc_start_call_main.h:58
    #20 0x7f9430c34026 in __libc_start_main_impl ../csu/libc-start.c:360
    #21 0x56087f73c080 in _start (/run/media/user/8ed8205b-4114-4c2a-b2d0-e2ad6640262d/gpac/runtime/gpac_asan/bin/gcc/MP4Box+0x4d080) (BuildId: 1651312aefdad6adf454cb6d555ab16d3e0fe1b8)

Indirect leak of 48 byte(s) in 2 object(s) allocated from:
    #0 0x7f9432f2435f in malloc ../../../../src/libsanitizer/asan/asan_malloc_linux.cpp:67
    #1 0x7f94314160e3 in gf_dom_event_target_new scenegraph/dom_events.c:953
    #2 0x7f9431264180 in gf_sg_new scenegraph/base_scenegraph.c:68
    #3 0x7f9431264313 in gf_sg_new_subscene scenegraph/base_scenegraph.c:109
    #4 0x7f9431338cb0 in gf_sg_proto_create_node scenegraph/vrml_proto.c:797
    #5 0x7f94319c4d88 in xmt_parse_element scene_manager/loader_xmt.c:1975
    #6 0x7f94319cbae3 in xmt_node_start scene_manager/loader_xmt.c:2980
    #7 0x7f943119730c in xml_sax_node_start utils/xml_parser.c:308
    #8 0x7f943119ba4c in xml_sax_parse_attribute utils/xml_parser.c:397
    #9 0x7f943119ba4c in xml_sax_parse utils/xml_parser.c:940
    #10 0x7f943119796e in gf_xml_sax_parse_intern utils/xml_parser.c:1084
    #11 0x7f943119cda7 in gf_xml_sax_parse utils/xml_parser.c:1138
    #12 0x7f943119d103 in xml_sax_read_file utils/xml_parser.c:1225
    #13 0x7f943119dbb8 in gf_xml_sax_parse_file utils/xml_parser.c:1338
    #14 0x7f94319baa39 in load_xmt_run scene_manager/loader_xmt.c:3700
    #15 0x7f9432067443 in ctxload_process filters/load_bt_xmt.c:544
    #16 0x7f9431de0093 in gf_filter_process_task filter_core/filter.c:3257
    #17 0x7f9431db44c1 in gf_fs_thread_proc filter_core/filter_session.c:2420
    #18 0x7f9431db9582 in gf_fs_run filter_core/filter_session.c:2728
    #19 0x7f943187328a in gf_media_import media_tools/media_import.c:1639
    #20 0x56087f79d411 in import_file /run/media/user/8ed8205b-4114-4c2a-b2d0-e2ad6640262d/gpac/runtime/gpac_asan/applications/mp4box/fileimport.c:1733
    #21 0x56087f759fc9 in do_add_cat /run/media/user/8ed8205b-4114-4c2a-b2d0-e2ad6640262d/gpac/runtime/gpac_asan/applications/mp4box/mp4box.c:4633
    #22 0x56087f75c3f7 in mp4box_main /run/media/user/8ed8205b-4114-4c2a-b2d0-e2ad6640262d/gpac/runtime/gpac_asan/applications/mp4box/mp4box.c:6377
    #23 0x7f9430c33f76 in __libc_start_call_main ../sysdeps/nptl/libc_start_call_main.h:58
    #24 0x7f9430c34026 in __libc_start_main_impl ../csu/libc-start.c:360
    #25 0x56087f73c080 in _start (/run/media/user/8ed8205b-4114-4c2a-b2d0-e2ad6640262d/gpac/runtime/gpac_asan/bin/gcc/MP4Box+0x4d080) (BuildId: 1651312aefdad6adf454cb6d555ab16d3e0fe1b8)

Indirect leak of 48 byte(s) in 4 object(s) allocated from:
    #0 0x7f9432f2435f in malloc ../../../../src/libsanitizer/asan/asan_malloc_linux.cpp:67
    #1 0x7f943136f249 in NewSFVec3f scenegraph/vrml_tools.c:334
    #2 0x7f943136f249 in gf_sg_vrml_field_pointer_new scenegraph/vrml_tools.c:513
    #3 0x7f9431339148 in gf_sg_proto_create_node scenegraph/vrml_proto.c:814
    #4 0x7f94319c4d88 in xmt_parse_element scene_manager/loader_xmt.c:1975
    #5 0x7f94319cbae3 in xmt_node_start scene_manager/loader_xmt.c:2980
    #6 0x7f943119730c in xml_sax_node_start utils/xml_parser.c:308
    #7 0x7f943119ba4c in xml_sax_parse_attribute utils/xml_parser.c:397
    #8 0x7f943119ba4c in xml_sax_parse utils/xml_parser.c:940
    #9 0x7f943119796e in gf_xml_sax_parse_intern utils/xml_parser.c:1084
    #10 0x7f943119cda7 in gf_xml_sax_parse utils/xml_parser.c:1138
    #11 0x7f943119d103 in xml_sax_read_file utils/xml_parser.c:1225
    #12 0x7f943119dbb8 in gf_xml_sax_parse_file utils/xml_parser.c:1338
    #13 0x7f94319baa39 in load_xmt_run scene_manager/loader_xmt.c:3700
    #14 0x7f9432067443 in ctxload_process filters/load_bt_xmt.c:544
    #15 0x7f9431de0093 in gf_filter_process_task filter_core/filter.c:3257
    #16 0x7f9431db44c1 in gf_fs_thread_proc filter_core/filter_session.c:2420
    #17 0x7f9431db9582 in gf_fs_run filter_core/filter_session.c:2728
    #18 0x7f943187328a in gf_media_import media_tools/media_import.c:1639
    #19 0x56087f79d411 in import_file /run/media/user/8ed8205b-4114-4c2a-b2d0-e2ad6640262d/gpac/runtime/gpac_asan/applications/mp4box/fileimport.c:1733
    #20 0x56087f759fc9 in do_add_cat /run/media/user/8ed8205b-4114-4c2a-b2d0-e2ad6640262d/gpac/runtime/gpac_asan/applications/mp4box/mp4box.c:4633
    #21 0x56087f75c3f7 in mp4box_main /run/media/user/8ed8205b-4114-4c2a-b2d0-e2ad6640262d/gpac/runtime/gpac_asan/applications/mp4box/mp4box.c:6377
    #22 0x7f9430c33f76 in __libc_start_call_main ../sysdeps/nptl/libc_start_call_main.h:58
    #23 0x7f9430c34026 in __libc_start_main_impl ../csu/libc-start.c:360
    #24 0x56087f73c080 in _start (/run/media/user/8ed8205b-4114-4c2a-b2d0-e2ad6640262d/gpac/runtime/gpac_asan/bin/gcc/MP4Box+0x4d080) (BuildId: 1651312aefdad6adf454cb6d555ab16d3e0fe1b8)

Indirect leak of 48 byte(s) in 1 object(s) allocated from:
    #0 0x7f9432f2435f in malloc ../../../../src/libsanitizer/asan/asan_malloc_linux.cpp:67
    #1 0x7f9431ad937b in drawable_new compositor/drawable.c:158
    #2 0x7f9431ada23e in drawable_stack_new compositor/drawable.c:276
    #3 0x7f9431b24f18 in compositor_init_curve2d compositor/mpeg4_geometry_2d.c:649
    #4 0x7f9431c5c51a in gf_scene_on_node_init compositor/scene_node_init.c:286
    #5 0x7f9431c5c51a in gf_scene_on_node_init compositor/scene_node_init.c:206
    #6 0x7f9431c5c51a in gf_scene_node_callback compositor/scene_node_init.c:360
    #7 0x7f94319c6a44 in xmt_parse_element scene_manager/loader_xmt.c:2180
    #8 0x7f94319cbae3 in xmt_node_start scene_manager/loader_xmt.c:2980
    #9 0x7f943119730c in xml_sax_node_start utils/xml_parser.c:308
    #10 0x7f943119ba4c in xml_sax_parse_attribute utils/xml_parser.c:397
    #11 0x7f943119ba4c in xml_sax_parse utils/xml_parser.c:940
    #12 0x7f943119796e in gf_xml_sax_parse_intern utils/xml_parser.c:1084
    #13 0x7f943119cda7 in gf_xml_sax_parse utils/xml_parser.c:1138
    #14 0x7f943119d103 in xml_sax_read_file utils/xml_parser.c:1225
    #15 0x7f943119dbb8 in gf_xml_sax_parse_file utils/xml_parser.c:1338
    #16 0x7f94319baa39 in load_xmt_run scene_manager/loader_xmt.c:3700
    #17 0x7f9432067443 in ctxload_process filters/load_bt_xmt.c:544
    #18 0x7f9431de0093 in gf_filter_process_task filter_core/filter.c:3257
    #19 0x7f9431db44c1 in gf_fs_thread_proc filter_core/filter_session.c:2420
    #20 0x7f9431db9582 in gf_fs_run filter_core/filter_session.c:2728
    #21 0x7f943187328a in gf_media_import media_tools/media_import.c:1639
    #22 0x56087f79d411 in import_file /run/media/user/8ed8205b-4114-4c2a-b2d0-e2ad6640262d/gpac/runtime/gpac_asan/applications/mp4box/fileimport.c:1733
    #23 0x56087f759fc9 in do_add_cat /run/media/user/8ed8205b-4114-4c2a-b2d0-e2ad6640262d/gpac/runtime/gpac_asan/applications/mp4box/mp4box.c:4633
    #24 0x56087f75c3f7 in mp4box_main /run/media/user/8ed8205b-4114-4c2a-b2d0-e2ad6640262d/gpac/runtime/gpac_asan/applications/mp4box/mp4box.c:6377
    #25 0x7f9430c33f76 in __libc_start_call_main ../sysdeps/nptl/libc_start_call_main.h:58
    #26 0x7f9430c34026 in __libc_start_main_impl ../csu/libc-start.c:360
    #27 0x56087f73c080 in _start (/run/media/user/8ed8205b-4114-4c2a-b2d0-e2ad6640262d/gpac/runtime/gpac_asan/bin/gcc/MP4Box+0x4d080) (BuildId: 1651312aefdad6adf454cb6d555ab16d3e0fe1b8)

Indirect leak of 48 byte(s) in 1 object(s) allocated from:
    #0 0x7f9432f2435f in malloc ../../../../src/libsanitizer/asan/asan_malloc_linux.cpp:67
    #1 0x7f9431ad92e3 in drawable_new compositor/drawable.c:148
    #2 0x7f9431ada23e in drawable_stack_new compositor/drawable.c:276
    #3 0x7f9431b24f18 in compositor_init_curve2d compositor/mpeg4_geometry_2d.c:649
    #4 0x7f9431c5c51a in gf_scene_on_node_init compositor/scene_node_init.c:286
    #5 0x7f9431c5c51a in gf_scene_on_node_init compositor/scene_node_init.c:206
    #6 0x7f9431c5c51a in gf_scene_node_callback compositor/scene_node_init.c:360
    #7 0x7f94319c6a44 in xmt_parse_element scene_manager/loader_xmt.c:2180
    #8 0x7f94319cbae3 in xmt_node_start scene_manager/loader_xmt.c:2980
    #9 0x7f943119730c in xml_sax_node_start utils/xml_parser.c:308
    #10 0x7f943119ba4c in xml_sax_parse_attribute utils/xml_parser.c:397
    #11 0x7f943119ba4c in xml_sax_parse utils/xml_parser.c:940
    #12 0x7f943119796e in gf_xml_sax_parse_intern utils/xml_parser.c:1084
    #13 0x7f943119cda7 in gf_xml_sax_parse utils/xml_parser.c:1138
    #14 0x7f943119d103 in xml_sax_read_file utils/xml_parser.c:1225
    #15 0x7f943119dbb8 in gf_xml_sax_parse_file utils/xml_parser.c:1338
    #16 0x7f94319baa39 in load_xmt_run scene_manager/loader_xmt.c:3700
    #17 0x7f9432067443 in ctxload_process filters/load_bt_xmt.c:544
    #18 0x7f9431de0093 in gf_filter_process_task filter_core/filter.c:3257
    #19 0x7f9431db44c1 in gf_fs_thread_proc filter_core/filter_session.c:2420
    #20 0x7f9431db9582 in gf_fs_run filter_core/filter_session.c:2728
    #21 0x7f943187328a in gf_media_import media_tools/media_import.c:1639
    #22 0x56087f79d411 in import_file /run/media/user/8ed8205b-4114-4c2a-b2d0-e2ad6640262d/gpac/runtime/gpac_asan/applications/mp4box/fileimport.c:1733
    #23 0x56087f759fc9 in do_add_cat /run/media/user/8ed8205b-4114-4c2a-b2d0-e2ad6640262d/gpac/runtime/gpac_asan/applications/mp4box/mp4box.c:4633
    #24 0x56087f75c3f7 in mp4box_main /run/media/user/8ed8205b-4114-4c2a-b2d0-e2ad6640262d/gpac/runtime/gpac_asan/applications/mp4box/mp4box.c:6377
    #25 0x7f9430c33f76 in __libc_start_call_main ../sysdeps/nptl/libc_start_call_main.h:58
    #26 0x7f9430c34026 in __libc_start_main_impl ../csu/libc-start.c:360
    #27 0x56087f73c080 in _start (/run/media/user/8ed8205b-4114-4c2a-b2d0-e2ad6640262d/gpac/runtime/gpac_asan/bin/gcc/MP4Box+0x4d080) (BuildId: 1651312aefdad6adf454cb6d555ab16d3e0fe1b8)

Indirect leak of 48 byte(s) in 1 object(s) allocated from:
    #0 0x7f9432f2435f in malloc ../../../../src/libsanitizer/asan/asan_malloc_linux.cpp:67
    #1 0x7f9431ad937b in drawable_new compositor/drawable.c:158
    #2 0x7f9431ada23e in drawable_stack_new compositor/drawable.c:276
    #3 0x7f9431b213f8 in compositor_init_circle compositor/mpeg4_geometry_2d.c:208
    #4 0x7f9431c5c51a in gf_scene_on_node_init compositor/scene_node_init.c:286
    #5 0x7f9431c5c51a in gf_scene_on_node_init compositor/scene_node_init.c:206
    #6 0x7f9431c5c51a in gf_scene_node_callback compositor/scene_node_init.c:360
    #7 0x7f94319c6a44 in xmt_parse_element scene_manager/loader_xmt.c:2180
    #8 0x7f94319cbae3 in xmt_node_start scene_manager/loader_xmt.c:2980
    #9 0x7f943119730c in xml_sax_node_start utils/xml_parser.c:308
    #10 0x7f943119c087 in xml_sax_parse_attribute utils/xml_parser.c:357
    #11 0x7f943119c087 in xml_sax_parse utils/xml_parser.c:940
    #12 0x7f943119796e in gf_xml_sax_parse_intern utils/xml_parser.c:1084
    #13 0x7f943119cda7 in gf_xml_sax_parse utils/xml_parser.c:1138
    #14 0x7f943119d103 in xml_sax_read_file utils/xml_parser.c:1225
    #15 0x7f943119dbb8 in gf_xml_sax_parse_file utils/xml_parser.c:1338
    #16 0x7f94319baa39 in load_xmt_run scene_manager/loader_xmt.c:3700
    #17 0x7f9432067443 in ctxload_process filters/load_bt_xmt.c:544
    #18 0x7f9431de0093 in gf_filter_process_task filter_core/filter.c:3257
    #19 0x7f9431db44c1 in gf_fs_thread_proc filter_core/filter_session.c:2420
    #20 0x7f9431db9582 in gf_fs_run filter_core/filter_session.c:2728
    #21 0x7f943187328a in gf_media_import media_tools/media_import.c:1639
    #22 0x56087f79d411 in import_file /run/media/user/8ed8205b-4114-4c2a-b2d0-e2ad6640262d/gpac/runtime/gpac_asan/applications/mp4box/fileimport.c:1733
    #23 0x56087f759fc9 in do_add_cat /run/media/user/8ed8205b-4114-4c2a-b2d0-e2ad6640262d/gpac/runtime/gpac_asan/applications/mp4box/mp4box.c:4633
    #24 0x56087f75c3f7 in mp4box_main /run/media/user/8ed8205b-4114-4c2a-b2d0-e2ad6640262d/gpac/runtime/gpac_asan/applications/mp4box/mp4box.c:6377
    #25 0x7f9430c33f76 in __libc_start_call_main ../sysdeps/nptl/libc_start_call_main.h:58
    #26 0x7f9430c34026 in __libc_start_main_impl ../csu/libc-start.c:360
    #27 0x56087f73c080 in _start (/run/media/user/8ed8205b-4114-4c2a-b2d0-e2ad6640262d/gpac/runtime/gpac_asan/bin/gcc/MP4Box+0x4d080) (BuildId: 1651312aefdad6adf454cb6d555ab16d3e0fe1b8)

Indirect leak of 48 byte(s) in 1 object(s) allocated from:
    #0 0x7f9432f2435f in malloc ../../../../src/libsanitizer/asan/asan_malloc_linux.cpp:67
    #1 0x7f9431ad92e3 in drawable_new compositor/drawable.c:148
    #2 0x7f9431ada23e in drawable_stack_new compositor/drawable.c:276
    #3 0x7f9431b213f8 in compositor_init_circle compositor/mpeg4_geometry_2d.c:208
    #4 0x7f9431c5c51a in gf_scene_on_node_init compositor/scene_node_init.c:286
    #5 0x7f9431c5c51a in gf_scene_on_node_init compositor/scene_node_init.c:206
    #6 0x7f9431c5c51a in gf_scene_node_callback compositor/scene_node_init.c:360
    #7 0x7f94319c6a44 in xmt_parse_element scene_manager/loader_xmt.c:2180
    #8 0x7f94319cbae3 in xmt_node_start scene_manager/loader_xmt.c:2980
    #9 0x7f943119730c in xml_sax_node_start utils/xml_parser.c:308
    #10 0x7f943119c087 in xml_sax_parse_attribute utils/xml_parser.c:357
    #11 0x7f943119c087 in xml_sax_parse utils/xml_parser.c:940
    #12 0x7f943119796e in gf_xml_sax_parse_intern utils/xml_parser.c:1084
    #13 0x7f943119cda7 in gf_xml_sax_parse utils/xml_parser.c:1138
    #14 0x7f943119d103 in xml_sax_read_file utils/xml_parser.c:1225
    #15 0x7f943119dbb8 in gf_xml_sax_parse_file utils/xml_parser.c:1338
    #16 0x7f94319baa39 in load_xmt_run scene_manager/loader_xmt.c:3700
    #17 0x7f9432067443 in ctxload_process filters/load_bt_xmt.c:544
    #18 0x7f9431de0093 in gf_filter_process_task filter_core/filter.c:3257
    #19 0x7f9431db44c1 in gf_fs_thread_proc filter_core/filter_session.c:2420
    #20 0x7f9431db9582 in gf_fs_run filter_core/filter_session.c:2728
    #21 0x7f943187328a in gf_media_import media_tools/media_import.c:1639
    #22 0x56087f79d411 in import_file /run/media/user/8ed8205b-4114-4c2a-b2d0-e2ad6640262d/gpac/runtime/gpac_asan/applications/mp4box/fileimport.c:1733
    #23 0x56087f759fc9 in do_add_cat /run/media/user/8ed8205b-4114-4c2a-b2d0-e2ad6640262d/gpac/runtime/gpac_asan/applications/mp4box/mp4box.c:4633
    #24 0x56087f75c3f7 in mp4box_main /run/media/user/8ed8205b-4114-4c2a-b2d0-e2ad6640262d/gpac/runtime/gpac_asan/applications/mp4box/mp4box.c:6377
    #25 0x7f9430c33f76 in __libc_start_call_main ../sysdeps/nptl/libc_start_call_main.h:58
    #26 0x7f9430c34026 in __libc_start_main_impl ../csu/libc-start.c:360
    #27 0x56087f73c080 in _start (/run/media/user/8ed8205b-4114-4c2a-b2d0-e2ad6640262d/gpac/runtime/gpac_asan/bin/gcc/MP4Box+0x4d080) (BuildId: 1651312aefdad6adf454cb6d555ab16d3e0fe1b8)

Indirect leak of 48 byte(s) in 1 object(s) allocated from:
    #0 0x7f9432f2435f in malloc ../../../../src/libsanitizer/asan/asan_malloc_linux.cpp:67
    #1 0x7f9431ad9240 in drawable_init_ex compositor/drawable.c:141
    #2 0x7f9431b14331 in compositor_init_bitmap compositor/mpeg4_bitmap.c:343
    #3 0x7f9431c5c51a in gf_scene_on_node_init compositor/scene_node_init.c:286
    #4 0x7f9431c5c51a in gf_scene_on_node_init compositor/scene_node_init.c:206
    #5 0x7f9431c5c51a in gf_scene_node_callback compositor/scene_node_init.c:360
    #6 0x7f94319c6a44 in xmt_parse_element scene_manager/loader_xmt.c:2180
    #7 0x7f94319cbae3 in xmt_node_start scene_manager/loader_xmt.c:2980
    #8 0x7f943119730c in xml_sax_node_start utils/xml_parser.c:308
    #9 0x7f943119ae3f in xml_sax_parse utils/xml_parser.c:863
    #10 0x7f9431197d60 in gf_xml_sax_parse_intern utils/xml_parser.c:1110
    #11 0x7f943119cda7 in gf_xml_sax_parse utils/xml_parser.c:1138
    #12 0x7f943119d103 in xml_sax_read_file utils/xml_parser.c:1225
    #13 0x7f943119dbb8 in gf_xml_sax_parse_file utils/xml_parser.c:1338
    #14 0x7f94319baa39 in load_xmt_run scene_manager/loader_xmt.c:3700
    #15 0x7f9432067443 in ctxload_process filters/load_bt_xmt.c:544
    #16 0x7f9431de0093 in gf_filter_process_task filter_core/filter.c:3257
    #17 0x7f9431db44c1 in gf_fs_thread_proc filter_core/filter_session.c:2420
    #18 0x7f9431db9582 in gf_fs_run filter_core/filter_session.c:2728
    #19 0x7f943187328a in gf_media_import media_tools/media_import.c:1639
    #20 0x56087f79d411 in import_file /run/media/user/8ed8205b-4114-4c2a-b2d0-e2ad6640262d/gpac/runtime/gpac_asan/applications/mp4box/fileimport.c:1733
    #21 0x56087f759fc9 in do_add_cat /run/media/user/8ed8205b-4114-4c2a-b2d0-e2ad6640262d/gpac/runtime/gpac_asan/applications/mp4box/mp4box.c:4633
    #22 0x56087f75c3f7 in mp4box_main /run/media/user/8ed8205b-4114-4c2a-b2d0-e2ad6640262d/gpac/runtime/gpac_asan/applications/mp4box/mp4box.c:6377
    #23 0x7f9430c33f76 in __libc_start_call_main ../sysdeps/nptl/libc_start_call_main.h:58
    #24 0x7f9430c34026 in __libc_start_main_impl ../csu/libc-start.c:360
    #25 0x56087f73c080 in _start (/run/media/user/8ed8205b-4114-4c2a-b2d0-e2ad6640262d/gpac/runtime/gpac_asan/bin/gcc/MP4Box+0x4d080) (BuildId: 1651312aefdad6adf454cb6d555ab16d3e0fe1b8)

Indirect leak of 48 byte(s) in 1 object(s) allocated from:
    #0 0x7f9432f2435f in malloc ../../../../src/libsanitizer/asan/asan_malloc_linux.cpp:67
    #1 0x7f9431ad937b in drawable_new compositor/drawable.c:158
    #2 0x7f9431ada23e in drawable_stack_new compositor/drawable.c:276
    #3 0x7f9431b24f38 in compositor_init_pointset2d compositor/mpeg4_geometry_2d.c:782
    #4 0x7f9431c5c51a in gf_scene_on_node_init compositor/scene_node_init.c:286
    #5 0x7f9431c5c51a in gf_scene_on_node_init compositor/scene_node_init.c:206
    #6 0x7f9431c5c51a in gf_scene_node_callback compositor/scene_node_init.c:360
    #7 0x7f94319c6a44 in xmt_parse_element scene_manager/loader_xmt.c:2180
    #8 0x7f94319cbae3 in xmt_node_start scene_manager/loader_xmt.c:2980
    #9 0x7f943119730c in xml_sax_node_start utils/xml_parser.c:308
    #10 0x7f943119ba4c in xml_sax_parse_attribute utils/xml_parser.c:397
    #11 0x7f943119ba4c in xml_sax_parse utils/xml_parser.c:940
    #12 0x7f9431197d60 in gf_xml_sax_parse_intern utils/xml_parser.c:1110
    #13 0x7f943119cda7 in gf_xml_sax_parse utils/xml_parser.c:1138
    #14 0x7f943119d103 in xml_sax_read_file utils/xml_parser.c:1225
    #15 0x7f943119dbb8 in gf_xml_sax_parse_file utils/xml_parser.c:1338
    #16 0x7f94319baa39 in load_xmt_run scene_manager/loader_xmt.c:3700
    #17 0x7f9432067443 in ctxload_process filters/load_bt_xmt.c:544
    #18 0x7f9431de0093 in gf_filter_process_task filter_core/filter.c:3257
    #19 0x7f9431db44c1 in gf_fs_thread_proc filter_core/filter_session.c:2420
    #20 0x7f9431db9582 in gf_fs_run filter_core/filter_session.c:2728
    #21 0x7f943187328a in gf_media_import media_tools/media_import.c:1639
    #22 0x56087f79d411 in import_file /run/media/user/8ed8205b-4114-4c2a-b2d0-e2ad6640262d/gpac/runtime/gpac_asan/applications/mp4box/fileimport.c:1733
    #23 0x56087f759fc9 in do_add_cat /run/media/user/8ed8205b-4114-4c2a-b2d0-e2ad6640262d/gpac/runtime/gpac_asan/applications/mp4box/mp4box.c:4633
    #24 0x56087f75c3f7 in mp4box_main /run/media/user/8ed8205b-4114-4c2a-b2d0-e2ad6640262d/gpac/runtime/gpac_asan/applications/mp4box/mp4box.c:6377
    #25 0x7f9430c33f76 in __libc_start_call_main ../sysdeps/nptl/libc_start_call_main.h:58
    #26 0x7f9430c34026 in __libc_start_main_impl ../csu/libc-start.c:360
    #27 0x56087f73c080 in _start (/run/media/user/8ed8205b-4114-4c2a-b2d0-e2ad6640262d/gpac/runtime/gpac_asan/bin/gcc/MP4Box+0x4d080) (BuildId: 1651312aefdad6adf454cb6d555ab16d3e0fe1b8)

Indirect leak of 48 byte(s) in 1 object(s) allocated from:
    #0 0x7f9432f2435f in malloc ../../../../src/libsanitizer/asan/asan_malloc_linux.cpp:67
    #1 0x7f9431ad92e3 in drawable_new compositor/drawable.c:148
    #2 0x7f9431ada23e in drawable_stack_new compositor/drawable.c:276
    #3 0x7f9431b24f38 in compositor_init_pointset2d compositor/mpeg4_geometry_2d.c:782
    #4 0x7f9431c5c51a in gf_scene_on_node_init compositor/scene_node_init.c:286
    #5 0x7f9431c5c51a in gf_scene_on_node_init compositor/scene_node_init.c:206
    #6 0x7f9431c5c51a in gf_scene_node_callback compositor/scene_node_init.c:360
    #7 0x7f94319c6a44 in xmt_parse_element scene_manager/loader_xmt.c:2180
    #8 0x7f94319cbae3 in xmt_node_start scene_manager/loader_xmt.c:2980
    #9 0x7f943119730c in xml_sax_node_start utils/xml_parser.c:308
    #10 0x7f943119ba4c in xml_sax_parse_attribute utils/xml_parser.c:397
    #11 0x7f943119ba4c in xml_sax_parse utils/xml_parser.c:940
    #12 0x7f9431197d60 in gf_xml_sax_parse_intern utils/xml_parser.c:1110
    #13 0x7f943119cda7 in gf_xml_sax_parse utils/xml_parser.c:1138
    #14 0x7f943119d103 in xml_sax_read_file utils/xml_parser.c:1225
    #15 0x7f943119dbb8 in gf_xml_sax_parse_file utils/xml_parser.c:1338
    #16 0x7f94319baa39 in load_xmt_run scene_manager/loader_xmt.c:3700
    #17 0x7f9432067443 in ctxload_process filters/load_bt_xmt.c:544
    #18 0x7f9431de0093 in gf_filter_process_task filter_core/filter.c:3257
    #19 0x7f9431db44c1 in gf_fs_thread_proc filter_core/filter_session.c:2420
    #20 0x7f9431db9582 in gf_fs_run filter_core/filter_session.c:2728
    #21 0x7f943187328a in gf_media_import media_tools/media_import.c:1639
    #22 0x56087f79d411 in import_file /run/media/user/8ed8205b-4114-4c2a-b2d0-e2ad6640262d/gpac/runtime/gpac_asan/applications/mp4box/fileimport.c:1733
    #23 0x56087f759fc9 in do_add_cat /run/media/user/8ed8205b-4114-4c2a-b2d0-e2ad6640262d/gpac/runtime/gpac_asan/applications/mp4box/mp4box.c:4633
    #24 0x56087f75c3f7 in mp4box_main /run/media/user/8ed8205b-4114-4c2a-b2d0-e2ad6640262d/gpac/runtime/gpac_asan/applications/mp4box/mp4box.c:6377
    #25 0x7f9430c33f76 in __libc_start_call_main ../sysdeps/nptl/libc_start_call_main.h:58
    #26 0x7f9430c34026 in __libc_start_main_impl ../csu/libc-start.c:360
    #27 0x56087f73c080 in _start (/run/media/user/8ed8205b-4114-4c2a-b2d0-e2ad6640262d/gpac/runtime/gpac_asan/bin/gcc/MP4Box+0x4d080) (BuildId: 1651312aefdad6adf454cb6d555ab16d3e0fe1b8)

Indirect leak of 48 byte(s) in 1 object(s) allocated from:
    #0 0x7f9432f2435f in malloc ../../../../src/libsanitizer/asan/asan_malloc_linux.cpp:67
    #1 0x7f9431ad937b in drawable_new compositor/drawable.c:158
    #2 0x7f9431ada23e in drawable_stack_new compositor/drawable.c:276
    #3 0x7f9431b2d518 in compositor_init_indexed_face_set2d compositor/mpeg4_geometry_ifs2d.c:344
    #4 0x7f9431c5c51a in gf_scene_on_node_init compositor/scene_node_init.c:286
    #5 0x7f9431c5c51a in gf_scene_on_node_init compositor/scene_node_init.c:206
    #6 0x7f9431c5c51a in gf_scene_node_callback compositor/scene_node_init.c:360
    #7 0x7f94319c6a44 in xmt_parse_element scene_manager/loader_xmt.c:2180
    #8 0x7f94319cbae3 in xmt_node_start scene_manager/loader_xmt.c:2980
    #9 0x7f943119730c in xml_sax_node_start utils/xml_parser.c:308
    #10 0x7f943119ba4c in xml_sax_parse_attribute utils/xml_parser.c:397
    #11 0x7f943119ba4c in xml_sax_parse utils/xml_parser.c:940
    #12 0x7f9431197d60 in gf_xml_sax_parse_intern utils/xml_parser.c:1110
    #13 0x7f943119cda7 in gf_xml_sax_parse utils/xml_parser.c:1138
    #14 0x7f943119d103 in xml_sax_read_file utils/xml_parser.c:1225
    #15 0x7f943119dbb8 in gf_xml_sax_parse_file utils/xml_parser.c:1338
    #16 0x7f94319baa39 in load_xmt_run scene_manager/loader_xmt.c:3700
    #17 0x7f9432067443 in ctxload_process filters/load_bt_xmt.c:544
    #18 0x7f9431de0093 in gf_filter_process_task filter_core/filter.c:3257
    #19 0x7f9431db44c1 in gf_fs_thread_proc filter_core/filter_session.c:2420
    #20 0x7f9431db9582 in gf_fs_run filter_core/filter_session.c:2728
    #21 0x7f943187328a in gf_media_import media_tools/media_import.c:1639
    #22 0x56087f79d411 in import_file /run/media/user/8ed8205b-4114-4c2a-b2d0-e2ad6640262d/gpac/runtime/gpac_asan/applications/mp4box/fileimport.c:1733
    #23 0x56087f759fc9 in do_add_cat /run/media/user/8ed8205b-4114-4c2a-b2d0-e2ad6640262d/gpac/runtime/gpac_asan/applications/mp4box/mp4box.c:4633
    #24 0x56087f75c3f7 in mp4box_main /run/media/user/8ed8205b-4114-4c2a-b2d0-e2ad6640262d/gpac/runtime/gpac_asan/applications/mp4box/mp4box.c:6377
    #25 0x7f9430c33f76 in __libc_start_call_main ../sysdeps/nptl/libc_start_call_main.h:58
    #26 0x7f9430c34026 in __libc_start_main_impl ../csu/libc-start.c:360
    #27 0x56087f73c080 in _start (/run/media/user/8ed8205b-4114-4c2a-b2d0-e2ad6640262d/gpac/runtime/gpac_asan/bin/gcc/MP4Box+0x4d080) (BuildId: 1651312aefdad6adf454cb6d555ab16d3e0fe1b8)

Indirect leak of 48 byte(s) in 1 object(s) allocated from:
    #0 0x7f9432f2435f in malloc ../../../../src/libsanitizer/asan/asan_malloc_linux.cpp:67
    #1 0x7f9431ad92e3 in drawable_new compositor/drawable.c:148
    #2 0x7f9431ada23e in drawable_stack_new compositor/drawable.c:276
    #3 0x7f9431b2d518 in compositor_init_indexed_face_set2d compositor/mpeg4_geometry_ifs2d.c:344
    #4 0x7f9431c5c51a in gf_scene_on_node_init compositor/scene_node_init.c:286
    #5 0x7f9431c5c51a in gf_scene_on_node_init compositor/scene_node_init.c:206
    #6 0x7f9431c5c51a in gf_scene_node_callback compositor/scene_node_init.c:360
    #7 0x7f94319c6a44 in xmt_parse_element scene_manager/loader_xmt.c:2180
    #8 0x7f94319cbae3 in xmt_node_start scene_manager/loader_xmt.c:2980
    #9 0x7f943119730c in xml_sax_node_start utils/xml_parser.c:308
    #10 0x7f943119ba4c in xml_sax_parse_attribute utils/xml_parser.c:397
    #11 0x7f943119ba4c in xml_sax_parse utils/xml_parser.c:940
    #12 0x7f9431197d60 in gf_xml_sax_parse_intern utils/xml_parser.c:1110
    #13 0x7f943119cda7 in gf_xml_sax_parse utils/xml_parser.c:1138
    #14 0x7f943119d103 in xml_sax_read_file utils/xml_parser.c:1225
    #15 0x7f943119dbb8 in gf_xml_sax_parse_file utils/xml_parser.c:1338
    #16 0x7f94319baa39 in load_xmt_run scene_manager/loader_xmt.c:3700
    #17 0x7f9432067443 in ctxload_process filters/load_bt_xmt.c:544
    #18 0x7f9431de0093 in gf_filter_process_task filter_core/filter.c:3257
    #19 0x7f9431db44c1 in gf_fs_thread_proc filter_core/filter_session.c:2420
    #20 0x7f9431db9582 in gf_fs_run filter_core/filter_session.c:2728
    #21 0x7f943187328a in gf_media_import media_tools/media_import.c:1639
    #22 0x56087f79d411 in import_file /run/media/user/8ed8205b-4114-4c2a-b2d0-e2ad6640262d/gpac/runtime/gpac_asan/applications/mp4box/fileimport.c:1733
    #23 0x56087f759fc9 in do_add_cat /run/media/user/8ed8205b-4114-4c2a-b2d0-e2ad6640262d/gpac/runtime/gpac_asan/applications/mp4box/mp4box.c:4633
    #24 0x56087f75c3f7 in mp4box_main /run/media/user/8ed8205b-4114-4c2a-b2d0-e2ad6640262d/gpac/runtime/gpac_asan/applications/mp4box/mp4box.c:6377
    #25 0x7f9430c33f76 in __libc_start_call_main ../sysdeps/nptl/libc_start_call_main.h:58
    #26 0x7f9430c34026 in __libc_start_main_impl ../csu/libc-start.c:360
    #27 0x56087f73c080 in _start (/run/media/user/8ed8205b-4114-4c2a-b2d0-e2ad6640262d/gpac/runtime/gpac_asan/bin/gcc/MP4Box+0x4d080) (BuildId: 1651312aefdad6adf454cb6d555ab16d3e0fe1b8)

Indirect leak of 48 byte(s) in 1 object(s) allocated from:
    #0 0x7f9432f2435f in malloc ../../../../src/libsanitizer/asan/asan_malloc_linux.cpp:67
    #1 0x7f9431ad937b in drawable_new compositor/drawable.c:158
    #2 0x7f9431ada23e in drawable_stack_new compositor/drawable.c:276
    #3 0x7f9431b2f698 in compositor_init_indexed_line_set2d compositor/mpeg4_geometry_ils2d.c:315
    #4 0x7f9431c5c51a in gf_scene_on_node_init compositor/scene_node_init.c:286
    #5 0x7f9431c5c51a in gf_scene_on_node_init compositor/scene_node_init.c:206
    #6 0x7f9431c5c51a in gf_scene_node_callback compositor/scene_node_init.c:360
    #7 0x7f94319c6a44 in xmt_parse_element scene_manager/loader_xmt.c:2180
    #8 0x7f94319cbae3 in xmt_node_start scene_manager/loader_xmt.c:2980
    #9 0x7f943119730c in xml_sax_node_start utils/xml_parser.c:308
    #10 0x7f943119ba4c in xml_sax_parse_attribute utils/xml_parser.c:397
    #11 0x7f943119ba4c in xml_sax_parse utils/xml_parser.c:940
    #12 0x7f9431197d60 in gf_xml_sax_parse_intern utils/xml_parser.c:1110
    #13 0x7f943119cda7 in gf_xml_sax_parse utils/xml_parser.c:1138
    #14 0x7f943119d103 in xml_sax_read_file utils/xml_parser.c:1225
    #15 0x7f943119dbb8 in gf_xml_sax_parse_file utils/xml_parser.c:1338
    #16 0x7f94319baa39 in load_xmt_run scene_manager/loader_xmt.c:3700
    #17 0x7f9432067443 in ctxload_process filters/load_bt_xmt.c:544
    #18 0x7f9431de0093 in gf_filter_process_task filter_core/filter.c:3257
    #19 0x7f9431db44c1 in gf_fs_thread_proc filter_core/filter_session.c:2420
    #20 0x7f9431db9582 in gf_fs_run filter_core/filter_session.c:2728
    #21 0x7f943187328a in gf_media_import media_tools/media_import.c:1639
    #22 0x56087f79d411 in import_file /run/media/user/8ed8205b-4114-4c2a-b2d0-e2ad6640262d/gpac/runtime/gpac_asan/applications/mp4box/fileimport.c:1733
    #23 0x56087f759fc9 in do_add_cat /run/media/user/8ed8205b-4114-4c2a-b2d0-e2ad6640262d/gpac/runtime/gpac_asan/applications/mp4box/mp4box.c:4633
    #24 0x56087f75c3f7 in mp4box_main /run/media/user/8ed8205b-4114-4c2a-b2d0-e2ad6640262d/gpac/runtime/gpac_asan/applications/mp4box/mp4box.c:6377
    #25 0x7f9430c33f76 in __libc_start_call_main ../sysdeps/nptl/libc_start_call_main.h:58
    #26 0x7f9430c34026 in __libc_start_main_impl ../csu/libc-start.c:360
    #27 0x56087f73c080 in _start (/run/media/user/8ed8205b-4114-4c2a-b2d0-e2ad6640262d/gpac/runtime/gpac_asan/bin/gcc/MP4Box+0x4d080) (BuildId: 1651312aefdad6adf454cb6d555ab16d3e0fe1b8)

Indirect leak of 48 byte(s) in 1 object(s) allocated from:
    #0 0x7f9432f2435f in malloc ../../../../src/libsanitizer/asan/asan_malloc_linux.cpp:67
    #1 0x7f9431ad92e3 in drawable_new compositor/drawable.c:148
    #2 0x7f9431ada23e in drawable_stack_new compositor/drawable.c:276
    #3 0x7f9431b2f698 in compositor_init_indexed_line_set2d compositor/mpeg4_geometry_ils2d.c:315
    #4 0x7f9431c5c51a in gf_scene_on_node_init compositor/scene_node_init.c:286
    #5 0x7f9431c5c51a in gf_scene_on_node_init compositor/scene_node_init.c:206
    #6 0x7f9431c5c51a in gf_scene_node_callback compositor/scene_node_init.c:360
    #7 0x7f94319c6a44 in xmt_parse_element scene_manager/loader_xmt.c:2180
    #8 0x7f94319cbae3 in xmt_node_start scene_manager/loader_xmt.c:2980
    #9 0x7f943119730c in xml_sax_node_start utils/xml_parser.c:308
    #10 0x7f943119ba4c in xml_sax_parse_attribute utils/xml_parser.c:397
    #11 0x7f943119ba4c in xml_sax_parse utils/xml_parser.c:940
    #12 0x7f9431197d60 in gf_xml_sax_parse_intern utils/xml_parser.c:1110
    #13 0x7f943119cda7 in gf_xml_sax_parse utils/xml_parser.c:1138
    #14 0x7f943119d103 in xml_sax_read_file utils/xml_parser.c:1225
    #15 0x7f943119dbb8 in gf_xml_sax_parse_file utils/xml_parser.c:1338
    #16 0x7f94319baa39 in load_xmt_run scene_manager/loader_xmt.c:3700
    #17 0x7f9432067443 in ctxload_process filters/load_bt_xmt.c:544
    #18 0x7f9431de0093 in gf_filter_process_task filter_core/filter.c:3257
    #19 0x7f9431db44c1 in gf_fs_thread_proc filter_core/filter_session.c:2420
    #20 0x7f9431db9582 in gf_fs_run filter_core/filter_session.c:2728
    #21 0x7f943187328a in gf_media_import media_tools/media_import.c:1639
    #22 0x56087f79d411 in import_file /run/media/user/8ed8205b-4114-4c2a-b2d0-e2ad6640262d/gpac/runtime/gpac_asan/applications/mp4box/fileimport.c:1733
    #23 0x56087f759fc9 in do_add_cat /run/media/user/8ed8205b-4114-4c2a-b2d0-e2ad6640262d/gpac/runtime/gpac_asan/applications/mp4box/mp4box.c:4633
    #24 0x56087f75c3f7 in mp4box_main /run/media/user/8ed8205b-4114-4c2a-b2d0-e2ad6640262d/gpac/runtime/gpac_asan/applications/mp4box/mp4box.c:6377
    #25 0x7f9430c33f76 in __libc_start_call_main ../sysdeps/nptl/libc_start_call_main.h:58
    #26 0x7f9430c34026 in __libc_start_main_impl ../csu/libc-start.c:360
    #27 0x56087f73c080 in _start (/run/media/user/8ed8205b-4114-4c2a-b2d0-e2ad6640262d/gpac/runtime/gpac_asan/bin/gcc/MP4Box+0x4d080) (BuildId: 1651312aefdad6adf454cb6d555ab16d3e0fe1b8)

Indirect leak of 48 byte(s) in 1 object(s) allocated from:
    #0 0x7f9432f2435f in malloc ../../../../src/libsanitizer/asan/asan_malloc_linux.cpp:67
    #1 0x7f9431ad937b in drawable_new compositor/drawable.c:158
    #2 0x7f9431ada23e in drawable_stack_new compositor/drawable.c:276
    #3 0x7f9431b213f8 in compositor_init_circle compositor/mpeg4_geometry_2d.c:208
    #4 0x7f9431c5c51a in gf_scene_on_node_init compositor/scene_node_init.c:286
    #5 0x7f9431c5c51a in gf_scene_on_node_init compositor/scene_node_init.c:206
    #6 0x7f9431c5c51a in gf_scene_node_callback compositor/scene_node_init.c:360
    #7 0x7f94319c6a44 in xmt_parse_element scene_manager/loader_xmt.c:2180
    #8 0x7f94319cbae3 in xmt_node_start scene_manager/loader_xmt.c:2980
    #9 0x7f943119730c in xml_sax_node_start utils/xml_parser.c:308
    #10 0x7f943119c087 in xml_sax_parse_attribute utils/xml_parser.c:357
    #11 0x7f943119c087 in xml_sax_parse utils/xml_parser.c:940
    #12 0x7f9431197d60 in gf_xml_sax_parse_intern utils/xml_parser.c:1110
    #13 0x7f943119cda7 in gf_xml_sax_parse utils/xml_parser.c:1138
    #14 0x7f943119d103 in xml_sax_read_file utils/xml_parser.c:1225
    #15 0x7f943119dbb8 in gf_xml_sax_parse_file utils/xml_parser.c:1338
    #16 0x7f94319baa39 in load_xmt_run scene_manager/loader_xmt.c:3700
    #17 0x7f9432067443 in ctxload_process filters/load_bt_xmt.c:544
    #18 0x7f9431de0093 in gf_filter_process_task filter_core/filter.c:3257
    #19 0x7f9431db44c1 in gf_fs_thread_proc filter_core/filter_session.c:2420
    #20 0x7f9431db9582 in gf_fs_run filter_core/filter_session.c:2728
    #21 0x7f943187328a in gf_media_import media_tools/media_import.c:1639
    #22 0x56087f79d411 in import_file /run/media/user/8ed8205b-4114-4c2a-b2d0-e2ad6640262d/gpac/runtime/gpac_asan/applications/mp4box/fileimport.c:1733
    #23 0x56087f759fc9 in do_add_cat /run/media/user/8ed8205b-4114-4c2a-b2d0-e2ad6640262d/gpac/runtime/gpac_asan/applications/mp4box/mp4box.c:4633
    #24 0x56087f75c3f7 in mp4box_main /run/media/user/8ed8205b-4114-4c2a-b2d0-e2ad6640262d/gpac/runtime/gpac_asan/applications/mp4box/mp4box.c:6377
    #25 0x7f9430c33f76 in __libc_start_call_main ../sysdeps/nptl/libc_start_call_main.h:58
    #26 0x7f9430c34026 in __libc_start_main_impl ../csu/libc-start.c:360
    #27 0x56087f73c080 in _start (/run/media/user/8ed8205b-4114-4c2a-b2d0-e2ad6640262d/gpac/runtime/gpac_asan/bin/gcc/MP4Box+0x4d080) (BuildId: 1651312aefdad6adf454cb6d555ab16d3e0fe1b8)

Indirect leak of 48 byte(s) in 1 object(s) allocated from:
    #0 0x7f9432f2435f in malloc ../../../../src/libsanitizer/asan/asan_malloc_linux.cpp:67
    #1 0x7f9431ad92e3 in drawable_new compositor/drawable.c:148
    #2 0x7f9431ada23e in drawable_stack_new compositor/drawable.c:276
    #3 0x7f9431b213f8 in compositor_init_circle compositor/mpeg4_geometry_2d.c:208
    #4 0x7f9431c5c51a in gf_scene_on_node_init compositor/scene_node_init.c:286
    #5 0x7f9431c5c51a in gf_scene_on_node_init compositor/scene_node_init.c:206
    #6 0x7f9431c5c51a in gf_scene_node_callback compositor/scene_node_init.c:360
    #7 0x7f94319c6a44 in xmt_parse_element scene_manager/loader_xmt.c:2180
    #8 0x7f94319cbae3 in xmt_node_start scene_manager/loader_xmt.c:2980
    #9 0x7f943119730c in xml_sax_node_start utils/xml_parser.c:308
    #10 0x7f943119c087 in xml_sax_parse_attribute utils/xml_parser.c:357
    #11 0x7f943119c087 in xml_sax_parse utils/xml_parser.c:940
    #12 0x7f9431197d60 in gf_xml_sax_parse_intern utils/xml_parser.c:1110
    #13 0x7f943119cda7 in gf_xml_sax_parse utils/xml_parser.c:1138
    #14 0x7f943119d103 in xml_sax_read_file utils/xml_parser.c:1225
    #15 0x7f943119dbb8 in gf_xml_sax_parse_file utils/xml_parser.c:1338
    #16 0x7f94319baa39 in load_xmt_run scene_manager/loader_xmt.c:3700
    #17 0x7f9432067443 in ctxload_process filters/load_bt_xmt.c:544
    #18 0x7f9431de0093 in gf_filter_process_task filter_core/filter.c:3257
    #19 0x7f9431db44c1 in gf_fs_thread_proc filter_core/filter_session.c:2420
    #20 0x7f9431db9582 in gf_fs_run filter_core/filter_session.c:2728
    #21 0x7f943187328a in gf_media_import media_tools/media_import.c:1639
    #22 0x56087f79d411 in import_file /run/media/user/8ed8205b-4114-4c2a-b2d0-e2ad6640262d/gpac/runtime/gpac_asan/applications/mp4box/fileimport.c:1733
    #23 0x56087f759fc9 in do_add_cat /run/media/user/8ed8205b-4114-4c2a-b2d0-e2ad6640262d/gpac/runtime/gpac_asan/applications/mp4box/mp4box.c:4633
    #24 0x56087f75c3f7 in mp4box_main /run/media/user/8ed8205b-4114-4c2a-b2d0-e2ad6640262d/gpac/runtime/gpac_asan/applications/mp4box/mp4box.c:6377
    #25 0x7f9430c33f76 in __libc_start_call_main ../sysdeps/nptl/libc_start_call_main.h:58
    #26 0x7f9430c34026 in __libc_start_main_impl ../csu/libc-start.c:360
    #27 0x56087f73c080 in _start (/run/media/user/8ed8205b-4114-4c2a-b2d0-e2ad6640262d/gpac/runtime/gpac_asan/bin/gcc/MP4Box+0x4d080) (BuildId: 1651312aefdad6adf454cb6d555ab16d3e0fe1b8)

Indirect leak of 44 byte(s) in 2 object(s) allocated from:
    #0 0x7f9432f1da04 in strdup ../../../../src/libsanitizer/asan/asan_interceptors.cpp:617
    #1 0x7f94319b810e in xmt_parse_string scene_manager/loader_xmt.c:864
    #2 0x7f94319bf4cc in xmt_parse_mf_field scene_manager/loader_xmt.c:1106
    #3 0x7f94319c764d in xmt_parse_element scene_manager/loader_xmt.c:2123
    #4 0x7f94319cbae3 in xmt_node_start scene_manager/loader_xmt.c:2980
    #5 0x7f943119730c in xml_sax_node_start utils/xml_parser.c:308
    #6 0x7f943119ba4c in xml_sax_parse_attribute utils/xml_parser.c:397
    #7 0x7f943119ba4c in xml_sax_parse utils/xml_parser.c:940
    #8 0x7f943119796e in gf_xml_sax_parse_intern utils/xml_parser.c:1084
    #9 0x7f943119cda7 in gf_xml_sax_parse utils/xml_parser.c:1138
    #10 0x7f943119d103 in xml_sax_read_file utils/xml_parser.c:1225
    #11 0x7f943119dbb8 in gf_xml_sax_parse_file utils/xml_parser.c:1338
    #12 0x7f94319baa39 in load_xmt_run scene_manager/loader_xmt.c:3700
    #13 0x7f9432067443 in ctxload_process filters/load_bt_xmt.c:544
    #14 0x7f9431de0093 in gf_filter_process_task filter_core/filter.c:3257
    #15 0x7f9431db44c1 in gf_fs_thread_proc filter_core/filter_session.c:2420
    #16 0x7f9431db9582 in gf_fs_run filter_core/filter_session.c:2728
    #17 0x7f943187328a in gf_media_import media_tools/media_import.c:1639
    #18 0x56087f79d411 in import_file /run/media/user/8ed8205b-4114-4c2a-b2d0-e2ad6640262d/gpac/runtime/gpac_asan/applications/mp4box/fileimport.c:1733
    #19 0x56087f759fc9 in do_add_cat /run/media/user/8ed8205b-4114-4c2a-b2d0-e2ad6640262d/gpac/runtime/gpac_asan/applications/mp4box/mp4box.c:4633
    #20 0x56087f75c3f7 in mp4box_main /run/media/user/8ed8205b-4114-4c2a-b2d0-e2ad6640262d/gpac/runtime/gpac_asan/applications/mp4box/mp4box.c:6377
    #21 0x7f9430c33f76 in __libc_start_call_main ../sysdeps/nptl/libc_start_call_main.h:58
    #22 0x7f9430c34026 in __libc_start_main_impl ../csu/libc-start.c:360
    #23 0x56087f73c080 in _start (/run/media/user/8ed8205b-4114-4c2a-b2d0-e2ad6640262d/gpac/runtime/gpac_asan/bin/gcc/MP4Box+0x4d080) (BuildId: 1651312aefdad6adf454cb6d555ab16d3e0fe1b8)

Indirect leak of 40 byte(s) in 1 object(s) allocated from:
    #0 0x7f9432f2435f in malloc ../../../../src/libsanitizer/asan/asan_malloc_linux.cpp:67
    #1 0x7f94312e0f96 in Curve2D_Create scenegraph/mpeg4_nodes.c:3881
    #2 0x7f94312e0f96 in gf_sg_mpeg4_node_new scenegraph/mpeg4_nodes.c:36762
    #3 0x7f943126aa22 in gf_node_new scenegraph/base_scenegraph.c:2112
    #4 0x7f94319c6560 in xmt_parse_element scene_manager/loader_xmt.c:2036
    #5 0x7f94319cbae3 in xmt_node_start scene_manager/loader_xmt.c:2980
    #6 0x7f943119730c in xml_sax_node_start utils/xml_parser.c:308
    #7 0x7f943119ba4c in xml_sax_parse_attribute utils/xml_parser.c:397
    #8 0x7f943119ba4c in xml_sax_parse utils/xml_parser.c:940
    #9 0x7f943119796e in gf_xml_sax_parse_intern utils/xml_parser.c:1084
    #10 0x7f943119cda7 in gf_xml_sax_parse utils/xml_parser.c:1138
    #11 0x7f943119d103 in xml_sax_read_file utils/xml_parser.c:1225
    #12 0x7f943119dbb8 in gf_xml_sax_parse_file utils/xml_parser.c:1338
    #13 0x7f94319baa39 in load_xmt_run scene_manager/loader_xmt.c:3700
    #14 0x7f9432067443 in ctxload_process filters/load_bt_xmt.c:544
    #15 0x7f9431de0093 in gf_filter_process_task filter_core/filter.c:3257
    #16 0x7f9431db44c1 in gf_fs_thread_proc filter_core/filter_session.c:2420
    #17 0x7f9431db9582 in gf_fs_run filter_core/filter_session.c:2728
    #18 0x7f943187328a in gf_media_import media_tools/media_import.c:1639
    #19 0x56087f79d411 in import_file /run/media/user/8ed8205b-4114-4c2a-b2d0-e2ad6640262d/gpac/runtime/gpac_asan/applications/mp4box/fileimport.c:1733
    #20 0x56087f759fc9 in do_add_cat /run/media/user/8ed8205b-4114-4c2a-b2d0-e2ad6640262d/gpac/runtime/gpac_asan/applications/mp4box/mp4box.c:4633
    #21 0x56087f75c3f7 in mp4box_main /run/media/user/8ed8205b-4114-4c2a-b2d0-e2ad6640262d/gpac/runtime/gpac_asan/applications/mp4box/mp4box.c:6377
    #22 0x7f9430c33f76 in __libc_start_call_main ../sysdeps/nptl/libc_start_call_main.h:58
    #23 0x7f9430c34026 in __libc_start_main_impl ../csu/libc-start.c:360
    #24 0x56087f73c080 in _start (/run/media/user/8ed8205b-4114-4c2a-b2d0-e2ad6640262d/gpac/runtime/gpac_asan/bin/gcc/MP4Box+0x4d080) (BuildId: 1651312aefdad6adf454cb6d555ab16d3e0fe1b8)

Indirect leak of 40 byte(s) in 1 object(s) allocated from:
    #0 0x7f9432f2435f in malloc ../../../../src/libsanitizer/asan/asan_malloc_linux.cpp:67
    #1 0x7f94312dfc26 in TextureTransform_Create scenegraph/mpeg4_nodes.c:14343
    #2 0x7f94312dfc26 in gf_sg_mpeg4_node_new scenegraph/mpeg4_nodes.c:36888
    #3 0x7f943126aa22 in gf_node_new scenegraph/base_scenegraph.c:2112
    #4 0x7f94319c6560 in xmt_parse_element scene_manager/loader_xmt.c:2036
    #5 0x7f94319cbae3 in xmt_node_start scene_manager/loader_xmt.c:2980
    #6 0x7f943119730c in xml_sax_node_start utils/xml_parser.c:308
    #7 0x7f943119c087 in xml_sax_parse_attribute utils/xml_parser.c:357
    #8 0x7f943119c087 in xml_sax_parse utils/xml_parser.c:940
    #9 0x7f943119796e in gf_xml_sax_parse_intern utils/xml_parser.c:1084
    #10 0x7f943119cda7 in gf_xml_sax_parse utils/xml_parser.c:1138
    #11 0x7f943119d103 in xml_sax_read_file utils/xml_parser.c:1225
    #12 0x7f943119dbb8 in gf_xml_sax_parse_file utils/xml_parser.c:1338
    #13 0x7f94319baa39 in load_xmt_run scene_manager/loader_xmt.c:3700
    #14 0x7f9432067443 in ctxload_process filters/load_bt_xmt.c:544
    #15 0x7f9431de0093 in gf_filter_process_task filter_core/filter.c:3257
    #16 0x7f9431db44c1 in gf_fs_thread_proc filter_core/filter_session.c:2420
    #17 0x7f9431db9582 in gf_fs_run filter_core/filter_session.c:2728
    #18 0x7f943187328a in gf_media_import media_tools/media_import.c:1639
    #19 0x56087f79d411 in import_file /run/media/user/8ed8205b-4114-4c2a-b2d0-e2ad6640262d/gpac/runtime/gpac_asan/applications/mp4box/fileimport.c:1733
    #20 0x56087f759fc9 in do_add_cat /run/media/user/8ed8205b-4114-4c2a-b2d0-e2ad6640262d/gpac/runtime/gpac_asan/applications/mp4box/mp4box.c:4633
    #21 0x56087f75c3f7 in mp4box_main /run/media/user/8ed8205b-4114-4c2a-b2d0-e2ad6640262d/gpac/runtime/gpac_asan/applications/mp4box/mp4box.c:6377
    #22 0x7f9430c33f76 in __libc_start_call_main ../sysdeps/nptl/libc_start_call_main.h:58
    #23 0x7f9430c34026 in __libc_start_main_impl ../csu/libc-start.c:360
    #24 0x56087f73c080 in _start (/run/media/user/8ed8205b-4114-4c2a-b2d0-e2ad6640262d/gpac/runtime/gpac_asan/bin/gcc/MP4Box+0x4d080) (BuildId: 1651312aefdad6adf454cb6d555ab16d3e0fe1b8)

Indirect leak of 40 byte(s) in 1 object(s) allocated from:
    #0 0x7f9432f2435f in malloc ../../../../src/libsanitizer/asan/asan_malloc_linux.cpp:67
    #1 0x7f94312dd64a in XCurve2D_Create scenegraph/mpeg4_nodes.c:32059
    #2 0x7f94312dd64a in gf_sg_mpeg4_node_new scenegraph/mpeg4_nodes.c:37044
    #3 0x7f943126aa22 in gf_node_new scenegraph/base_scenegraph.c:2112
    #4 0x7f94319c6560 in xmt_parse_element scene_manager/loader_xmt.c:2036
    #5 0x7f94319cbae3 in xmt_node_start scene_manager/loader_xmt.c:2980
    #6 0x7f943119730c in xml_sax_node_start utils/xml_parser.c:308
    #7 0x7f943119ba4c in xml_sax_parse_attribute utils/xml_parser.c:397
    #8 0x7f943119ba4c in xml_sax_parse utils/xml_parser.c:940
    #9 0x7f9431197d60 in gf_xml_sax_parse_intern utils/xml_parser.c:1110
    #10 0x7f943119cda7 in gf_xml_sax_parse utils/xml_parser.c:1138
    #11 0x7f943119d103 in xml_sax_read_file utils/xml_parser.c:1225
    #12 0x7f943119dbb8 in gf_xml_sax_parse_file utils/xml_parser.c:1338
    #13 0x7f94319baa39 in load_xmt_run scene_manager/loader_xmt.c:3700
    #14 0x7f9432067443 in ctxload_process filters/load_bt_xmt.c:544
    #15 0x7f9431de0093 in gf_filter_process_task filter_core/filter.c:3257
    #16 0x7f9431db44c1 in gf_fs_thread_proc filter_core/filter_session.c:2420
    #17 0x7f9431db9582 in gf_fs_run filter_core/filter_session.c:2728
    #18 0x7f943187328a in gf_media_import media_tools/media_import.c:1639
    #19 0x56087f79d411 in import_file /run/media/user/8ed8205b-4114-4c2a-b2d0-e2ad6640262d/gpac/runtime/gpac_asan/applications/mp4box/fileimport.c:1733
    #20 0x56087f759fc9 in do_add_cat /run/media/user/8ed8205b-4114-4c2a-b2d0-e2ad6640262d/gpac/runtime/gpac_asan/applications/mp4box/mp4box.c:4633
    #21 0x56087f75c3f7 in mp4box_main /run/media/user/8ed8205b-4114-4c2a-b2d0-e2ad6640262d/gpac/runtime/gpac_asan/applications/mp4box/mp4box.c:6377
    #22 0x7f9430c33f76 in __libc_start_call_main ../sysdeps/nptl/libc_start_call_main.h:58
    #23 0x7f9430c34026 in __libc_start_main_impl ../csu/libc-start.c:360
    #24 0x56087f73c080 in _start (/run/media/user/8ed8205b-4114-4c2a-b2d0-e2ad6640262d/gpac/runtime/gpac_asan/bin/gcc/MP4Box+0x4d080) (BuildId: 1651312aefdad6adf454cb6d555ab16d3e0fe1b8)

Indirect leak of 40 byte(s) in 1 object(s) allocated from:
    #0 0x7f9432f2435f in malloc ../../../../src/libsanitizer/asan/asan_malloc_linux.cpp:67
    #1 0x7f94312e084c in PixelTexture_Create scenegraph/mpeg4_nodes.c:10690
    #2 0x7f94312e084c in gf_sg_mpeg4_node_new scenegraph/mpeg4_nodes.c:36840
    #3 0x7f943126aa22 in gf_node_new scenegraph/base_scenegraph.c:2112
    #4 0x7f94319c6560 in xmt_parse_element scene_manager/loader_xmt.c:2036
    #5 0x7f94319cbae3 in xmt_node_start scene_manager/loader_xmt.c:2980
    #6 0x7f943119730c in xml_sax_node_start utils/xml_parser.c:308
    #7 0x7f943119c087 in xml_sax_parse_attribute utils/xml_parser.c:357
    #8 0x7f943119c087 in xml_sax_parse utils/xml_parser.c:940
    #9 0x7f9431197d60 in gf_xml_sax_parse_intern utils/xml_parser.c:1110
    #10 0x7f943119cda7 in gf_xml_sax_parse utils/xml_parser.c:1138
    #11 0x7f943119d103 in xml_sax_read_file utils/xml_parser.c:1225
    #12 0x7f943119dbb8 in gf_xml_sax_parse_file utils/xml_parser.c:1338
    #13 0x7f94319baa39 in load_xmt_run scene_manager/loader_xmt.c:3700
    #14 0x7f9432067443 in ctxload_process filters/load_bt_xmt.c:544
    #15 0x7f9431de0093 in gf_filter_process_task filter_core/filter.c:3257
    #16 0x7f9431db44c1 in gf_fs_thread_proc filter_core/filter_session.c:2420
    #17 0x7f9431db9582 in gf_fs_run filter_core/filter_session.c:2728
    #18 0x7f943187328a in gf_media_import media_tools/media_import.c:1639
    #19 0x56087f79d411 in import_file /run/media/user/8ed8205b-4114-4c2a-b2d0-e2ad6640262d/gpac/runtime/gpac_asan/applications/mp4box/fileimport.c:1733
    #20 0x56087f759fc9 in do_add_cat /run/media/user/8ed8205b-4114-4c2a-b2d0-e2ad6640262d/gpac/runtime/gpac_asan/applications/mp4box/mp4box.c:4633
    #21 0x56087f75c3f7 in mp4box_main /run/media/user/8ed8205b-4114-4c2a-b2d0-e2ad6640262d/gpac/runtime/gpac_asan/applications/mp4box/mp4box.c:6377
    #22 0x7f9430c33f76 in __libc_start_call_main ../sysdeps/nptl/libc_start_call_main.h:58
    #23 0x7f9430c34026 in __libc_start_main_impl ../csu/libc-start.c:360
    #24 0x56087f73c080 in _start (/run/media/user/8ed8205b-4114-4c2a-b2d0-e2ad6640262d/gpac/runtime/gpac_asan/bin/gcc/MP4Box+0x4d080) (BuildId: 1651312aefdad6adf454cb6d555ab16d3e0fe1b8)

Indirect leak of 40 byte(s) in 1 object(s) allocated from:
    #0 0x7f9432f2435f in malloc ../../../../src/libsanitizer/asan/asan_malloc_linux.cpp:67
    #1 0x7f94312e0f96 in Curve2D_Create scenegraph/mpeg4_nodes.c:3881
    #2 0x7f94312e0f96 in gf_sg_mpeg4_node_new scenegraph/mpeg4_nodes.c:36762
    #3 0x7f943126aa22 in gf_node_new scenegraph/base_scenegraph.c:2112
    #4 0x7f94319c6560 in xmt_parse_element scene_manager/loader_xmt.c:2036
    #5 0x7f94319cbae3 in xmt_node_start scene_manager/loader_xmt.c:2980
    #6 0x7f943119730c in xml_sax_node_start utils/xml_parser.c:308
    #7 0x7f943119ba4c in xml_sax_parse_attribute utils/xml_parser.c:397
    #8 0x7f943119ba4c in xml_sax_parse utils/xml_parser.c:940
    #9 0x7f9431197d60 in gf_xml_sax_parse_intern utils/xml_parser.c:1110
    #10 0x7f943119cda7 in gf_xml_sax_parse utils/xml_parser.c:1138
    #11 0x7f943119d103 in xml_sax_read_file utils/xml_parser.c:1225
    #12 0x7f943119dbb8 in gf_xml_sax_parse_file utils/xml_parser.c:1338
    #13 0x7f94319baa39 in load_xmt_run scene_manager/loader_xmt.c:3700
    #14 0x7f9432067443 in ctxload_process filters/load_bt_xmt.c:544
    #15 0x7f9431de0093 in gf_filter_process_task filter_core/filter.c:3257
    #16 0x7f9431db44c1 in gf_fs_thread_proc filter_core/filter_session.c:2420
    #17 0x7f9431db9582 in gf_fs_run filter_core/filter_session.c:2728
    #18 0x7f943187328a in gf_media_import media_tools/media_import.c:1639
    #19 0x56087f79d411 in import_file /run/media/user/8ed8205b-4114-4c2a-b2d0-e2ad6640262d/gpac/runtime/gpac_asan/applications/mp4box/fileimport.c:1733
    #20 0x56087f759fc9 in do_add_cat /run/media/user/8ed8205b-4114-4c2a-b2d0-e2ad6640262d/gpac/runtime/gpac_asan/applications/mp4box/mp4box.c:4633
    #21 0x56087f75c3f7 in mp4box_main /run/media/user/8ed8205b-4114-4c2a-b2d0-e2ad6640262d/gpac/runtime/gpac_asan/applications/mp4box/mp4box.c:6377
    #22 0x7f9430c33f76 in __libc_start_call_main ../sysdeps/nptl/libc_start_call_main.h:58
    #23 0x7f9430c34026 in __libc_start_main_impl ../csu/libc-start.c:360
    #24 0x56087f73c080 in _start (/run/media/user/8ed8205b-4114-4c2a-b2d0-e2ad6640262d/gpac/runtime/gpac_asan/bin/gcc/MP4Box+0x4d080) (BuildId: 1651312aefdad6adf454cb6d555ab16d3e0fe1b8)

Indirect leak of 40 byte(s) in 1 object(s) allocated from:
    #0 0x7f9432f2435f in malloc ../../../../src/libsanitizer/asan/asan_malloc_linux.cpp:67
    #1 0x7f94312dfc26 in TextureTransform_Create scenegraph/mpeg4_nodes.c:14343
    #2 0x7f94312dfc26 in gf_sg_mpeg4_node_new scenegraph/mpeg4_nodes.c:36888
    #3 0x7f943126aa22 in gf_node_new scenegraph/base_scenegraph.c:2112
    #4 0x7f94319c6560 in xmt_parse_element scene_manager/loader_xmt.c:2036
    #5 0x7f94319cbae3 in xmt_node_start scene_manager/loader_xmt.c:2980
    #6 0x7f943119730c in xml_sax_node_start utils/xml_parser.c:308
    #7 0x7f943119c087 in xml_sax_parse_attribute utils/xml_parser.c:357
    #8 0x7f943119c087 in xml_sax_parse utils/xml_parser.c:940
    #9 0x7f9431197d60 in gf_xml_sax_parse_intern utils/xml_parser.c:1110
    #10 0x7f943119cda7 in gf_xml_sax_parse utils/xml_parser.c:1138
    #11 0x7f943119d103 in xml_sax_read_file utils/xml_parser.c:1225
    #12 0x7f943119dbb8 in gf_xml_sax_parse_file utils/xml_parser.c:1338
    #13 0x7f94319baa39 in load_xmt_run scene_manager/loader_xmt.c:3700
    #14 0x7f9432067443 in ctxload_process filters/load_bt_xmt.c:544
    #15 0x7f9431de0093 in gf_filter_process_task filter_core/filter.c:3257
    #16 0x7f9431db44c1 in gf_fs_thread_proc filter_core/filter_session.c:2420
    #17 0x7f9431db9582 in gf_fs_run filter_core/filter_session.c:2728
    #18 0x7f943187328a in gf_media_import media_tools/media_import.c:1639
    #19 0x56087f79d411 in import_file /run/media/user/8ed8205b-4114-4c2a-b2d0-e2ad6640262d/gpac/runtime/gpac_asan/applications/mp4box/fileimport.c:1733
    #20 0x56087f759fc9 in do_add_cat /run/media/user/8ed8205b-4114-4c2a-b2d0-e2ad6640262d/gpac/runtime/gpac_asan/applications/mp4box/mp4box.c:4633
    #21 0x56087f75c3f7 in mp4box_main /run/media/user/8ed8205b-4114-4c2a-b2d0-e2ad6640262d/gpac/runtime/gpac_asan/applications/mp4box/mp4box.c:6377
    #22 0x7f9430c33f76 in __libc_start_call_main ../sysdeps/nptl/libc_start_call_main.h:58
    #23 0x7f9430c34026 in __libc_start_main_impl ../csu/libc-start.c:360
    #24 0x56087f73c080 in _start (/run/media/user/8ed8205b-4114-4c2a-b2d0-e2ad6640262d/gpac/runtime/gpac_asan/bin/gcc/MP4Box+0x4d080) (BuildId: 1651312aefdad6adf454cb6d555ab16d3e0fe1b8)

Indirect leak of 32 byte(s) in 1 object(s) allocated from:
    #0 0x7f9432f2435f in malloc ../../../../src/libsanitizer/asan/asan_malloc_linux.cpp:67
    #1 0x7f9431ad9336 in drawable_new compositor/drawable.c:155
    #2 0x7f9431ada23e in drawable_stack_new compositor/drawable.c:276
    #3 0x7f9431b24f18 in compositor_init_curve2d compositor/mpeg4_geometry_2d.c:649
    #4 0x7f9431c5c51a in gf_scene_on_node_init compositor/scene_node_init.c:286
    #5 0x7f9431c5c51a in gf_scene_on_node_init compositor/scene_node_init.c:206
    #6 0x7f9431c5c51a in gf_scene_node_callback compositor/scene_node_init.c:360
    #7 0x7f94319c6a44 in xmt_parse_element scene_manager/loader_xmt.c:2180
    #8 0x7f94319cbae3 in xmt_node_start scene_manager/loader_xmt.c:2980
    #9 0x7f943119730c in xml_sax_node_start utils/xml_parser.c:308
    #10 0x7f943119ba4c in xml_sax_parse_attribute utils/xml_parser.c:397
    #11 0x7f943119ba4c in xml_sax_parse utils/xml_parser.c:940
    #12 0x7f943119796e in gf_xml_sax_parse_intern utils/xml_parser.c:1084
    #13 0x7f943119cda7 in gf_xml_sax_parse utils/xml_parser.c:1138
    #14 0x7f943119d103 in xml_sax_read_file utils/xml_parser.c:1225
    #15 0x7f943119dbb8 in gf_xml_sax_parse_file utils/xml_parser.c:1338
    #16 0x7f94319baa39 in load_xmt_run scene_manager/loader_xmt.c:3700
    #17 0x7f9432067443 in ctxload_process filters/load_bt_xmt.c:544
    #18 0x7f9431de0093 in gf_filter_process_task filter_core/filter.c:3257
    #19 0x7f9431db44c1 in gf_fs_thread_proc filter_core/filter_session.c:2420
    #20 0x7f9431db9582 in gf_fs_run filter_core/filter_session.c:2728
    #21 0x7f943187328a in gf_media_import media_tools/media_import.c:1639
    #22 0x56087f79d411 in import_file /run/media/user/8ed8205b-4114-4c2a-b2d0-e2ad6640262d/gpac/runtime/gpac_asan/applications/mp4box/fileimport.c:1733
    #23 0x56087f759fc9 in do_add_cat /run/media/user/8ed8205b-4114-4c2a-b2d0-e2ad6640262d/gpac/runtime/gpac_asan/applications/mp4box/mp4box.c:4633
    #24 0x56087f75c3f7 in mp4box_main /run/media/user/8ed8205b-4114-4c2a-b2d0-e2ad6640262d/gpac/runtime/gpac_asan/applications/mp4box/mp4box.c:6377
    #25 0x7f9430c33f76 in __libc_start_call_main ../sysdeps/nptl/libc_start_call_main.h:58
    #26 0x7f9430c34026 in __libc_start_main_impl ../csu/libc-start.c:360
    #27 0x56087f73c080 in _start (/run/media/user/8ed8205b-4114-4c2a-b2d0-e2ad6640262d/gpac/runtime/gpac_asan/bin/gcc/MP4Box+0x4d080) (BuildId: 1651312aefdad6adf454cb6d555ab16d3e0fe1b8)

Indirect leak of 32 byte(s) in 1 object(s) allocated from:
    #0 0x7f9432f2435f in malloc ../../../../src/libsanitizer/asan/asan_malloc_linux.cpp:67
    #1 0x7f9431ad9336 in drawable_new compositor/drawable.c:155
    #2 0x7f9431ada23e in drawable_stack_new compositor/drawable.c:276
    #3 0x7f9431b213f8 in compositor_init_circle compositor/mpeg4_geometry_2d.c:208
    #4 0x7f9431c5c51a in gf_scene_on_node_init compositor/scene_node_init.c:286
    #5 0x7f9431c5c51a in gf_scene_on_node_init compositor/scene_node_init.c:206
    #6 0x7f9431c5c51a in gf_scene_node_callback compositor/scene_node_init.c:360
    #7 0x7f94319c6a44 in xmt_parse_element scene_manager/loader_xmt.c:2180
    #8 0x7f94319cbae3 in xmt_node_start scene_manager/loader_xmt.c:2980
    #9 0x7f943119730c in xml_sax_node_start utils/xml_parser.c:308
    #10 0x7f943119c087 in xml_sax_parse_attribute utils/xml_parser.c:357
    #11 0x7f943119c087 in xml_sax_parse utils/xml_parser.c:940
    #12 0x7f943119796e in gf_xml_sax_parse_intern utils/xml_parser.c:1084
    #13 0x7f943119cda7 in gf_xml_sax_parse utils/xml_parser.c:1138
    #14 0x7f943119d103 in xml_sax_read_file utils/xml_parser.c:1225
    #15 0x7f943119dbb8 in gf_xml_sax_parse_file utils/xml_parser.c:1338
    #16 0x7f94319baa39 in load_xmt_run scene_manager/loader_xmt.c:3700
    #17 0x7f9432067443 in ctxload_process filters/load_bt_xmt.c:544
    #18 0x7f9431de0093 in gf_filter_process_task filter_core/filter.c:3257
    #19 0x7f9431db44c1 in gf_fs_thread_proc filter_core/filter_session.c:2420
    #20 0x7f9431db9582 in gf_fs_run filter_core/filter_session.c:2728
    #21 0x7f943187328a in gf_media_import media_tools/media_import.c:1639
    #22 0x56087f79d411 in import_file /run/media/user/8ed8205b-4114-4c2a-b2d0-e2ad6640262d/gpac/runtime/gpac_asan/applications/mp4box/fileimport.c:1733
    #23 0x56087f759fc9 in do_add_cat /run/media/user/8ed8205b-4114-4c2a-b2d0-e2ad6640262d/gpac/runtime/gpac_asan/applications/mp4box/mp4box.c:4633
    #24 0x56087f75c3f7 in mp4box_main /run/media/user/8ed8205b-4114-4c2a-b2d0-e2ad6640262d/gpac/runtime/gpac_asan/applications/mp4box/mp4box.c:6377
    #25 0x7f9430c33f76 in __libc_start_call_main ../sysdeps/nptl/libc_start_call_main.h:58
    #26 0x7f9430c34026 in __libc_start_main_impl ../csu/libc-start.c:360
    #27 0x56087f73c080 in _start (/run/media/user/8ed8205b-4114-4c2a-b2d0-e2ad6640262d/gpac/runtime/gpac_asan/bin/gcc/MP4Box+0x4d080) (BuildId: 1651312aefdad6adf454cb6d555ab16d3e0fe1b8)

Indirect leak of 32 byte(s) in 2 object(s) allocated from:
    #0 0x7f9432f2435f in malloc ../../../../src/libsanitizer/asan/asan_malloc_linux.cpp:67
    #1 0x7f9431160b1d in gf_list_new utils/list.c:612
    #2 0x7f9431264123 in gf_sg_new scenegraph/base_scenegraph.c:63
    #3 0x7f9431264313 in gf_sg_new_subscene scenegraph/base_scenegraph.c:109
    #4 0x7f9431338cb0 in gf_sg_proto_create_node scenegraph/vrml_proto.c:797
    #5 0x7f94319c4d88 in xmt_parse_element scene_manager/loader_xmt.c:1975
    #6 0x7f94319cbae3 in xmt_node_start scene_manager/loader_xmt.c:2980
    #7 0x7f943119730c in xml_sax_node_start utils/xml_parser.c:308
    #8 0x7f943119ba4c in xml_sax_parse_attribute utils/xml_parser.c:397
    #9 0x7f943119ba4c in xml_sax_parse utils/xml_parser.c:940
    #10 0x7f943119796e in gf_xml_sax_parse_intern utils/xml_parser.c:1084
    #11 0x7f943119cda7 in gf_xml_sax_parse utils/xml_parser.c:1138
    #12 0x7f943119d103 in xml_sax_read_file utils/xml_parser.c:1225
    #13 0x7f943119dbb8 in gf_xml_sax_parse_file utils/xml_parser.c:1338
    #14 0x7f94319baa39 in load_xmt_run scene_manager/loader_xmt.c:3700
    #15 0x7f9432067443 in ctxload_process filters/load_bt_xmt.c:544
    #16 0x7f9431de0093 in gf_filter_process_task filter_core/filter.c:3257
    #17 0x7f9431db44c1 in gf_fs_thread_proc filter_core/filter_session.c:2420
    #18 0x7f9431db9582 in gf_fs_run filter_core/filter_session.c:2728
    #19 0x7f943187328a in gf_media_import media_tools/media_import.c:1639
    #20 0x56087f79d411 in import_file /run/media/user/8ed8205b-4114-4c2a-b2d0-e2ad6640262d/gpac/runtime/gpac_asan/applications/mp4box/fileimport.c:1733
    #21 0x56087f759fc9 in do_add_cat /run/media/user/8ed8205b-4114-4c2a-b2d0-e2ad6640262d/gpac/runtime/gpac_asan/applications/mp4box/mp4box.c:4633
    #22 0x56087f75c3f7 in mp4box_main /run/media/user/8ed8205b-4114-4c2a-b2d0-e2ad6640262d/gpac/runtime/gpac_asan/applications/mp4box/mp4box.c:6377
    #23 0x7f9430c33f76 in __libc_start_call_main ../sysdeps/nptl/libc_start_call_main.h:58
    #24 0x7f9430c34026 in __libc_start_main_impl ../csu/libc-start.c:360
    #25 0x56087f73c080 in _start (/run/media/user/8ed8205b-4114-4c2a-b2d0-e2ad6640262d/gpac/runtime/gpac_asan/bin/gcc/MP4Box+0x4d080) (BuildId: 1651312aefdad6adf454cb6d555ab16d3e0fe1b8)

Indirect leak of 32 byte(s) in 1 object(s) allocated from:
    #0 0x7f9432f2435f in malloc ../../../../src/libsanitizer/asan/asan_malloc_linux.cpp:67
    #1 0x7f94312e1d5f in ImageTexture_Create scenegraph/mpeg4_nodes.c:7679
    #2 0x7f94312e1d5f in gf_sg_mpeg4_node_new scenegraph/mpeg4_nodes.c:36800
    #3 0x7f943126aa22 in gf_node_new scenegraph/base_scenegraph.c:2112
    #4 0x7f94319c6560 in xmt_parse_element scene_manager/loader_xmt.c:2036
    #5 0x7f94319cbae3 in xmt_node_start scene_manager/loader_xmt.c:2980
    #6 0x7f943119730c in xml_sax_node_start utils/xml_parser.c:308
    #7 0x7f943119ae3f in xml_sax_parse utils/xml_parser.c:863
    #8 0x7f943119796e in gf_xml_sax_parse_intern utils/xml_parser.c:1084
    #9 0x7f943119cda7 in gf_xml_sax_parse utils/xml_parser.c:1138
    #10 0x7f943119d103 in xml_sax_read_file utils/xml_parser.c:1225
    #11 0x7f943119dbb8 in gf_xml_sax_parse_file utils/xml_parser.c:1338
    #12 0x7f94319baa39 in load_xmt_run scene_manager/loader_xmt.c:3700
    #13 0x7f9432067443 in ctxload_process filters/load_bt_xmt.c:544
    #14 0x7f9431de0093 in gf_filter_process_task filter_core/filter.c:3257
    #15 0x7f9431db44c1 in gf_fs_thread_proc filter_core/filter_session.c:2420
    #16 0x7f9431db9582 in gf_fs_run filter_core/filter_session.c:2728
    #17 0x7f943187328a in gf_media_import media_tools/media_import.c:1639
    #18 0x56087f79d411 in import_file /run/media/user/8ed8205b-4114-4c2a-b2d0-e2ad6640262d/gpac/runtime/gpac_asan/applications/mp4box/fileimport.c:1733
    #19 0x56087f759fc9 in do_add_cat /run/media/user/8ed8205b-4114-4c2a-b2d0-e2ad6640262d/gpac/runtime/gpac_asan/applications/mp4box/mp4box.c:4633
    #20 0x56087f75c3f7 in mp4box_main /run/media/user/8ed8205b-4114-4c2a-b2d0-e2ad6640262d/gpac/runtime/gpac_asan/applications/mp4box/mp4box.c:6377
    #21 0x7f9430c33f76 in __libc_start_call_main ../sysdeps/nptl/libc_start_call_main.h:58
    #22 0x7f9430c34026 in __libc_start_main_impl ../csu/libc-start.c:360
    #23 0x56087f73c080 in _start (/run/media/user/8ed8205b-4114-4c2a-b2d0-e2ad6640262d/gpac/runtime/gpac_asan/bin/gcc/MP4Box+0x4d080) (BuildId: 1651312aefdad6adf454cb6d555ab16d3e0fe1b8)

Indirect leak of 32 byte(s) in 2 object(s) allocated from:
    #0 0x7f9432f2435f in malloc ../../../../src/libsanitizer/asan/asan_malloc_linux.cpp:67
    #1 0x7f9431160b1d in gf_list_new utils/list.c:612
    #2 0x7f9431b36a3a in parent_node_setup compositor/mpeg4_grouping.c:619
    #3 0x7f9431b1ee91 in compositor_init_form compositor/mpeg4_form.c:393
    #4 0x7f9431c5c51a in gf_scene_on_node_init compositor/scene_node_init.c:286
    #5 0x7f9431c5c51a in gf_scene_on_node_init compositor/scene_node_init.c:206
    #6 0x7f9431c5c51a in gf_scene_node_callback compositor/scene_node_init.c:360
    #7 0x7f94319c6a44 in xmt_parse_element scene_manager/loader_xmt.c:2180
    #8 0x7f94319cbae3 in xmt_node_start scene_manager/loader_xmt.c:2980
    #9 0x7f943119730c in xml_sax_node_start utils/xml_parser.c:308
    #10 0x7f943119c087 in xml_sax_parse_attribute utils/xml_parser.c:357
    #11 0x7f943119c087 in xml_sax_parse utils/xml_parser.c:940
    #12 0x7f943119796e in gf_xml_sax_parse_intern utils/xml_parser.c:1084
    #13 0x7f943119cda7 in gf_xml_sax_parse utils/xml_parser.c:1138
    #14 0x7f943119d103 in xml_sax_read_file utils/xml_parser.c:1225
    #15 0x7f943119dbb8 in gf_xml_sax_parse_file utils/xml_parser.c:1338
    #16 0x7f94319baa39 in load_xmt_run scene_manager/loader_xmt.c:3700
    #17 0x7f9432067443 in ctxload_process filters/load_bt_xmt.c:544
    #18 0x7f9431de0093 in gf_filter_process_task filter_core/filter.c:3257
    #19 0x7f9431db44c1 in gf_fs_thread_proc filter_core/filter_session.c:2420
    #20 0x7f9431db9582 in gf_fs_run filter_core/filter_session.c:2728
    #21 0x7f943187328a in gf_media_import media_tools/media_import.c:1639
    #22 0x56087f79d411 in import_file /run/media/user/8ed8205b-4114-4c2a-b2d0-e2ad6640262d/gpac/runtime/gpac_asan/applications/mp4box/fileimport.c:1733
    #23 0x56087f759fc9 in do_add_cat /run/media/user/8ed8205b-4114-4c2a-b2d0-e2ad6640262d/gpac/runtime/gpac_asan/applications/mp4box/mp4box.c:4633
    #24 0x56087f75c3f7 in mp4box_main /run/media/user/8ed8205b-4114-4c2a-b2d0-e2ad6640262d/gpac/runtime/gpac_asan/applications/mp4box/mp4box.c:6377
    #25 0x7f9430c33f76 in __libc_start_call_main ../sysdeps/nptl/libc_start_call_main.h:58
    #26 0x7f9430c34026 in __libc_start_main_impl ../csu/libc-start.c:360
    #27 0x56087f73c080 in _start (/run/media/user/8ed8205b-4114-4c2a-b2d0-e2ad6640262d/gpac/runtime/gpac_asan/bin/gcc/MP4Box+0x4d080) (BuildId: 1651312aefdad6adf454cb6d555ab16d3e0fe1b8)

Indirect leak of 32 byte(s) in 2 object(s) allocated from:
    #0 0x7f9432f2435f in malloc ../../../../src/libsanitizer/asan/asan_malloc_linux.cpp:67
    #1 0x7f9431160b1d in gf_list_new utils/list.c:612
    #2 0x7f94312640fa in gf_sg_new scenegraph/base_scenegraph.c:62
    #3 0x7f9431264313 in gf_sg_new_subscene scenegraph/base_scenegraph.c:109
    #4 0x7f9431338cb0 in gf_sg_proto_create_node scenegraph/vrml_proto.c:797
    #5 0x7f94319c4d88 in xmt_parse_element scene_manager/loader_xmt.c:1975
    #6 0x7f94319cbae3 in xmt_node_start scene_manager/loader_xmt.c:2980
    #7 0x7f943119730c in xml_sax_node_start utils/xml_parser.c:308
    #8 0x7f943119ba4c in xml_sax_parse_attribute utils/xml_parser.c:397
    #9 0x7f943119ba4c in xml_sax_parse utils/xml_parser.c:940
    #10 0x7f943119796e in gf_xml_sax_parse_intern utils/xml_parser.c:1084
    #11 0x7f943119cda7 in gf_xml_sax_parse utils/xml_parser.c:1138
    #12 0x7f943119d103 in xml_sax_read_file utils/xml_parser.c:1225
    #13 0x7f943119dbb8 in gf_xml_sax_parse_file utils/xml_parser.c:1338
    #14 0x7f94319baa39 in load_xmt_run scene_manager/loader_xmt.c:3700
    #15 0x7f9432067443 in ctxload_process filters/load_bt_xmt.c:544
    #16 0x7f9431de0093 in gf_filter_process_task filter_core/filter.c:3257
    #17 0x7f9431db44c1 in gf_fs_thread_proc filter_core/filter_session.c:2420
    #18 0x7f9431db9582 in gf_fs_run filter_core/filter_session.c:2728
    #19 0x7f943187328a in gf_media_import media_tools/media_import.c:1639
    #20 0x56087f79d411 in import_file /run/media/user/8ed8205b-4114-4c2a-b2d0-e2ad6640262d/gpac/runtime/gpac_asan/applications/mp4box/fileimport.c:1733
    #21 0x56087f759fc9 in do_add_cat /run/media/user/8ed8205b-4114-4c2a-b2d0-e2ad6640262d/gpac/runtime/gpac_asan/applications/mp4box/mp4box.c:4633
    #22 0x56087f75c3f7 in mp4box_main /run/media/user/8ed8205b-4114-4c2a-b2d0-e2ad6640262d/gpac/runtime/gpac_asan/applications/mp4box/mp4box.c:6377
    #23 0x7f9430c33f76 in __libc_start_call_main ../sysdeps/nptl/libc_start_call_main.h:58
    #24 0x7f9430c34026 in __libc_start_main_impl ../csu/libc-start.c:360
    #25 0x56087f73c080 in _start (/run/media/user/8ed8205b-4114-4c2a-b2d0-e2ad6640262d/gpac/runtime/gpac_asan/bin/gcc/MP4Box+0x4d080) (BuildId: 1651312aefdad6adf454cb6d555ab16d3e0fe1b8)

Indirect leak of 32 byte(s) in 1 object(s) allocated from:
    #0 0x7f9432f2435f in malloc ../../../../src/libsanitizer/asan/asan_malloc_linux.cpp:67
    #1 0x7f9431a33685 in new_mesh compositor/mesh.c:109
    #2 0x7f9431bc7560 in drawable_3d_new compositor/visual_manager_3d.c:43
    #3 0x7f9431b2bd1b in compositor_init_point_set compositor/mpeg4_geometry_3d.c:232
    #4 0x7f9431c5c51a in gf_scene_on_node_init compositor/scene_node_init.c:286
    #5 0x7f9431c5c51a in gf_scene_on_node_init compositor/scene_node_init.c:206
    #6 0x7f9431c5c51a in gf_scene_node_callback compositor/scene_node_init.c:360
    #7 0x7f94319c6a44 in xmt_parse_element scene_manager/loader_xmt.c:2180
    #8 0x7f94319cbae3 in xmt_node_start scene_manager/loader_xmt.c:2980
    #9 0x7f943119730c in xml_sax_node_start utils/xml_parser.c:308
    #10 0x7f943119ba4c in xml_sax_parse_attribute utils/xml_parser.c:397
    #11 0x7f943119ba4c in xml_sax_parse utils/xml_parser.c:940
    #12 0x7f943119796e in gf_xml_sax_parse_intern utils/xml_parser.c:1084
    #13 0x7f943119cda7 in gf_xml_sax_parse utils/xml_parser.c:1138
    #14 0x7f943119d103 in xml_sax_read_file utils/xml_parser.c:1225
    #15 0x7f943119dbb8 in gf_xml_sax_parse_file utils/xml_parser.c:1338
    #16 0x7f94319baa39 in load_xmt_run scene_manager/loader_xmt.c:3700
    #17 0x7f9432067443 in ctxload_process filters/load_bt_xmt.c:544
    #18 0x7f9431de0093 in gf_filter_process_task filter_core/filter.c:3257
    #19 0x7f9431db44c1 in gf_fs_thread_proc filter_core/filter_session.c:2420
    #20 0x7f9431db9582 in gf_fs_run filter_core/filter_session.c:2728
    #21 0x7f943187328a in gf_media_import media_tools/media_import.c:1639
    #22 0x56087f79d411 in import_file /run/media/user/8ed8205b-4114-4c2a-b2d0-e2ad6640262d/gpac/runtime/gpac_asan/applications/mp4box/fileimport.c:1733
    #23 0x56087f759fc9 in do_add_cat /run/media/user/8ed8205b-4114-4c2a-b2d0-e2ad6640262d/gpac/runtime/gpac_asan/applications/mp4box/mp4box.c:4633
    #24 0x56087f75c3f7 in mp4box_main /run/media/user/8ed8205b-4114-4c2a-b2d0-e2ad6640262d/gpac/runtime/gpac_asan/applications/mp4box/mp4box.c:6377
    #25 0x7f9430c33f76 in __libc_start_call_main ../sysdeps/nptl/libc_start_call_main.h:58
    #26 0x7f9430c34026 in __libc_start_main_impl ../csu/libc-start.c:360
    #27 0x56087f73c080 in _start (/run/media/user/8ed8205b-4114-4c2a-b2d0-e2ad6640262d/gpac/runtime/gpac_asan/bin/gcc/MP4Box+0x4d080) (BuildId: 1651312aefdad6adf454cb6d555ab16d3e0fe1b8)

Indirect leak of 32 byte(s) in 2 object(s) allocated from:
    #0 0x7f9432f2435f in malloc ../../../../src/libsanitizer/asan/asan_malloc_linux.cpp:67
    #1 0x7f9431160b1d in gf_list_new utils/list.c:612
    #2 0x7f94312640d1 in gf_sg_new scenegraph/base_scenegraph.c:61
    #3 0x7f9431264313 in gf_sg_new_subscene scenegraph/base_scenegraph.c:109
    #4 0x7f9431338cb0 in gf_sg_proto_create_node scenegraph/vrml_proto.c:797
    #5 0x7f94319c4d88 in xmt_parse_element scene_manager/loader_xmt.c:1975
    #6 0x7f94319cbae3 in xmt_node_start scene_manager/loader_xmt.c:2980
    #7 0x7f943119730c in xml_sax_node_start utils/xml_parser.c:308
    #8 0x7f943119ba4c in xml_sax_parse_attribute utils/xml_parser.c:397
    #9 0x7f943119ba4c in xml_sax_parse utils/xml_parser.c:940
    #10 0x7f943119796e in gf_xml_sax_parse_intern utils/xml_parser.c:1084
    #11 0x7f943119cda7 in gf_xml_sax_parse utils/xml_parser.c:1138
    #12 0x7f943119d103 in xml_sax_read_file utils/xml_parser.c:1225
    #13 0x7f943119dbb8 in gf_xml_sax_parse_file utils/xml_parser.c:1338
    #14 0x7f94319baa39 in load_xmt_run scene_manager/loader_xmt.c:3700
    #15 0x7f9432067443 in ctxload_process filters/load_bt_xmt.c:544
    #16 0x7f9431de0093 in gf_filter_process_task filter_core/filter.c:3257
    #17 0x7f9431db44c1 in gf_fs_thread_proc filter_core/filter_session.c:2420
    #18 0x7f9431db9582 in gf_fs_run filter_core/filter_session.c:2728
    #19 0x7f943187328a in gf_media_import media_tools/media_import.c:1639
    #20 0x56087f79d411 in import_file /run/media/user/8ed8205b-4114-4c2a-b2d0-e2ad6640262d/gpac/runtime/gpac_asan/applications/mp4box/fileimport.c:1733
    #21 0x56087f759fc9 in do_add_cat /run/media/user/8ed8205b-4114-4c2a-b2d0-e2ad6640262d/gpac/runtime/gpac_asan/applications/mp4box/mp4box.c:4633
    #22 0x56087f75c3f7 in mp4box_main /run/media/user/8ed8205b-4114-4c2a-b2d0-e2ad6640262d/gpac/runtime/gpac_asan/applications/mp4box/mp4box.c:6377
    #23 0x7f9430c33f76 in __libc_start_call_main ../sysdeps/nptl/libc_start_call_main.h:58
    #24 0x7f9430c34026 in __libc_start_main_impl ../csu/libc-start.c:360
    #25 0x56087f73c080 in _start (/run/media/user/8ed8205b-4114-4c2a-b2d0-e2ad6640262d/gpac/runtime/gpac_asan/bin/gcc/MP4Box+0x4d080) (BuildId: 1651312aefdad6adf454cb6d555ab16d3e0fe1b8)

Indirect leak of 32 byte(s) in 1 object(s) allocated from:
    #0 0x7f9432f2435f in malloc ../../../../src/libsanitizer/asan/asan_malloc_linux.cpp:67
    #1 0x7f9431a33685 in new_mesh compositor/mesh.c:109
    #2 0x7f9431bc7560 in drawable_3d_new compositor/visual_manager_3d.c:43
    #3 0x7f9431b2bd3b in compositor_init_ifs compositor/mpeg4_geometry_3d.c:284
    #4 0x7f9431c5c51a in gf_scene_on_node_init compositor/scene_node_init.c:286
    #5 0x7f9431c5c51a in gf_scene_on_node_init compositor/scene_node_init.c:206
    #6 0x7f9431c5c51a in gf_scene_node_callback compositor/scene_node_init.c:360
    #7 0x7f94319c6a44 in xmt_parse_element scene_manager/loader_xmt.c:2180
    #8 0x7f94319cbae3 in xmt_node_start scene_manager/loader_xmt.c:2980
    #9 0x7f943119730c in xml_sax_node_start utils/xml_parser.c:308
    #10 0x7f943119c087 in xml_sax_parse_attribute utils/xml_parser.c:357
    #11 0x7f943119c087 in xml_sax_parse utils/xml_parser.c:940
    #12 0x7f943119796e in gf_xml_sax_parse_intern utils/xml_parser.c:1084
    #13 0x7f943119cda7 in gf_xml_sax_parse utils/xml_parser.c:1138
    #14 0x7f943119d103 in xml_sax_read_file utils/xml_parser.c:1225
    #15 0x7f943119dbb8 in gf_xml_sax_parse_file utils/xml_parser.c:1338
    #16 0x7f94319baa39 in load_xmt_run scene_manager/loader_xmt.c:3700
    #17 0x7f9432067443 in ctxload_process filters/load_bt_xmt.c:544
    #18 0x7f9431de0093 in gf_filter_process_task filter_core/filter.c:3257
    #19 0x7f9431db44c1 in gf_fs_thread_proc filter_core/filter_session.c:2420
    #20 0x7f9431db9582 in gf_fs_run filter_core/filter_session.c:2728
    #21 0x7f943187328a in gf_media_import media_tools/media_import.c:1639
    #22 0x56087f79d411 in import_file /run/media/user/8ed8205b-4114-4c2a-b2d0-e2ad6640262d/gpac/runtime/gpac_asan/applications/mp4box/fileimport.c:1733
    #23 0x56087f759fc9 in do_add_cat /run/media/user/8ed8205b-4114-4c2a-b2d0-e2ad6640262d/gpac/runtime/gpac_asan/applications/mp4box/mp4box.c:4633
    #24 0x56087f75c3f7 in mp4box_main /run/media/user/8ed8205b-4114-4c2a-b2d0-e2ad6640262d/gpac/runtime/gpac_asan/applications/mp4box/mp4box.c:6377
    #25 0x7f9430c33f76 in __libc_start_call_main ../sysdeps/nptl/libc_start_call_main.h:58
    #26 0x7f9430c34026 in __libc_start_main_impl ../csu/libc-start.c:360
    #27 0x56087f73c080 in _start (/run/media/user/8ed8205b-4114-4c2a-b2d0-e2ad6640262d/gpac/runtime/gpac_asan/bin/gcc/MP4Box+0x4d080) (BuildId: 1651312aefdad6adf454cb6d555ab16d3e0fe1b8)

Indirect leak of 32 byte(s) in 2 object(s) allocated from:
    #0 0x7f9432f2435f in malloc ../../../../src/libsanitizer/asan/asan_malloc_linux.cpp:67
    #1 0x7f9431160b1d in gf_list_new utils/list.c:612
    #2 0x7f94312640a8 in gf_sg_new scenegraph/base_scenegraph.c:60
    #3 0x7f9431264313 in gf_sg_new_subscene scenegraph/base_scenegraph.c:109
    #4 0x7f9431338cb0 in gf_sg_proto_create_node scenegraph/vrml_proto.c:797
    #5 0x7f94319c4d88 in xmt_parse_element scene_manager/loader_xmt.c:1975
    #6 0x7f94319cbae3 in xmt_node_start scene_manager/loader_xmt.c:2980
    #7 0x7f943119730c in xml_sax_node_start utils/xml_parser.c:308
    #8 0x7f943119ba4c in xml_sax_parse_attribute utils/xml_parser.c:397
    #9 0x7f943119ba4c in xml_sax_parse utils/xml_parser.c:940
    #10 0x7f943119796e in gf_xml_sax_parse_intern utils/xml_parser.c:1084
    #11 0x7f943119cda7 in gf_xml_sax_parse utils/xml_parser.c:1138
    #12 0x7f943119d103 in xml_sax_read_file utils/xml_parser.c:1225
    #13 0x7f943119dbb8 in gf_xml_sax_parse_file utils/xml_parser.c:1338
    #14 0x7f94319baa39 in load_xmt_run scene_manager/loader_xmt.c:3700
    #15 0x7f9432067443 in ctxload_process filters/load_bt_xmt.c:544
    #16 0x7f9431de0093 in gf_filter_process_task filter_core/filter.c:3257
    #17 0x7f9431db44c1 in gf_fs_thread_proc filter_core/filter_session.c:2420
    #18 0x7f9431db9582 in gf_fs_run filter_core/filter_session.c:2728
    #19 0x7f943187328a in gf_media_import media_tools/media_import.c:1639
    #20 0x56087f79d411 in import_file /run/media/user/8ed8205b-4114-4c2a-b2d0-e2ad6640262d/gpac/runtime/gpac_asan/applications/mp4box/fileimport.c:1733
    #21 0x56087f759fc9 in do_add_cat /run/media/user/8ed8205b-4114-4c2a-b2d0-e2ad6640262d/gpac/runtime/gpac_asan/applications/mp4box/mp4box.c:4633
    #22 0x56087f75c3f7 in mp4box_main /run/media/user/8ed8205b-4114-4c2a-b2d0-e2ad6640262d/gpac/runtime/gpac_asan/applications/mp4box/mp4box.c:6377
    #23 0x7f9430c33f76 in __libc_start_call_main ../sysdeps/nptl/libc_start_call_main.h:58
    #24 0x7f9430c34026 in __libc_start_main_impl ../csu/libc-start.c:360
    #25 0x56087f73c080 in _start (/run/media/user/8ed8205b-4114-4c2a-b2d0-e2ad6640262d/gpac/runtime/gpac_asan/bin/gcc/MP4Box+0x4d080) (BuildId: 1651312aefdad6adf454cb6d555ab16d3e0fe1b8)

Indirect leak of 32 byte(s) in 1 object(s) allocated from:
    #0 0x7f9432f2435f in malloc ../../../../src/libsanitizer/asan/asan_malloc_linux.cpp:67
    #1 0x7f9431a33685 in new_mesh compositor/mesh.c:109
    #2 0x7f9431bc7560 in drawable_3d_new compositor/visual_manager_3d.c:43
    #3 0x7f9431b2bf5b in compositor_init_non_linear_deformer compositor/mpeg4_geometry_3d.c:668
    #4 0x7f9431c5c51a in gf_scene_on_node_init compositor/scene_node_init.c:286
    #5 0x7f9431c5c51a in gf_scene_on_node_init compositor/scene_node_init.c:206
    #6 0x7f9431c5c51a in gf_scene_node_callback compositor/scene_node_init.c:360
    #7 0x7f94319c6a44 in xmt_parse_element scene_manager/loader_xmt.c:2180
    #8 0x7f94319cbae3 in xmt_node_start scene_manager/loader_xmt.c:2980
    #9 0x7f943119730c in xml_sax_node_start utils/xml_parser.c:308
    #10 0x7f943119ba4c in xml_sax_parse_attribute utils/xml_parser.c:397
    #11 0x7f943119ba4c in xml_sax_parse utils/xml_parser.c:940
    #12 0x7f9431197d60 in gf_xml_sax_parse_intern utils/xml_parser.c:1110
    #13 0x7f943119cda7 in gf_xml_sax_parse utils/xml_parser.c:1138
    #14 0x7f943119d103 in xml_sax_read_file utils/xml_parser.c:1225
    #15 0x7f943119dbb8 in gf_xml_sax_parse_file utils/xml_parser.c:1338
    #16 0x7f94319baa39 in load_xmt_run scene_manager/loader_xmt.c:3700
    #17 0x7f9432067443 in ctxload_process filters/load_bt_xmt.c:544
    #18 0x7f9431de0093 in gf_filter_process_task filter_core/filter.c:3257
    #19 0x7f9431db44c1 in gf_fs_thread_proc filter_core/filter_session.c:2420
    #20 0x7f9431db9582 in gf_fs_run filter_core/filter_session.c:2728
    #21 0x7f943187328a in gf_media_import media_tools/media_import.c:1639
    #22 0x56087f79d411 in import_file /run/media/user/8ed8205b-4114-4c2a-b2d0-e2ad6640262d/gpac/runtime/gpac_asan/applications/mp4box/fileimport.c:1733
    #23 0x56087f759fc9 in do_add_cat /run/media/user/8ed8205b-4114-4c2a-b2d0-e2ad6640262d/gpac/runtime/gpac_asan/applications/mp4box/mp4box.c:4633
    #24 0x56087f75c3f7 in mp4box_main /run/media/user/8ed8205b-4114-4c2a-b2d0-e2ad6640262d/gpac/runtime/gpac_asan/applications/mp4box/mp4box.c:6377
    #25 0x7f9430c33f76 in __libc_start_call_main ../sysdeps/nptl/libc_start_call_main.h:58
    #26 0x7f9430c34026 in __libc_start_main_impl ../csu/libc-start.c:360
    #27 0x56087f73c080 in _start (/run/media/user/8ed8205b-4114-4c2a-b2d0-e2ad6640262d/gpac/runtime/gpac_asan/bin/gcc/MP4Box+0x4d080) (BuildId: 1651312aefdad6adf454cb6d555ab16d3e0fe1b8)

Indirect leak of 32 byte(s) in 1 object(s) allocated from:
    #0 0x7f9432f2435f in malloc ../../../../src/libsanitizer/asan/asan_malloc_linux.cpp:67
    #1 0x7f9431a33685 in new_mesh compositor/mesh.c:109
    #2 0x7f9431bc7560 in drawable_3d_new compositor/visual_manager_3d.c:43
    #3 0x7f9431b2bdeb in compositor_init_ils compositor/mpeg4_geometry_3d.c:334
    #4 0x7f9431c5c51a in gf_scene_on_node_init compositor/scene_node_init.c:286
    #5 0x7f9431c5c51a in gf_scene_on_node_init compositor/scene_node_init.c:206
    #6 0x7f9431c5c51a in gf_scene_node_callback compositor/scene_node_init.c:360
    #7 0x7f94319c6a44 in xmt_parse_element scene_manager/loader_xmt.c:2180
    #8 0x7f94319cbae3 in xmt_node_start scene_manager/loader_xmt.c:2980
    #9 0x7f943119730c in xml_sax_node_start utils/xml_parser.c:308
    #10 0x7f943119ba4c in xml_sax_parse_attribute utils/xml_parser.c:397
    #11 0x7f943119ba4c in xml_sax_parse utils/xml_parser.c:940
    #12 0x7f9431197d60 in gf_xml_sax_parse_intern utils/xml_parser.c:1110
    #13 0x7f943119cda7 in gf_xml_sax_parse utils/xml_parser.c:1138
    #14 0x7f943119d103 in xml_sax_read_file utils/xml_parser.c:1225
    #15 0x7f943119dbb8 in gf_xml_sax_parse_file utils/xml_parser.c:1338
    #16 0x7f94319baa39 in load_xmt_run scene_manager/loader_xmt.c:3700
    #17 0x7f9432067443 in ctxload_process filters/load_bt_xmt.c:544
    #18 0x7f9431de0093 in gf_filter_process_task filter_core/filter.c:3257
    #19 0x7f9431db44c1 in gf_fs_thread_proc filter_core/filter_session.c:2420
    #20 0x7f9431db9582 in gf_fs_run filter_core/filter_session.c:2728
    #21 0x7f943187328a in gf_media_import media_tools/media_import.c:1639
    #22 0x56087f79d411 in import_file /run/media/user/8ed8205b-4114-4c2a-b2d0-e2ad6640262d/gpac/runtime/gpac_asan/applications/mp4box/fileimport.c:1733
    #23 0x56087f759fc9 in do_add_cat /run/media/user/8ed8205b-4114-4c2a-b2d0-e2ad6640262d/gpac/runtime/gpac_asan/applications/mp4box/mp4box.c:4633
    #24 0x56087f75c3f7 in mp4box_main /run/media/user/8ed8205b-4114-4c2a-b2d0-e2ad6640262d/gpac/runtime/gpac_asan/applications/mp4box/mp4box.c:6377
    #25 0x7f9430c33f76 in __libc_start_call_main ../sysdeps/nptl/libc_start_call_main.h:58
    #26 0x7f9430c34026 in __libc_start_main_impl ../csu/libc-start.c:360
    #27 0x56087f73c080 in _start (/run/media/user/8ed8205b-4114-4c2a-b2d0-e2ad6640262d/gpac/runtime/gpac_asan/bin/gcc/MP4Box+0x4d080) (BuildId: 1651312aefdad6adf454cb6d555ab16d3e0fe1b8)

Indirect leak of 32 byte(s) in 1 object(s) allocated from:
    #0 0x7f9432f2435f in malloc ../../../../src/libsanitizer/asan/asan_malloc_linux.cpp:67
    #1 0x7f9431a33685 in new_mesh compositor/mesh.c:109
    #2 0x7f9431bc7560 in drawable_3d_new compositor/visual_manager_3d.c:43
    #3 0x7f9431b2bd3b in compositor_init_ifs compositor/mpeg4_geometry_3d.c:284
    #4 0x7f9431c5c51a in gf_scene_on_node_init compositor/scene_node_init.c:286
    #5 0x7f9431c5c51a in gf_scene_on_node_init compositor/scene_node_init.c:206
    #6 0x7f9431c5c51a in gf_scene_node_callback compositor/scene_node_init.c:360
    #7 0x7f94319c6a44 in xmt_parse_element scene_manager/loader_xmt.c:2180
    #8 0x7f94319cbae3 in xmt_node_start scene_manager/loader_xmt.c:2980
    #9 0x7f943119730c in xml_sax_node_start utils/xml_parser.c:308
    #10 0x7f943119ba4c in xml_sax_parse_attribute utils/xml_parser.c:397
    #11 0x7f943119ba4c in xml_sax_parse utils/xml_parser.c:940
    #12 0x7f9431197d60 in gf_xml_sax_parse_intern utils/xml_parser.c:1110
    #13 0x7f943119cda7 in gf_xml_sax_parse utils/xml_parser.c:1138
    #14 0x7f943119d103 in xml_sax_read_file utils/xml_parser.c:1225
    #15 0x7f943119dbb8 in gf_xml_sax_parse_file utils/xml_parser.c:1338
    #16 0x7f94319baa39 in load_xmt_run scene_manager/loader_xmt.c:3700
    #17 0x7f9432067443 in ctxload_process filters/load_bt_xmt.c:544
    #18 0x7f9431de0093 in gf_filter_process_task filter_core/filter.c:3257
    #19 0x7f9431db44c1 in gf_fs_thread_proc filter_core/filter_session.c:2420
    #20 0x7f9431db9582 in gf_fs_run filter_core/filter_session.c:2728
    #21 0x7f943187328a in gf_media_import media_tools/media_import.c:1639
    #22 0x56087f79d411 in import_file /run/media/user/8ed8205b-4114-4c2a-b2d0-e2ad6640262d/gpac/runtime/gpac_asan/applications/mp4box/fileimport.c:1733
    #23 0x56087f759fc9 in do_add_cat /run/media/user/8ed8205b-4114-4c2a-b2d0-e2ad6640262d/gpac/runtime/gpac_asan/applications/mp4box/mp4box.c:4633
    #24 0x56087f75c3f7 in mp4box_main /run/media/user/8ed8205b-4114-4c2a-b2d0-e2ad6640262d/gpac/runtime/gpac_asan/applications/mp4box/mp4box.c:6377
    #25 0x7f9430c33f76 in __libc_start_call_main ../sysdeps/nptl/libc_start_call_main.h:58
    #26 0x7f9430c34026 in __libc_start_main_impl ../csu/libc-start.c:360
    #27 0x56087f73c080 in _start (/run/media/user/8ed8205b-4114-4c2a-b2d0-e2ad6640262d/gpac/runtime/gpac_asan/bin/gcc/MP4Box+0x4d080) (BuildId: 1651312aefdad6adf454cb6d555ab16d3e0fe1b8)

Indirect leak of 32 byte(s) in 1 object(s) allocated from:
    #0 0x7f9432f2435f in malloc ../../../../src/libsanitizer/asan/asan_malloc_linux.cpp:67
    #1 0x7f9431a33685 in new_mesh compositor/mesh.c:109
    #2 0x7f9431bc7560 in drawable_3d_new compositor/visual_manager_3d.c:43
    #3 0x7f9431b2beab in compositor_init_extrusion compositor/mpeg4_geometry_3d.c:426
    #4 0x7f9431c5c51a in gf_scene_on_node_init compositor/scene_node_init.c:286
    #5 0x7f9431c5c51a in gf_scene_on_node_init compositor/scene_node_init.c:206
    #6 0x7f9431c5c51a in gf_scene_node_callback compositor/scene_node_init.c:360
    #7 0x7f94319c6a44 in xmt_parse_element scene_manager/loader_xmt.c:2180
    #8 0x7f94319cbae3 in xmt_node_start scene_manager/loader_xmt.c:2980
    #9 0x7f943119730c in xml_sax_node_start utils/xml_parser.c:308
    #10 0x7f943119c087 in xml_sax_parse_attribute utils/xml_parser.c:357
    #11 0x7f943119c087 in xml_sax_parse utils/xml_parser.c:940
    #12 0x7f9431197d60 in gf_xml_sax_parse_intern utils/xml_parser.c:1110
    #13 0x7f943119cda7 in gf_xml_sax_parse utils/xml_parser.c:1138
    #14 0x7f943119d103 in xml_sax_read_file utils/xml_parser.c:1225
    #15 0x7f943119dbb8 in gf_xml_sax_parse_file utils/xml_parser.c:1338
    #16 0x7f94319baa39 in load_xmt_run scene_manager/loader_xmt.c:3700
    #17 0x7f9432067443 in ctxload_process filters/load_bt_xmt.c:544
    #18 0x7f9431de0093 in gf_filter_process_task filter_core/filter.c:3257
    #19 0x7f9431db44c1 in gf_fs_thread_proc filter_core/filter_session.c:2420
    #20 0x7f9431db9582 in gf_fs_run filter_core/filter_session.c:2728
    #21 0x7f943187328a in gf_media_import media_tools/media_import.c:1639
    #22 0x56087f79d411 in import_file /run/media/user/8ed8205b-4114-4c2a-b2d0-e2ad6640262d/gpac/runtime/gpac_asan/applications/mp4box/fileimport.c:1733
    #23 0x56087f759fc9 in do_add_cat /run/media/user/8ed8205b-4114-4c2a-b2d0-e2ad6640262d/gpac/runtime/gpac_asan/applications/mp4box/mp4box.c:4633
    #24 0x56087f75c3f7 in mp4box_main /run/media/user/8ed8205b-4114-4c2a-b2d0-e2ad6640262d/gpac/runtime/gpac_asan/applications/mp4box/mp4box.c:6377
    #25 0x7f9430c33f76 in __libc_start_call_main ../sysdeps/nptl/libc_start_call_main.h:58
    #26 0x7f9430c34026 in __libc_start_main_impl ../csu/libc-start.c:360
    #27 0x56087f73c080 in _start (/run/media/user/8ed8205b-4114-4c2a-b2d0-e2ad6640262d/gpac/runtime/gpac_asan/bin/gcc/MP4Box+0x4d080) (BuildId: 1651312aefdad6adf454cb6d555ab16d3e0fe1b8)

Indirect leak of 32 byte(s) in 1 object(s) allocated from:
    #0 0x7f9432f2435f in malloc ../../../../src/libsanitizer/asan/asan_malloc_linux.cpp:67
    #1 0x7f9431a33685 in new_mesh compositor/mesh.c:109
    #2 0x7f9431bc7560 in drawable_3d_new compositor/visual_manager_3d.c:43
    #3 0x7f9431b2be5b in compositor_init_elevation_grid compositor/mpeg4_geometry_3d.c:371
    #4 0x7f9431c5c51a in gf_scene_on_node_init compositor/scene_node_init.c:286
    #5 0x7f9431c5c51a in gf_scene_on_node_init compositor/scene_node_init.c:206
    #6 0x7f9431c5c51a in gf_scene_node_callback compositor/scene_node_init.c:360
    #7 0x7f94319c6a44 in xmt_parse_element scene_manager/loader_xmt.c:2180
    #8 0x7f94319cbae3 in xmt_node_start scene_manager/loader_xmt.c:2980
    #9 0x7f943119730c in xml_sax_node_start utils/xml_parser.c:308
    #10 0x7f943119c087 in xml_sax_parse_attribute utils/xml_parser.c:357
    #11 0x7f943119c087 in xml_sax_parse utils/xml_parser.c:940
    #12 0x7f9431197d60 in gf_xml_sax_parse_intern utils/xml_parser.c:1110
    #13 0x7f943119cda7 in gf_xml_sax_parse utils/xml_parser.c:1138
    #14 0x7f943119d103 in xml_sax_read_file utils/xml_parser.c:1225
    #15 0x7f943119dbb8 in gf_xml_sax_parse_file utils/xml_parser.c:1338
    #16 0x7f94319baa39 in load_xmt_run scene_manager/loader_xmt.c:3700
    #17 0x7f9432067443 in ctxload_process filters/load_bt_xmt.c:544
    #18 0x7f9431de0093 in gf_filter_process_task filter_core/filter.c:3257
    #19 0x7f9431db44c1 in gf_fs_thread_proc filter_core/filter_session.c:2420
    #20 0x7f9431db9582 in gf_fs_run filter_core/filter_session.c:2728
    #21 0x7f943187328a in gf_media_import media_tools/media_import.c:1639
    #22 0x56087f79d411 in import_file /run/media/user/8ed8205b-4114-4c2a-b2d0-e2ad6640262d/gpac/runtime/gpac_asan/applications/mp4box/fileimport.c:1733
    #23 0x56087f759fc9 in do_add_cat /run/media/user/8ed8205b-4114-4c2a-b2d0-e2ad6640262d/gpac/runtime/gpac_asan/applications/mp4box/mp4box.c:4633
    #24 0x56087f75c3f7 in mp4box_main /run/media/user/8ed8205b-4114-4c2a-b2d0-e2ad6640262d/gpac/runtime/gpac_asan/applications/mp4box/mp4box.c:6377
    #25 0x7f9430c33f76 in __libc_start_call_main ../sysdeps/nptl/libc_start_call_main.h:58
    #26 0x7f9430c34026 in __libc_start_main_impl ../csu/libc-start.c:360
    #27 0x56087f73c080 in _start (/run/media/user/8ed8205b-4114-4c2a-b2d0-e2ad6640262d/gpac/runtime/gpac_asan/bin/gcc/MP4Box+0x4d080) (BuildId: 1651312aefdad6adf454cb6d555ab16d3e0fe1b8)

Indirect leak of 32 byte(s) in 1 object(s) allocated from:
    #0 0x7f9432f2435f in malloc ../../../../src/libsanitizer/asan/asan_malloc_linux.cpp:67
    #1 0x7f9431a33685 in new_mesh compositor/mesh.c:109
    #2 0x7f9431bc7560 in drawable_3d_new compositor/visual_manager_3d.c:43
    #3 0x7f9431b2ab5b in compositor_init_cylinder compositor/mpeg4_geometry_3d.c:116
    #4 0x7f9431c5c51a in gf_scene_on_node_init compositor/scene_node_init.c:286
    #5 0x7f9431c5c51a in gf_scene_on_node_init compositor/scene_node_init.c:206
    #6 0x7f9431c5c51a in gf_scene_node_callback compositor/scene_node_init.c:360
    #7 0x7f94319c6a44 in xmt_parse_element scene_manager/loader_xmt.c:2180
    #8 0x7f94319cbae3 in xmt_node_start scene_manager/loader_xmt.c:2980
    #9 0x7f943119730c in xml_sax_node_start utils/xml_parser.c:308
    #10 0x7f943119c087 in xml_sax_parse_attribute utils/xml_parser.c:357
    #11 0x7f943119c087 in xml_sax_parse utils/xml_parser.c:940
    #12 0x7f9431197d60 in gf_xml_sax_parse_intern utils/xml_parser.c:1110
    #13 0x7f943119cda7 in gf_xml_sax_parse utils/xml_parser.c:1138
    #14 0x7f943119d103 in xml_sax_read_file utils/xml_parser.c:1225
    #15 0x7f943119dbb8 in gf_xml_sax_parse_file utils/xml_parser.c:1338
    #16 0x7f94319baa39 in load_xmt_run scene_manager/loader_xmt.c:3700
    #17 0x7f9432067443 in ctxload_process filters/load_bt_xmt.c:544
    #18 0x7f9431de0093 in gf_filter_process_task filter_core/filter.c:3257
    #19 0x7f9431db44c1 in gf_fs_thread_proc filter_core/filter_session.c:2420
    #20 0x7f9431db9582 in gf_fs_run filter_core/filter_session.c:2728
    #21 0x7f943187328a in gf_media_import media_tools/media_import.c:1639
    #22 0x56087f79d411 in import_file /run/media/user/8ed8205b-4114-4c2a-b2d0-e2ad6640262d/gpac/runtime/gpac_asan/applications/mp4box/fileimport.c:1733
    #23 0x56087f759fc9 in do_add_cat /run/media/user/8ed8205b-4114-4c2a-b2d0-e2ad6640262d/gpac/runtime/gpac_asan/applications/mp4box/mp4box.c:4633
    #24 0x56087f75c3f7 in mp4box_main /run/media/user/8ed8205b-4114-4c2a-b2d0-e2ad6640262d/gpac/runtime/gpac_asan/applications/mp4box/mp4box.c:6377
    #25 0x7f9430c33f76 in __libc_start_call_main ../sysdeps/nptl/libc_start_call_main.h:58
    #26 0x7f9430c34026 in __libc_start_main_impl ../csu/libc-start.c:360
    #27 0x56087f73c080 in _start (/run/media/user/8ed8205b-4114-4c2a-b2d0-e2ad6640262d/gpac/runtime/gpac_asan/bin/gcc/MP4Box+0x4d080) (BuildId: 1651312aefdad6adf454cb6d555ab16d3e0fe1b8)

Indirect leak of 32 byte(s) in 1 object(s) allocated from:
    #0 0x7f9432f2435f in malloc ../../../../src/libsanitizer/asan/asan_malloc_linux.cpp:67
    #1 0x7f94312e0e94 in Cylinder_Create scenegraph/mpeg4_nodes.c:4002
    #2 0x7f94312e0e94 in gf_sg_mpeg4_node_new scenegraph/mpeg4_nodes.c:36764
    #3 0x7f943126aa22 in gf_node_new scenegraph/base_scenegraph.c:2112
    #4 0x7f94319c6560 in xmt_parse_element scene_manager/loader_xmt.c:2036
    #5 0x7f94319cbae3 in xmt_node_start scene_manager/loader_xmt.c:2980
    #6 0x7f943119730c in xml_sax_node_start utils/xml_parser.c:308
    #7 0x7f943119c087 in xml_sax_parse_attribute utils/xml_parser.c:357
    #8 0x7f943119c087 in xml_sax_parse utils/xml_parser.c:940
    #9 0x7f9431197d60 in gf_xml_sax_parse_intern utils/xml_parser.c:1110
    #10 0x7f943119cda7 in gf_xml_sax_parse utils/xml_parser.c:1138
    #11 0x7f943119d103 in xml_sax_read_file utils/xml_parser.c:1225
    #12 0x7f943119dbb8 in gf_xml_sax_parse_file utils/xml_parser.c:1338
    #13 0x7f94319baa39 in load_xmt_run scene_manager/loader_xmt.c:3700
    #14 0x7f9432067443 in ctxload_process filters/load_bt_xmt.c:544
    #15 0x7f9431de0093 in gf_filter_process_task filter_core/filter.c:3257
    #16 0x7f9431db44c1 in gf_fs_thread_proc filter_core/filter_session.c:2420
    #17 0x7f9431db9582 in gf_fs_run filter_core/filter_session.c:2728
    #18 0x7f943187328a in gf_media_import media_tools/media_import.c:1639
    #19 0x56087f79d411 in import_file /run/media/user/8ed8205b-4114-4c2a-b2d0-e2ad6640262d/gpac/runtime/gpac_asan/applications/mp4box/fileimport.c:1733
    #20 0x56087f759fc9 in do_add_cat /run/media/user/8ed8205b-4114-4c2a-b2d0-e2ad6640262d/gpac/runtime/gpac_asan/applications/mp4box/mp4box.c:4633
    #21 0x56087f75c3f7 in mp4box_main /run/media/user/8ed8205b-4114-4c2a-b2d0-e2ad6640262d/gpac/runtime/gpac_asan/applications/mp4box/mp4box.c:6377
    #22 0x7f9430c33f76 in __libc_start_call_main ../sysdeps/nptl/libc_start_call_main.h:58
    #23 0x7f9430c34026 in __libc_start_main_impl ../csu/libc-start.c:360
    #24 0x56087f73c080 in _start (/run/media/user/8ed8205b-4114-4c2a-b2d0-e2ad6640262d/gpac/runtime/gpac_asan/bin/gcc/MP4Box+0x4d080) (BuildId: 1651312aefdad6adf454cb6d555ab16d3e0fe1b8)

Indirect leak of 32 byte(s) in 2 object(s) allocated from:
    #0 0x7f9432f2435f in malloc ../../../../src/libsanitizer/asan/asan_malloc_linux.cpp:67
    #1 0x7f9431160b1d in gf_list_new utils/list.c:612
    #2 0x7f943126407f in gf_sg_new scenegraph/base_scenegraph.c:59
    #3 0x7f9431264313 in gf_sg_new_subscene scenegraph/base_scenegraph.c:109
    #4 0x7f9431338cb0 in gf_sg_proto_create_node scenegraph/vrml_proto.c:797
    #5 0x7f94319c4d88 in xmt_parse_element scene_manager/loader_xmt.c:1975
    #6 0x7f94319cbae3 in xmt_node_start scene_manager/loader_xmt.c:2980
    #7 0x7f943119730c in xml_sax_node_start utils/xml_parser.c:308
    #8 0x7f943119ba4c in xml_sax_parse_attribute utils/xml_parser.c:397
    #9 0x7f943119ba4c in xml_sax_parse utils/xml_parser.c:940
    #10 0x7f943119796e in gf_xml_sax_parse_intern utils/xml_parser.c:1084
    #11 0x7f943119cda7 in gf_xml_sax_parse utils/xml_parser.c:1138
    #12 0x7f943119d103 in xml_sax_read_file utils/xml_parser.c:1225
    #13 0x7f943119dbb8 in gf_xml_sax_parse_file utils/xml_parser.c:1338
    #14 0x7f94319baa39 in load_xmt_run scene_manager/loader_xmt.c:3700
    #15 0x7f9432067443 in ctxload_process filters/load_bt_xmt.c:544
    #16 0x7f9431de0093 in gf_filter_process_task filter_core/filter.c:3257
    #17 0x7f9431db44c1 in gf_fs_thread_proc filter_core/filter_session.c:2420
    #18 0x7f9431db9582 in gf_fs_run filter_core/filter_session.c:2728
    #19 0x7f943187328a in gf_media_import media_tools/media_import.c:1639
    #20 0x56087f79d411 in import_file /run/media/user/8ed8205b-4114-4c2a-b2d0-e2ad6640262d/gpac/runtime/gpac_asan/applications/mp4box/fileimport.c:1733
    #21 0x56087f759fc9 in do_add_cat /run/media/user/8ed8205b-4114-4c2a-b2d0-e2ad6640262d/gpac/runtime/gpac_asan/applications/mp4box/mp4box.c:4633
    #22 0x56087f75c3f7 in mp4box_main /run/media/user/8ed8205b-4114-4c2a-b2d0-e2ad6640262d/gpac/runtime/gpac_asan/applications/mp4box/mp4box.c:6377
    #23 0x7f9430c33f76 in __libc_start_call_main ../sysdeps/nptl/libc_start_call_main.h:58
    #24 0x7f9430c34026 in __libc_start_main_impl ../csu/libc-start.c:360
    #25 0x56087f73c080 in _start (/run/media/user/8ed8205b-4114-4c2a-b2d0-e2ad6640262d/gpac/runtime/gpac_asan/bin/gcc/MP4Box+0x4d080) (BuildId: 1651312aefdad6adf454cb6d555ab16d3e0fe1b8)

Indirect leak of 32 byte(s) in 1 object(s) allocated from:
    #0 0x7f9432f2435f in malloc ../../../../src/libsanitizer/asan/asan_malloc_linux.cpp:67
    #1 0x7f9431a33685 in new_mesh compositor/mesh.c:109
    #2 0x7f9431bc7560 in drawable_3d_new compositor/visual_manager_3d.c:43
    #3 0x7f9431b2ab3b in compositor_init_cone compositor/mpeg4_geometry_3d.c:99
    #4 0x7f9431c5c51a in gf_scene_on_node_init compositor/scene_node_init.c:286
    #5 0x7f9431c5c51a in gf_scene_on_node_init compositor/scene_node_init.c:206
    #6 0x7f9431c5c51a in gf_scene_node_callback compositor/scene_node_init.c:360
    #7 0x7f94319c6a44 in xmt_parse_element scene_manager/loader_xmt.c:2180
    #8 0x7f94319cbae3 in xmt_node_start scene_manager/loader_xmt.c:2980
    #9 0x7f943119730c in xml_sax_node_start utils/xml_parser.c:308
    #10 0x7f943119c087 in xml_sax_parse_attribute utils/xml_parser.c:357
    #11 0x7f943119c087 in xml_sax_parse utils/xml_parser.c:940
    #12 0x7f9431197d60 in gf_xml_sax_parse_intern utils/xml_parser.c:1110
    #13 0x7f943119cda7 in gf_xml_sax_parse utils/xml_parser.c:1138
    #14 0x7f943119d103 in xml_sax_read_file utils/xml_parser.c:1225
    #15 0x7f943119dbb8 in gf_xml_sax_parse_file utils/xml_parser.c:1338
    #16 0x7f94319baa39 in load_xmt_run scene_manager/loader_xmt.c:3700
    #17 0x7f9432067443 in ctxload_process filters/load_bt_xmt.c:544
    #18 0x7f9431de0093 in gf_filter_process_task filter_core/filter.c:3257
    #19 0x7f9431db44c1 in gf_fs_thread_proc filter_core/filter_session.c:2420
    #20 0x7f9431db9582 in gf_fs_run filter_core/filter_session.c:2728
    #21 0x7f943187328a in gf_media_import media_tools/media_import.c:1639
    #22 0x56087f79d411 in import_file /run/media/user/8ed8205b-4114-4c2a-b2d0-e2ad6640262d/gpac/runtime/gpac_asan/applications/mp4box/fileimport.c:1733
    #23 0x56087f759fc9 in do_add_cat /run/media/user/8ed8205b-4114-4c2a-b2d0-e2ad6640262d/gpac/runtime/gpac_asan/applications/mp4box/mp4box.c:4633
    #24 0x56087f75c3f7 in mp4box_main /run/media/user/8ed8205b-4114-4c2a-b2d0-e2ad6640262d/gpac/runtime/gpac_asan/applications/mp4box/mp4box.c:6377
    #25 0x7f9430c33f76 in __libc_start_call_main ../sysdeps/nptl/libc_start_call_main.h:58
    #26 0x7f9430c34026 in __libc_start_main_impl ../csu/libc-start.c:360
    #27 0x56087f73c080 in _start (/run/media/user/8ed8205b-4114-4c2a-b2d0-e2ad6640262d/gpac/runtime/gpac_asan/bin/gcc/MP4Box+0x4d080) (BuildId: 1651312aefdad6adf454cb6d555ab16d3e0fe1b8)

Indirect leak of 32 byte(s) in 2 object(s) allocated from:
    #0 0x7f9432f2435f in malloc ../../../../src/libsanitizer/asan/asan_malloc_linux.cpp:67
    #1 0x7f9431160b1d in gf_list_new utils/list.c:612
    #2 0x7f943126405c in gf_sg_new scenegraph/base_scenegraph.c:56
    #3 0x7f9431264313 in gf_sg_new_subscene scenegraph/base_scenegraph.c:109
    #4 0x7f9431338cb0 in gf_sg_proto_create_node scenegraph/vrml_proto.c:797
    #5 0x7f94319c4d88 in xmt_parse_element scene_manager/loader_xmt.c:1975
    #6 0x7f94319cbae3 in xmt_node_start scene_manager/loader_xmt.c:2980
    #7 0x7f943119730c in xml_sax_node_start utils/xml_parser.c:308
    #8 0x7f943119ba4c in xml_sax_parse_attribute utils/xml_parser.c:397
    #9 0x7f943119ba4c in xml_sax_parse utils/xml_parser.c:940
    #10 0x7f943119796e in gf_xml_sax_parse_intern utils/xml_parser.c:1084
    #11 0x7f943119cda7 in gf_xml_sax_parse utils/xml_parser.c:1138
    #12 0x7f943119d103 in xml_sax_read_file utils/xml_parser.c:1225
    #13 0x7f943119dbb8 in gf_xml_sax_parse_file utils/xml_parser.c:1338
    #14 0x7f94319baa39 in load_xmt_run scene_manager/loader_xmt.c:3700
    #15 0x7f9432067443 in ctxload_process filters/load_bt_xmt.c:544
    #16 0x7f9431de0093 in gf_filter_process_task filter_core/filter.c:3257
    #17 0x7f9431db44c1 in gf_fs_thread_proc filter_core/filter_session.c:2420
    #18 0x7f9431db9582 in gf_fs_run filter_core/filter_session.c:2728
    #19 0x7f943187328a in gf_media_import media_tools/media_import.c:1639
    #20 0x56087f79d411 in import_file /run/media/user/8ed8205b-4114-4c2a-b2d0-e2ad6640262d/gpac/runtime/gpac_asan/applications/mp4box/fileimport.c:1733
    #21 0x56087f759fc9 in do_add_cat /run/media/user/8ed8205b-4114-4c2a-b2d0-e2ad6640262d/gpac/runtime/gpac_asan/applications/mp4box/mp4box.c:4633
    #22 0x56087f75c3f7 in mp4box_main /run/media/user/8ed8205b-4114-4c2a-b2d0-e2ad6640262d/gpac/runtime/gpac_asan/applications/mp4box/mp4box.c:6377
    #23 0x7f9430c33f76 in __libc_start_call_main ../sysdeps/nptl/libc_start_call_main.h:58
    #24 0x7f9430c34026 in __libc_start_main_impl ../csu/libc-start.c:360
    #25 0x56087f73c080 in _start (/run/media/user/8ed8205b-4114-4c2a-b2d0-e2ad6640262d/gpac/runtime/gpac_asan/bin/gcc/MP4Box+0x4d080) (BuildId: 1651312aefdad6adf454cb6d555ab16d3e0fe1b8)

Indirect leak of 32 byte(s) in 1 object(s) allocated from:
    #0 0x7f9432f2435f in malloc ../../../../src/libsanitizer/asan/asan_malloc_linux.cpp:67
    #1 0x7f9431a33685 in new_mesh compositor/mesh.c:109
    #2 0x7f9431bc7560 in drawable_3d_new compositor/visual_manager_3d.c:43
    #3 0x7f9431b2ab1b in compositor_init_box compositor/mpeg4_geometry_3d.c:82
    #4 0x7f9431c5c51a in gf_scene_on_node_init compositor/scene_node_init.c:286
    #5 0x7f9431c5c51a in gf_scene_on_node_init compositor/scene_node_init.c:206
    #6 0x7f9431c5c51a in gf_scene_node_callback compositor/scene_node_init.c:360
    #7 0x7f94319c6a44 in xmt_parse_element scene_manager/loader_xmt.c:2180
    #8 0x7f94319cbae3 in xmt_node_start scene_manager/loader_xmt.c:2980
    #9 0x7f943119730c in xml_sax_node_start utils/xml_parser.c:308
    #10 0x7f943119c087 in xml_sax_parse_attribute utils/xml_parser.c:357
    #11 0x7f943119c087 in xml_sax_parse utils/xml_parser.c:940
    #12 0x7f9431197d60 in gf_xml_sax_parse_intern utils/xml_parser.c:1110
    #13 0x7f943119cda7 in gf_xml_sax_parse utils/xml_parser.c:1138
    #14 0x7f943119d103 in xml_sax_read_file utils/xml_parser.c:1225
    #15 0x7f943119dbb8 in gf_xml_sax_parse_file utils/xml_parser.c:1338
    #16 0x7f94319baa39 in load_xmt_run scene_manager/loader_xmt.c:3700
    #17 0x7f9432067443 in ctxload_process filters/load_bt_xmt.c:544
    #18 0x7f9431de0093 in gf_filter_process_task filter_core/filter.c:3257
    #19 0x7f9431db44c1 in gf_fs_thread_proc filter_core/filter_session.c:2420
    #20 0x7f9431db9582 in gf_fs_run filter_core/filter_session.c:2728
    #21 0x7f943187328a in gf_media_import media_tools/media_import.c:1639
    #22 0x56087f79d411 in import_file /run/media/user/8ed8205b-4114-4c2a-b2d0-e2ad6640262d/gpac/runtime/gpac_asan/applications/mp4box/fileimport.c:1733
    #23 0x56087f759fc9 in do_add_cat /run/media/user/8ed8205b-4114-4c2a-b2d0-e2ad6640262d/gpac/runtime/gpac_asan/applications/mp4box/mp4box.c:4633
    #24 0x56087f75c3f7 in mp4box_main /run/media/user/8ed8205b-4114-4c2a-b2d0-e2ad6640262d/gpac/runtime/gpac_asan/applications/mp4box/mp4box.c:6377
    #25 0x7f9430c33f76 in __libc_start_call_main ../sysdeps/nptl/libc_start_call_main.h:58
    #26 0x7f9430c34026 in __libc_start_main_impl ../csu/libc-start.c:360
    #27 0x56087f73c080 in _start (/run/media/user/8ed8205b-4114-4c2a-b2d0-e2ad6640262d/gpac/runtime/gpac_asan/bin/gcc/MP4Box+0x4d080) (BuildId: 1651312aefdad6adf454cb6d555ab16d3e0fe1b8)

Indirect leak of 32 byte(s) in 1 object(s) allocated from:
    #0 0x7f9432f2435f in malloc ../../../../src/libsanitizer/asan/asan_malloc_linux.cpp:67
    #1 0x7f9431ad91ff in drawable_init_ex compositor/drawable.c:138
    #2 0x7f9431b14331 in compositor_init_bitmap compositor/mpeg4_bitmap.c:343
    #3 0x7f9431c5c51a in gf_scene_on_node_init compositor/scene_node_init.c:286
    #4 0x7f9431c5c51a in gf_scene_on_node_init compositor/scene_node_init.c:206
    #5 0x7f9431c5c51a in gf_scene_node_callback compositor/scene_node_init.c:360
    #6 0x7f94319c6a44 in xmt_parse_element scene_manager/loader_xmt.c:2180
    #7 0x7f94319cbae3 in xmt_node_start scene_manager/loader_xmt.c:2980
    #8 0x7f943119730c in xml_sax_node_start utils/xml_parser.c:308
    #9 0x7f943119ae3f in xml_sax_parse utils/xml_parser.c:863
    #10 0x7f9431197d60 in gf_xml_sax_parse_intern utils/xml_parser.c:1110
    #11 0x7f943119cda7 in gf_xml_sax_parse utils/xml_parser.c:1138
    #12 0x7f943119d103 in xml_sax_read_file utils/xml_parser.c:1225
    #13 0x7f943119dbb8 in gf_xml_sax_parse_file utils/xml_parser.c:1338
    #14 0x7f94319baa39 in load_xmt_run scene_manager/loader_xmt.c:3700
    #15 0x7f9432067443 in ctxload_process filters/load_bt_xmt.c:544
    #16 0x7f9431de0093 in gf_filter_process_task filter_core/filter.c:3257
    #17 0x7f9431db44c1 in gf_fs_thread_proc filter_core/filter_session.c:2420
    #18 0x7f9431db9582 in gf_fs_run filter_core/filter_session.c:2728
    #19 0x7f943187328a in gf_media_import media_tools/media_import.c:1639
    #20 0x56087f79d411 in import_file /run/media/user/8ed8205b-4114-4c2a-b2d0-e2ad6640262d/gpac/runtime/gpac_asan/applications/mp4box/fileimport.c:1733
    #21 0x56087f759fc9 in do_add_cat /run/media/user/8ed8205b-4114-4c2a-b2d0-e2ad6640262d/gpac/runtime/gpac_asan/applications/mp4box/mp4box.c:4633
    #22 0x56087f75c3f7 in mp4box_main /run/media/user/8ed8205b-4114-4c2a-b2d0-e2ad6640262d/gpac/runtime/gpac_asan/applications/mp4box/mp4box.c:6377
    #23 0x7f9430c33f76 in __libc_start_call_main ../sysdeps/nptl/libc_start_call_main.h:58
    #24 0x7f9430c34026 in __libc_start_main_impl ../csu/libc-start.c:360
    #25 0x56087f73c080 in _start (/run/media/user/8ed8205b-4114-4c2a-b2d0-e2ad6640262d/gpac/runtime/gpac_asan/bin/gcc/MP4Box+0x4d080) (BuildId: 1651312aefdad6adf454cb6d555ab16d3e0fe1b8)

Indirect leak of 32 byte(s) in 1 object(s) allocated from:
    #0 0x7f9432f2435f in malloc ../../../../src/libsanitizer/asan/asan_malloc_linux.cpp:67
    #1 0x7f9431ad9336 in drawable_new compositor/drawable.c:155
    #2 0x7f9431ada23e in drawable_stack_new compositor/drawable.c:276
    #3 0x7f9431b24f38 in compositor_init_pointset2d compositor/mpeg4_geometry_2d.c:782
    #4 0x7f9431c5c51a in gf_scene_on_node_init compositor/scene_node_init.c:286
    #5 0x7f9431c5c51a in gf_scene_on_node_init compositor/scene_node_init.c:206
    #6 0x7f9431c5c51a in gf_scene_node_callback compositor/scene_node_init.c:360
    #7 0x7f94319c6a44 in xmt_parse_element scene_manager/loader_xmt.c:2180
    #8 0x7f94319cbae3 in xmt_node_start scene_manager/loader_xmt.c:2980
    #9 0x7f943119730c in xml_sax_node_start utils/xml_parser.c:308
    #10 0x7f943119ba4c in xml_sax_parse_attribute utils/xml_parser.c:397
    #11 0x7f943119ba4c in xml_sax_parse utils/xml_parser.c:940
    #12 0x7f9431197d60 in gf_xml_sax_parse_intern utils/xml_parser.c:1110
    #13 0x7f943119cda7 in gf_xml_sax_parse utils/xml_parser.c:1138
    #14 0x7f943119d103 in xml_sax_read_file utils/xml_parser.c:1225
    #15 0x7f943119dbb8 in gf_xml_sax_parse_file utils/xml_parser.c:1338
    #16 0x7f94319baa39 in load_xmt_run scene_manager/loader_xmt.c:3700
    #17 0x7f9432067443 in ctxload_process filters/load_bt_xmt.c:544
    #18 0x7f9431de0093 in gf_filter_process_task filter_core/filter.c:3257
    #19 0x7f9431db44c1 in gf_fs_thread_proc filter_core/filter_session.c:2420
    #20 0x7f9431db9582 in gf_fs_run filter_core/filter_session.c:2728
    #21 0x7f943187328a in gf_media_import media_tools/media_import.c:1639
    #22 0x56087f79d411 in import_file /run/media/user/8ed8205b-4114-4c2a-b2d0-e2ad6640262d/gpac/runtime/gpac_asan/applications/mp4box/fileimport.c:1733
    #23 0x56087f759fc9 in do_add_cat /run/media/user/8ed8205b-4114-4c2a-b2d0-e2ad6640262d/gpac/runtime/gpac_asan/applications/mp4box/mp4box.c:4633
    #24 0x56087f75c3f7 in mp4box_main /run/media/user/8ed8205b-4114-4c2a-b2d0-e2ad6640262d/gpac/runtime/gpac_asan/applications/mp4box/mp4box.c:6377
    #25 0x7f9430c33f76 in __libc_start_call_main ../sysdeps/nptl/libc_start_call_main.h:58
    #26 0x7f9430c34026 in __libc_start_main_impl ../csu/libc-start.c:360
    #27 0x56087f73c080 in _start (/run/media/user/8ed8205b-4114-4c2a-b2d0-e2ad6640262d/gpac/runtime/gpac_asan/bin/gcc/MP4Box+0x4d080) (BuildId: 1651312aefdad6adf454cb6d555ab16d3e0fe1b8)

Indirect leak of 32 byte(s) in 1 object(s) allocated from:
    #0 0x7f9432f2435f in malloc ../../../../src/libsanitizer/asan/asan_malloc_linux.cpp:67
    #1 0x7f9431ad9336 in drawable_new compositor/drawable.c:155
    #2 0x7f9431ada23e in drawable_stack_new compositor/drawable.c:276
    #3 0x7f9431b2d518 in compositor_init_indexed_face_set2d compositor/mpeg4_geometry_ifs2d.c:344
    #4 0x7f9431c5c51a in gf_scene_on_node_init compositor/scene_node_init.c:286
    #5 0x7f9431c5c51a in gf_scene_on_node_init compositor/scene_node_init.c:206
    #6 0x7f9431c5c51a in gf_scene_node_callback compositor/scene_node_init.c:360
    #7 0x7f94319c6a44 in xmt_parse_element scene_manager/loader_xmt.c:2180
    #8 0x7f94319cbae3 in xmt_node_start scene_manager/loader_xmt.c:2980
    #9 0x7f943119730c in xml_sax_node_start utils/xml_parser.c:308
    #10 0x7f943119ba4c in xml_sax_parse_attribute utils/xml_parser.c:397
    #11 0x7f943119ba4c in xml_sax_parse utils/xml_parser.c:940
    #12 0x7f9431197d60 in gf_xml_sax_parse_intern utils/xml_parser.c:1110
    #13 0x7f943119cda7 in gf_xml_sax_parse utils/xml_parser.c:1138
    #14 0x7f943119d103 in xml_sax_read_file utils/xml_parser.c:1225
    #15 0x7f943119dbb8 in gf_xml_sax_parse_file utils/xml_parser.c:1338
    #16 0x7f94319baa39 in load_xmt_run scene_manager/loader_xmt.c:3700
    #17 0x7f9432067443 in ctxload_process filters/load_bt_xmt.c:544
    #18 0x7f9431de0093 in gf_filter_process_task filter_core/filter.c:3257
    #19 0x7f9431db44c1 in gf_fs_thread_proc filter_core/filter_session.c:2420
    #20 0x7f9431db9582 in gf_fs_run filter_core/filter_session.c:2728
    #21 0x7f943187328a in gf_media_import media_tools/media_import.c:1639
    #22 0x56087f79d411 in import_file /run/media/user/8ed8205b-4114-4c2a-b2d0-e2ad6640262d/gpac/runtime/gpac_asan/applications/mp4box/fileimport.c:1733
    #23 0x56087f759fc9 in do_add_cat /run/media/user/8ed8205b-4114-4c2a-b2d0-e2ad6640262d/gpac/runtime/gpac_asan/applications/mp4box/mp4box.c:4633
    #24 0x56087f75c3f7 in mp4box_main /run/media/user/8ed8205b-4114-4c2a-b2d0-e2ad6640262d/gpac/runtime/gpac_asan/applications/mp4box/mp4box.c:6377
    #25 0x7f9430c33f76 in __libc_start_call_main ../sysdeps/nptl/libc_start_call_main.h:58
    #26 0x7f9430c34026 in __libc_start_main_impl ../csu/libc-start.c:360
    #27 0x56087f73c080 in _start (/run/media/user/8ed8205b-4114-4c2a-b2d0-e2ad6640262d/gpac/runtime/gpac_asan/bin/gcc/MP4Box+0x4d080) (BuildId: 1651312aefdad6adf454cb6d555ab16d3e0fe1b8)

Indirect leak of 32 byte(s) in 2 object(s) allocated from:
    #0 0x7f9432f2435f in malloc ../../../../src/libsanitizer/asan/asan_malloc_linux.cpp:67
    #1 0x7f9431160b1d in gf_list_new utils/list.c:612
    #2 0x7f9431338bf3 in gf_sg_proto_create_node scenegraph/vrml_proto.c:789
    #3 0x7f94319c4d88 in xmt_parse_element scene_manager/loader_xmt.c:1975
    #4 0x7f94319cbae3 in xmt_node_start scene_manager/loader_xmt.c:2980
    #5 0x7f943119730c in xml_sax_node_start utils/xml_parser.c:308
    #6 0x7f943119ba4c in xml_sax_parse_attribute utils/xml_parser.c:397
    #7 0x7f943119ba4c in xml_sax_parse utils/xml_parser.c:940
    #8 0x7f943119796e in gf_xml_sax_parse_intern utils/xml_parser.c:1084
    #9 0x7f943119cda7 in gf_xml_sax_parse utils/xml_parser.c:1138
    #10 0x7f943119d103 in xml_sax_read_file utils/xml_parser.c:1225
    #11 0x7f943119dbb8 in gf_xml_sax_parse_file utils/xml_parser.c:1338
    #12 0x7f94319baa39 in load_xmt_run scene_manager/loader_xmt.c:3700
    #13 0x7f9432067443 in ctxload_process filters/load_bt_xmt.c:544
    #14 0x7f9431de0093 in gf_filter_process_task filter_core/filter.c:3257
    #15 0x7f9431db44c1 in gf_fs_thread_proc filter_core/filter_session.c:2420
    #16 0x7f9431db9582 in gf_fs_run filter_core/filter_session.c:2728
    #17 0x7f943187328a in gf_media_import media_tools/media_import.c:1639
    #18 0x56087f79d411 in import_file /run/media/user/8ed8205b-4114-4c2a-b2d0-e2ad6640262d/gpac/runtime/gpac_asan/applications/mp4box/fileimport.c:1733
    #19 0x56087f759fc9 in do_add_cat /run/media/user/8ed8205b-4114-4c2a-b2d0-e2ad6640262d/gpac/runtime/gpac_asan/applications/mp4box/mp4box.c:4633
    #20 0x56087f75c3f7 in mp4box_main /run/media/user/8ed8205b-4114-4c2a-b2d0-e2ad6640262d/gpac/runtime/gpac_asan/applications/mp4box/mp4box.c:6377
    #21 0x7f9430c33f76 in __libc_start_call_main ../sysdeps/nptl/libc_start_call_main.h:58
    #22 0x7f9430c34026 in __libc_start_main_impl ../csu/libc-start.c:360
    #23 0x56087f73c080 in _start (/run/media/user/8ed8205b-4114-4c2a-b2d0-e2ad6640262d/gpac/runtime/gpac_asan/bin/gcc/MP4Box+0x4d080) (BuildId: 1651312aefdad6adf454cb6d555ab16d3e0fe1b8)

Indirect leak of 32 byte(s) in 2 object(s) allocated from:
    #0 0x7f9432f2435f in malloc ../../../../src/libsanitizer/asan/asan_malloc_linux.cpp:67
    #1 0x7f9431160b1d in gf_list_new utils/list.c:612
    #2 0x7f9431b1ee98 in compositor_init_form compositor/mpeg4_form.c:394
    #3 0x7f9431c5c51a in gf_scene_on_node_init compositor/scene_node_init.c:286
    #4 0x7f9431c5c51a in gf_scene_on_node_init compositor/scene_node_init.c:206
    #5 0x7f9431c5c51a in gf_scene_node_callback compositor/scene_node_init.c:360
    #6 0x7f94319c6a44 in xmt_parse_element scene_manager/loader_xmt.c:2180
    #7 0x7f94319cbae3 in xmt_node_start scene_manager/loader_xmt.c:2980
    #8 0x7f943119730c in xml_sax_node_start utils/xml_parser.c:308
    #9 0x7f943119c087 in xml_sax_parse_attribute utils/xml_parser.c:357
    #10 0x7f943119c087 in xml_sax_parse utils/xml_parser.c:940
    #11 0x7f943119796e in gf_xml_sax_parse_intern utils/xml_parser.c:1084
    #12 0x7f943119cda7 in gf_xml_sax_parse utils/xml_parser.c:1138
    #13 0x7f943119d103 in xml_sax_read_file utils/xml_parser.c:1225
    #14 0x7f943119dbb8 in gf_xml_sax_parse_file utils/xml_parser.c:1338
    #15 0x7f94319baa39 in load_xmt_run scene_manager/loader_xmt.c:3700
    #16 0x7f9432067443 in ctxload_process filters/load_bt_xmt.c:544
    #17 0x7f9431de0093 in gf_filter_process_task filter_core/filter.c:3257
    #18 0x7f9431db44c1 in gf_fs_thread_proc filter_core/filter_session.c:2420
    #19 0x7f9431db9582 in gf_fs_run filter_core/filter_session.c:2728
    #20 0x7f943187328a in gf_media_import media_tools/media_import.c:1639
    #21 0x56087f79d411 in import_file /run/media/user/8ed8205b-4114-4c2a-b2d0-e2ad6640262d/gpac/runtime/gpac_asan/applications/mp4box/fileimport.c:1733
    #22 0x56087f759fc9 in do_add_cat /run/media/user/8ed8205b-4114-4c2a-b2d0-e2ad6640262d/gpac/runtime/gpac_asan/applications/mp4box/mp4box.c:4633
    #23 0x56087f75c3f7 in mp4box_main /run/media/user/8ed8205b-4114-4c2a-b2d0-e2ad6640262d/gpac/runtime/gpac_asan/applications/mp4box/mp4box.c:6377
    #24 0x7f9430c33f76 in __libc_start_call_main ../sysdeps/nptl/libc_start_call_main.h:58
    #25 0x7f9430c34026 in __libc_start_main_impl ../csu/libc-start.c:360
    #26 0x56087f73c080 in _start (/run/media/user/8ed8205b-4114-4c2a-b2d0-e2ad6640262d/gpac/runtime/gpac_asan/bin/gcc/MP4Box+0x4d080) (BuildId: 1651312aefdad6adf454cb6d555ab16d3e0fe1b8)

Indirect leak of 32 byte(s) in 1 object(s) allocated from:
    #0 0x7f9432f2435f in malloc ../../../../src/libsanitizer/asan/asan_malloc_linux.cpp:67
    #1 0x7f9431ad9336 in drawable_new compositor/drawable.c:155
    #2 0x7f9431ada23e in drawable_stack_new compositor/drawable.c:276
    #3 0x7f9431b2f698 in compositor_init_indexed_line_set2d compositor/mpeg4_geometry_ils2d.c:315
    #4 0x7f9431c5c51a in gf_scene_on_node_init compositor/scene_node_init.c:286
    #5 0x7f9431c5c51a in gf_scene_on_node_init compositor/scene_node_init.c:206
    #6 0x7f9431c5c51a in gf_scene_node_callback compositor/scene_node_init.c:360
    #7 0x7f94319c6a44 in xmt_parse_element scene_manager/loader_xmt.c:2180
    #8 0x7f94319cbae3 in xmt_node_start scene_manager/loader_xmt.c:2980
    #9 0x7f943119730c in xml_sax_node_start utils/xml_parser.c:308
    #10 0x7f943119ba4c in xml_sax_parse_attribute utils/xml_parser.c:397
    #11 0x7f943119ba4c in xml_sax_parse utils/xml_parser.c:940
    #12 0x7f9431197d60 in gf_xml_sax_parse_intern utils/xml_parser.c:1110
    #13 0x7f943119cda7 in gf_xml_sax_parse utils/xml_parser.c:1138
    #14 0x7f943119d103 in xml_sax_read_file utils/xml_parser.c:1225
    #15 0x7f943119dbb8 in gf_xml_sax_parse_file utils/xml_parser.c:1338
    #16 0x7f94319baa39 in load_xmt_run scene_manager/loader_xmt.c:3700
    #17 0x7f9432067443 in ctxload_process filters/load_bt_xmt.c:544
    #18 0x7f9431de0093 in gf_filter_process_task filter_core/filter.c:3257
    #19 0x7f9431db44c1 in gf_fs_thread_proc filter_core/filter_session.c:2420
    #20 0x7f9431db9582 in gf_fs_run filter_core/filter_session.c:2728
    #21 0x7f943187328a in gf_media_import media_tools/media_import.c:1639
    #22 0x56087f79d411 in import_file /run/media/user/8ed8205b-4114-4c2a-b2d0-e2ad6640262d/gpac/runtime/gpac_asan/applications/mp4box/fileimport.c:1733
    #23 0x56087f759fc9 in do_add_cat /run/media/user/8ed8205b-4114-4c2a-b2d0-e2ad6640262d/gpac/runtime/gpac_asan/applications/mp4box/mp4box.c:4633
    #24 0x56087f75c3f7 in mp4box_main /run/media/user/8ed8205b-4114-4c2a-b2d0-e2ad6640262d/gpac/runtime/gpac_asan/applications/mp4box/mp4box.c:6377
    #25 0x7f9430c33f76 in __libc_start_call_main ../sysdeps/nptl/libc_start_call_main.h:58
    #26 0x7f9430c34026 in __libc_start_main_impl ../csu/libc-start.c:360
    #27 0x56087f73c080 in _start (/run/media/user/8ed8205b-4114-4c2a-b2d0-e2ad6640262d/gpac/runtime/gpac_asan/bin/gcc/MP4Box+0x4d080) (BuildId: 1651312aefdad6adf454cb6d555ab16d3e0fe1b8)

Indirect leak of 32 byte(s) in 1 object(s) allocated from:
    #0 0x7f9432f2435f in malloc ../../../../src/libsanitizer/asan/asan_malloc_linux.cpp:67
    #1 0x7f9431ad9336 in drawable_new compositor/drawable.c:155
    #2 0x7f9431ada23e in drawable_stack_new compositor/drawable.c:276
    #3 0x7f9431b213f8 in compositor_init_circle compositor/mpeg4_geometry_2d.c:208
    #4 0x7f9431c5c51a in gf_scene_on_node_init compositor/scene_node_init.c:286
    #5 0x7f9431c5c51a in gf_scene_on_node_init compositor/scene_node_init.c:206
    #6 0x7f9431c5c51a in gf_scene_node_callback compositor/scene_node_init.c:360
    #7 0x7f94319c6a44 in xmt_parse_element scene_manager/loader_xmt.c:2180
    #8 0x7f94319cbae3 in xmt_node_start scene_manager/loader_xmt.c:2980
    #9 0x7f943119730c in xml_sax_node_start utils/xml_parser.c:308
    #10 0x7f943119c087 in xml_sax_parse_attribute utils/xml_parser.c:357
    #11 0x7f943119c087 in xml_sax_parse utils/xml_parser.c:940
    #12 0x7f9431197d60 in gf_xml_sax_parse_intern utils/xml_parser.c:1110
    #13 0x7f943119cda7 in gf_xml_sax_parse utils/xml_parser.c:1138
    #14 0x7f943119d103 in xml_sax_read_file utils/xml_parser.c:1225
    #15 0x7f943119dbb8 in gf_xml_sax_parse_file utils/xml_parser.c:1338
    #16 0x7f94319baa39 in load_xmt_run scene_manager/loader_xmt.c:3700
    #17 0x7f9432067443 in ctxload_process filters/load_bt_xmt.c:544
    #18 0x7f9431de0093 in gf_filter_process_task filter_core/filter.c:3257
    #19 0x7f9431db44c1 in gf_fs_thread_proc filter_core/filter_session.c:2420
    #20 0x7f9431db9582 in gf_fs_run filter_core/filter_session.c:2728
    #21 0x7f943187328a in gf_media_import media_tools/media_import.c:1639
    #22 0x56087f79d411 in import_file /run/media/user/8ed8205b-4114-4c2a-b2d0-e2ad6640262d/gpac/runtime/gpac_asan/applications/mp4box/fileimport.c:1733
    #23 0x56087f759fc9 in do_add_cat /run/media/user/8ed8205b-4114-4c2a-b2d0-e2ad6640262d/gpac/runtime/gpac_asan/applications/mp4box/mp4box.c:4633
    #24 0x56087f75c3f7 in mp4box_main /run/media/user/8ed8205b-4114-4c2a-b2d0-e2ad6640262d/gpac/runtime/gpac_asan/applications/mp4box/mp4box.c:6377
    #25 0x7f9430c33f76 in __libc_start_call_main ../sysdeps/nptl/libc_start_call_main.h:58
    #26 0x7f9430c34026 in __libc_start_main_impl ../csu/libc-start.c:360
    #27 0x56087f73c080 in _start (/run/media/user/8ed8205b-4114-4c2a-b2d0-e2ad6640262d/gpac/runtime/gpac_asan/bin/gcc/MP4Box+0x4d080) (BuildId: 1651312aefdad6adf454cb6d555ab16d3e0fe1b8)

Indirect leak of 32 byte(s) in 1 object(s) allocated from:
    #0 0x7f9432f2435f in malloc ../../../../src/libsanitizer/asan/asan_malloc_linux.cpp:67
    #1 0x7f94312e1d5f in ImageTexture_Create scenegraph/mpeg4_nodes.c:7679
    #2 0x7f94312e1d5f in gf_sg_mpeg4_node_new scenegraph/mpeg4_nodes.c:36800
    #3 0x7f943126aa22 in gf_node_new scenegraph/base_scenegraph.c:2112
    #4 0x7f94319c6560 in xmt_parse_element scene_manager/loader_xmt.c:2036
    #5 0x7f94319cbae3 in xmt_node_start scene_manager/loader_xmt.c:2980
    #6 0x7f943119730c in xml_sax_node_start utils/xml_parser.c:308
    #7 0x7f943119ae3f in xml_sax_parse utils/xml_parser.c:863
    #8 0x7f9431197d60 in gf_xml_sax_parse_intern utils/xml_parser.c:1110
    #9 0x7f943119cda7 in gf_xml_sax_parse utils/xml_parser.c:1138
    #10 0x7f943119d103 in xml_sax_read_file utils/xml_parser.c:1225
    #11 0x7f943119dbb8 in gf_xml_sax_parse_file utils/xml_parser.c:1338
    #12 0x7f94319baa39 in load_xmt_run scene_manager/loader_xmt.c:3700
    #13 0x7f9432067443 in ctxload_process filters/load_bt_xmt.c:544
    #14 0x7f9431de0093 in gf_filter_process_task filter_core/filter.c:3257
    #15 0x7f9431db44c1 in gf_fs_thread_proc filter_core/filter_session.c:2420
    #16 0x7f9431db9582 in gf_fs_run filter_core/filter_session.c:2728
    #17 0x7f943187328a in gf_media_import media_tools/media_import.c:1639
    #18 0x56087f79d411 in import_file /run/media/user/8ed8205b-4114-4c2a-b2d0-e2ad6640262d/gpac/runtime/gpac_asan/applications/mp4box/fileimport.c:1733
    #19 0x56087f759fc9 in do_add_cat /run/media/user/8ed8205b-4114-4c2a-b2d0-e2ad6640262d/gpac/runtime/gpac_asan/applications/mp4box/mp4box.c:4633
    #20 0x56087f75c3f7 in mp4box_main /run/media/user/8ed8205b-4114-4c2a-b2d0-e2ad6640262d/gpac/runtime/gpac_asan/applications/mp4box/mp4box.c:6377
    #21 0x7f9430c33f76 in __libc_start_call_main ../sysdeps/nptl/libc_start_call_main.h:58
    #22 0x7f9430c34026 in __libc_start_main_impl ../csu/libc-start.c:360
    #23 0x56087f73c080 in _start (/run/media/user/8ed8205b-4114-4c2a-b2d0-e2ad6640262d/gpac/runtime/gpac_asan/bin/gcc/MP4Box+0x4d080) (BuildId: 1651312aefdad6adf454cb6d555ab16d3e0fe1b8)

Indirect leak of 32 byte(s) in 2 object(s) allocated from:
    #0 0x7f9432f2435f in malloc ../../../../src/libsanitizer/asan/asan_malloc_linux.cpp:67
    #1 0x7f9431160b1d in gf_list_new utils/list.c:612
    #2 0x7f9431338bcb in gf_sg_proto_create_node scenegraph/vrml_proto.c:788
    #3 0x7f94319c4d88 in xmt_parse_element scene_manager/loader_xmt.c:1975
    #4 0x7f94319cbae3 in xmt_node_start scene_manager/loader_xmt.c:2980
    #5 0x7f943119730c in xml_sax_node_start utils/xml_parser.c:308
    #6 0x7f943119ba4c in xml_sax_parse_attribute utils/xml_parser.c:397
    #7 0x7f943119ba4c in xml_sax_parse utils/xml_parser.c:940
    #8 0x7f943119796e in gf_xml_sax_parse_intern utils/xml_parser.c:1084
    #9 0x7f943119cda7 in gf_xml_sax_parse utils/xml_parser.c:1138
    #10 0x7f943119d103 in xml_sax_read_file utils/xml_parser.c:1225
    #11 0x7f943119dbb8 in gf_xml_sax_parse_file utils/xml_parser.c:1338
    #12 0x7f94319baa39 in load_xmt_run scene_manager/loader_xmt.c:3700
    #13 0x7f9432067443 in ctxload_process filters/load_bt_xmt.c:544
    #14 0x7f9431de0093 in gf_filter_process_task filter_core/filter.c:3257
    #15 0x7f9431db44c1 in gf_fs_thread_proc filter_core/filter_session.c:2420
    #16 0x7f9431db9582 in gf_fs_run filter_core/filter_session.c:2728
    #17 0x7f943187328a in gf_media_import media_tools/media_import.c:1639
    #18 0x56087f79d411 in import_file /run/media/user/8ed8205b-4114-4c2a-b2d0-e2ad6640262d/gpac/runtime/gpac_asan/applications/mp4box/fileimport.c:1733
    #19 0x56087f759fc9 in do_add_cat /run/media/user/8ed8205b-4114-4c2a-b2d0-e2ad6640262d/gpac/runtime/gpac_asan/applications/mp4box/mp4box.c:4633
    #20 0x56087f75c3f7 in mp4box_main /run/media/user/8ed8205b-4114-4c2a-b2d0-e2ad6640262d/gpac/runtime/gpac_asan/applications/mp4box/mp4box.c:6377
    #21 0x7f9430c33f76 in __libc_start_call_main ../sysdeps/nptl/libc_start_call_main.h:58
    #22 0x7f9430c34026 in __libc_start_main_impl ../csu/libc-start.c:360
    #23 0x56087f73c080 in _start (/run/media/user/8ed8205b-4114-4c2a-b2d0-e2ad6640262d/gpac/runtime/gpac_asan/bin/gcc/MP4Box+0x4d080) (BuildId: 1651312aefdad6adf454cb6d555ab16d3e0fe1b8)

Indirect leak of 32 byte(s) in 2 object(s) allocated from:
    #0 0x7f9432f2435f in malloc ../../../../src/libsanitizer/asan/asan_malloc_linux.cpp:67
    #1 0x7f9431160b1d in gf_list_new utils/list.c:612
    #2 0x7f9431338ba8 in gf_sg_proto_create_node scenegraph/vrml_proto.c:787
    #3 0x7f94319c4d88 in xmt_parse_element scene_manager/loader_xmt.c:1975
    #4 0x7f94319cbae3 in xmt_node_start scene_manager/loader_xmt.c:2980
    #5 0x7f943119730c in xml_sax_node_start utils/xml_parser.c:308
    #6 0x7f943119ba4c in xml_sax_parse_attribute utils/xml_parser.c:397
    #7 0x7f943119ba4c in xml_sax_parse utils/xml_parser.c:940
    #8 0x7f943119796e in gf_xml_sax_parse_intern utils/xml_parser.c:1084
    #9 0x7f943119cda7 in gf_xml_sax_parse utils/xml_parser.c:1138
    #10 0x7f943119d103 in xml_sax_read_file utils/xml_parser.c:1225
    #11 0x7f943119dbb8 in gf_xml_sax_parse_file utils/xml_parser.c:1338
    #12 0x7f94319baa39 in load_xmt_run scene_manager/loader_xmt.c:3700
    #13 0x7f9432067443 in ctxload_process filters/load_bt_xmt.c:544
    #14 0x7f9431de0093 in gf_filter_process_task filter_core/filter.c:3257
    #15 0x7f9431db44c1 in gf_fs_thread_proc filter_core/filter_session.c:2420
    #16 0x7f9431db9582 in gf_fs_run filter_core/filter_session.c:2728
    #17 0x7f943187328a in gf_media_import media_tools/media_import.c:1639
    #18 0x56087f79d411 in import_file /run/media/user/8ed8205b-4114-4c2a-b2d0-e2ad6640262d/gpac/runtime/gpac_asan/applications/mp4box/fileimport.c:1733
    #19 0x56087f759fc9 in do_add_cat /run/media/user/8ed8205b-4114-4c2a-b2d0-e2ad6640262d/gpac/runtime/gpac_asan/applications/mp4box/mp4box.c:4633
    #20 0x56087f75c3f7 in mp4box_main /run/media/user/8ed8205b-4114-4c2a-b2d0-e2ad6640262d/gpac/runtime/gpac_asan/applications/mp4box/mp4box.c:6377
    #21 0x7f9430c33f76 in __libc_start_call_main ../sysdeps/nptl/libc_start_call_main.h:58
    #22 0x7f9430c34026 in __libc_start_main_impl ../csu/libc-start.c:360
    #23 0x56087f73c080 in _start (/run/media/user/8ed8205b-4114-4c2a-b2d0-e2ad6640262d/gpac/runtime/gpac_asan/bin/gcc/MP4Box+0x4d080) (BuildId: 1651312aefdad6adf454cb6d555ab16d3e0fe1b8)

Indirect leak of 32 byte(s) in 2 object(s) allocated from:
    #0 0x7f9432f2435f in malloc ../../../../src/libsanitizer/asan/asan_malloc_linux.cpp:67
    #1 0x7f9431264c93 in gf_node_register scenegraph/base_scenegraph.c:840
    #2 0x7f94319c6233 in xmt_parse_element scene_manager/loader_xmt.c:2165
    #3 0x7f94319cbae3 in xmt_node_start scene_manager/loader_xmt.c:2980
    #4 0x7f943119730c in xml_sax_node_start utils/xml_parser.c:308
    #5 0x7f943119ae3f in xml_sax_parse utils/xml_parser.c:863
    #6 0x7f943119796e in gf_xml_sax_parse_intern utils/xml_parser.c:1084
    #7 0x7f943119cda7 in gf_xml_sax_parse utils/xml_parser.c:1138
    #8 0x7f943119d103 in xml_sax_read_file utils/xml_parser.c:1225
    #9 0x7f943119dbb8 in gf_xml_sax_parse_file utils/xml_parser.c:1338
    #10 0x7f94319baa39 in load_xmt_run scene_manager/loader_xmt.c:3700
    #11 0x7f9432067443 in ctxload_process filters/load_bt_xmt.c:544
    #12 0x7f9431de0093 in gf_filter_process_task filter_core/filter.c:3257
    #13 0x7f9431db44c1 in gf_fs_thread_proc filter_core/filter_session.c:2420
    #14 0x7f9431db9582 in gf_fs_run filter_core/filter_session.c:2728
    #15 0x7f943187328a in gf_media_import media_tools/media_import.c:1639
    #16 0x56087f79d411 in import_file /run/media/user/8ed8205b-4114-4c2a-b2d0-e2ad6640262d/gpac/runtime/gpac_asan/applications/mp4box/fileimport.c:1733
    #17 0x56087f759fc9 in do_add_cat /run/media/user/8ed8205b-4114-4c2a-b2d0-e2ad6640262d/gpac/runtime/gpac_asan/applications/mp4box/mp4box.c:4633
    #18 0x56087f75c3f7 in mp4box_main /run/media/user/8ed8205b-4114-4c2a-b2d0-e2ad6640262d/gpac/runtime/gpac_asan/applications/mp4box/mp4box.c:6377
    #19 0x7f9430c33f76 in __libc_start_call_main ../sysdeps/nptl/libc_start_call_main.h:58
    #20 0x7f9430c34026 in __libc_start_main_impl ../csu/libc-start.c:360
    #21 0x56087f73c080 in _start (/run/media/user/8ed8205b-4114-4c2a-b2d0-e2ad6640262d/gpac/runtime/gpac_asan/bin/gcc/MP4Box+0x4d080) (BuildId: 1651312aefdad6adf454cb6d555ab16d3e0fe1b8)

Indirect leak of 32 byte(s) in 3 object(s) allocated from:
    #0 0x7f9432f2435f in malloc ../../../../src/libsanitizer/asan/asan_malloc_linux.cpp:67
    #1 0x7f9431371a49 in gf_sg_vrml_mf_insert scenegraph/vrml_tools.c:1091
    #2 0x7f94319bf2da in xmt_parse_mf_field scene_manager/loader_xmt.c:1101
    #3 0x7f94319c764d in xmt_parse_element scene_manager/loader_xmt.c:2123
    #4 0x7f94319cbae3 in xmt_node_start scene_manager/loader_xmt.c:2980
    #5 0x7f943119730c in xml_sax_node_start utils/xml_parser.c:308
    #6 0x7f943119ba4c in xml_sax_parse_attribute utils/xml_parser.c:397
    #7 0x7f943119ba4c in xml_sax_parse utils/xml_parser.c:940
    #8 0x7f943119796e in gf_xml_sax_parse_intern utils/xml_parser.c:1084
    #9 0x7f943119cda7 in gf_xml_sax_parse utils/xml_parser.c:1138
    #10 0x7f943119d103 in xml_sax_read_file utils/xml_parser.c:1225
    #11 0x7f943119dbb8 in gf_xml_sax_parse_file utils/xml_parser.c:1338
    #12 0x7f94319baa39 in load_xmt_run scene_manager/loader_xmt.c:3700
    #13 0x7f9432067443 in ctxload_process filters/load_bt_xmt.c:544
    #14 0x7f9431de0093 in gf_filter_process_task filter_core/filter.c:3257
    #15 0x7f9431db44c1 in gf_fs_thread_proc filter_core/filter_session.c:2420
    #16 0x7f9431db9582 in gf_fs_run filter_core/filter_session.c:2728
    #17 0x7f943187328a in gf_media_import media_tools/media_import.c:1639
    #18 0x56087f79d411 in import_file /run/media/user/8ed8205b-4114-4c2a-b2d0-e2ad6640262d/gpac/runtime/gpac_asan/applications/mp4box/fileimport.c:1733
    #19 0x56087f759fc9 in do_add_cat /run/media/user/8ed8205b-4114-4c2a-b2d0-e2ad6640262d/gpac/runtime/gpac_asan/applications/mp4box/mp4box.c:4633
    #20 0x56087f75c3f7 in mp4box_main /run/media/user/8ed8205b-4114-4c2a-b2d0-e2ad6640262d/gpac/runtime/gpac_asan/applications/mp4box/mp4box.c:6377
    #21 0x7f9430c33f76 in __libc_start_call_main ../sysdeps/nptl/libc_start_call_main.h:58
    #22 0x7f9430c34026 in __libc_start_main_impl ../csu/libc-start.c:360
    #23 0x56087f73c080 in _start (/run/media/user/8ed8205b-4114-4c2a-b2d0-e2ad6640262d/gpac/runtime/gpac_asan/bin/gcc/MP4Box+0x4d080) (BuildId: 1651312aefdad6adf454cb6d555ab16d3e0fe1b8)

Indirect leak of 32 byte(s) in 2 object(s) allocated from:
    #0 0x7f9432f2435f in malloc ../../../../src/libsanitizer/asan/asan_malloc_linux.cpp:67
    #1 0x7f9431160b1d in gf_list_new utils/list.c:612
    #2 0x7f9431b402d7 in compositor_init_layer2d compositor/mpeg4_layer_2d.c:364
    #3 0x7f9431c5c51a in gf_scene_on_node_init compositor/scene_node_init.c:286
    #4 0x7f9431c5c51a in gf_scene_on_node_init compositor/scene_node_init.c:206
    #5 0x7f9431c5c51a in gf_scene_node_callback compositor/scene_node_init.c:360
    #6 0x7f94319c6a44 in xmt_parse_element scene_manager/loader_xmt.c:2180
    #7 0x7f94319cbae3 in xmt_node_start scene_manager/loader_xmt.c:2980
    #8 0x7f943119730c in xml_sax_node_start utils/xml_parser.c:308
    #9 0x7f943119c087 in xml_sax_parse_attribute utils/xml_parser.c:357
    #10 0x7f943119c087 in xml_sax_parse utils/xml_parser.c:940
    #11 0x7f943119796e in gf_xml_sax_parse_intern utils/xml_parser.c:1084
    #12 0x7f943119cda7 in gf_xml_sax_parse utils/xml_parser.c:1138
    #13 0x7f943119d103 in xml_sax_read_file utils/xml_parser.c:1225
    #14 0x7f943119dbb8 in gf_xml_sax_parse_file utils/xml_parser.c:1338
    #15 0x7f94319baa39 in load_xmt_run scene_manager/loader_xmt.c:3700
    #16 0x7f9432067443 in ctxload_process filters/load_bt_xmt.c:544
    #17 0x7f9431de0093 in gf_filter_process_task filter_core/filter.c:3257
    #18 0x7f9431db44c1 in gf_fs_thread_proc filter_core/filter_session.c:2420
    #19 0x7f9431db9582 in gf_fs_run filter_core/filter_session.c:2728
    #20 0x7f943187328a in gf_media_import media_tools/media_import.c:1639
    #21 0x56087f79d411 in import_file /run/media/user/8ed8205b-4114-4c2a-b2d0-e2ad6640262d/gpac/runtime/gpac_asan/applications/mp4box/fileimport.c:1733
    #22 0x56087f759fc9 in do_add_cat /run/media/user/8ed8205b-4114-4c2a-b2d0-e2ad6640262d/gpac/runtime/gpac_asan/applications/mp4box/mp4box.c:4633
    #23 0x56087f75c3f7 in mp4box_main /run/media/user/8ed8205b-4114-4c2a-b2d0-e2ad6640262d/gpac/runtime/gpac_asan/applications/mp4box/mp4box.c:6377
    #24 0x7f9430c33f76 in __libc_start_call_main ../sysdeps/nptl/libc_start_call_main.h:58
    #25 0x7f9430c34026 in __libc_start_main_impl ../csu/libc-start.c:360
    #26 0x56087f73c080 in _start (/run/media/user/8ed8205b-4114-4c2a-b2d0-e2ad6640262d/gpac/runtime/gpac_asan/bin/gcc/MP4Box+0x4d080) (BuildId: 1651312aefdad6adf454cb6d555ab16d3e0fe1b8)

Indirect leak of 32 byte(s) in 8 object(s) allocated from:
    #0 0x7f9432f2435f in malloc ../../../../src/libsanitizer/asan/asan_malloc_linux.cpp:67
    #1 0x7f943136f16f in NewSFBool scenegraph/vrml_tools.c:298
    #2 0x7f943136f16f in gf_sg_vrml_field_pointer_new scenegraph/vrml_tools.c:501
    #3 0x7f9431339148 in gf_sg_proto_create_node scenegraph/vrml_proto.c:814
    #4 0x7f94319c4d88 in xmt_parse_element scene_manager/loader_xmt.c:1975
    #5 0x7f94319cbae3 in xmt_node_start scene_manager/loader_xmt.c:2980
    #6 0x7f943119730c in xml_sax_node_start utils/xml_parser.c:308
    #7 0x7f943119ba4c in xml_sax_parse_attribute utils/xml_parser.c:397
    #8 0x7f943119ba4c in xml_sax_parse utils/xml_parser.c:940
    #9 0x7f943119796e in gf_xml_sax_parse_intern utils/xml_parser.c:1084
    #10 0x7f943119cda7 in gf_xml_sax_parse utils/xml_parser.c:1138
    #11 0x7f943119d103 in xml_sax_read_file utils/xml_parser.c:1225
    #12 0x7f943119dbb8 in gf_xml_sax_parse_file utils/xml_parser.c:1338
    #13 0x7f94319baa39 in load_xmt_run scene_manager/loader_xmt.c:3700
    #14 0x7f9432067443 in ctxload_process filters/load_bt_xmt.c:544
    #15 0x7f9431de0093 in gf_filter_process_task filter_core/filter.c:3257
    #16 0x7f9431db44c1 in gf_fs_thread_proc filter_core/filter_session.c:2420
    #17 0x7f9431db9582 in gf_fs_run filter_core/filter_session.c:2728
    #18 0x7f943187328a in gf_media_import media_tools/media_import.c:1639
    #19 0x56087f79d411 in import_file /run/media/user/8ed8205b-4114-4c2a-b2d0-e2ad6640262d/gpac/runtime/gpac_asan/applications/mp4box/fileimport.c:1733
    #20 0x56087f759fc9 in do_add_cat /run/media/user/8ed8205b-4114-4c2a-b2d0-e2ad6640262d/gpac/runtime/gpac_asan/applications/mp4box/mp4box.c:4633
    #21 0x56087f75c3f7 in mp4box_main /run/media/user/8ed8205b-4114-4c2a-b2d0-e2ad6640262d/gpac/runtime/gpac_asan/applications/mp4box/mp4box.c:6377
    #22 0x7f9430c33f76 in __libc_start_call_main ../sysdeps/nptl/libc_start_call_main.h:58
    #23 0x7f9430c34026 in __libc_start_main_impl ../csu/libc-start.c:360
    #24 0x56087f73c080 in _start (/run/media/user/8ed8205b-4114-4c2a-b2d0-e2ad6640262d/gpac/runtime/gpac_asan/bin/gcc/MP4Box+0x4d080) (BuildId: 1651312aefdad6adf454cb6d555ab16d3e0fe1b8)

Indirect leak of 32 byte(s) in 4 object(s) allocated from:
    #0 0x7f9432f2435f in malloc ../../../../src/libsanitizer/asan/asan_malloc_linux.cpp:67
    #1 0x7f943136f1d1 in NewSFDouble scenegraph/vrml_tools.c:310
    #2 0x7f943136f1d1 in gf_sg_vrml_field_pointer_new scenegraph/vrml_tools.c:505
    #3 0x7f9431339148 in gf_sg_proto_create_node scenegraph/vrml_proto.c:814
    #4 0x7f94319c4d88 in xmt_parse_element scene_manager/loader_xmt.c:1975
    #5 0x7f94319cbae3 in xmt_node_start scene_manager/loader_xmt.c:2980
    #6 0x7f943119730c in xml_sax_node_start utils/xml_parser.c:308
    #7 0x7f943119ba4c in xml_sax_parse_attribute utils/xml_parser.c:397
    #8 0x7f943119ba4c in xml_sax_parse utils/xml_parser.c:940
    #9 0x7f943119796e in gf_xml_sax_parse_intern utils/xml_parser.c:1084
    #10 0x7f943119cda7 in gf_xml_sax_parse utils/xml_parser.c:1138
    #11 0x7f943119d103 in xml_sax_read_file utils/xml_parser.c:1225
    #12 0x7f943119dbb8 in gf_xml_sax_parse_file utils/xml_parser.c:1338
    #13 0x7f94319baa39 in load_xmt_run scene_manager/loader_xmt.c:3700
    #14 0x7f9432067443 in ctxload_process filters/load_bt_xmt.c:544
    #15 0x7f9431de0093 in gf_filter_process_task filter_core/filter.c:3257
    #16 0x7f9431db44c1 in gf_fs_thread_proc filter_core/filter_session.c:2420
    #17 0x7f9431db9582 in gf_fs_run filter_core/filter_session.c:2728
    #18 0x7f943187328a in gf_media_import media_tools/media_import.c:1639
    #19 0x56087f79d411 in import_file /run/media/user/8ed8205b-4114-4c2a-b2d0-e2ad6640262d/gpac/runtime/gpac_asan/applications/mp4box/fileimport.c:1733
    #20 0x56087f759fc9 in do_add_cat /run/media/user/8ed8205b-4114-4c2a-b2d0-e2ad6640262d/gpac/runtime/gpac_asan/applications/mp4box/mp4box.c:4633
    #21 0x56087f75c3f7 in mp4box_main /run/media/user/8ed8205b-4114-4c2a-b2d0-e2ad6640262d/gpac/runtime/gpac_asan/applications/mp4box/mp4box.c:6377
    #22 0x7f9430c33f76 in __libc_start_call_main ../sysdeps/nptl/libc_start_call_main.h:58
    #23 0x7f9430c34026 in __libc_start_main_impl ../csu/libc-start.c:360
    #24 0x56087f73c080 in _start (/run/media/user/8ed8205b-4114-4c2a-b2d0-e2ad6640262d/gpac/runtime/gpac_asan/bin/gcc/MP4Box+0x4d080) (BuildId: 1651312aefdad6adf454cb6d555ab16d3e0fe1b8)

Indirect leak of 32 byte(s) in 2 object(s) allocated from:
    #0 0x7f9432f2435f in malloc ../../../../src/libsanitizer/asan/asan_malloc_linux.cpp:67
    #1 0x7f9431160b1d in gf_list_new utils/list.c:612
    #2 0x7f9431b36a3a in parent_node_setup compositor/mpeg4_grouping.c:619
    #3 0x7f9431b50871 in compositor_init_path_layout compositor/mpeg4_path_layout.c:277
    #4 0x7f9431c5c51a in gf_scene_on_node_init compositor/scene_node_init.c:286
    #5 0x7f9431c5c51a in gf_scene_on_node_init compositor/scene_node_init.c:206
    #6 0x7f9431c5c51a in gf_scene_node_callback compositor/scene_node_init.c:360
    #7 0x7f94319c6a44 in xmt_parse_element scene_manager/loader_xmt.c:2180
    #8 0x7f94319cbae3 in xmt_node_start scene_manager/loader_xmt.c:2980
    #9 0x7f943119730c in xml_sax_node_start utils/xml_parser.c:308
    #10 0x7f943119c087 in xml_sax_parse_attribute utils/xml_parser.c:357
    #11 0x7f943119c087 in xml_sax_parse utils/xml_parser.c:940
    #12 0x7f943119796e in gf_xml_sax_parse_intern utils/xml_parser.c:1084
    #13 0x7f943119cda7 in gf_xml_sax_parse utils/xml_parser.c:1138
    #14 0x7f943119d103 in xml_sax_read_file utils/xml_parser.c:1225
    #15 0x7f943119dbb8 in gf_xml_sax_parse_file utils/xml_parser.c:1338
    #16 0x7f94319baa39 in load_xmt_run scene_manager/loader_xmt.c:3700
    #17 0x7f9432067443 in ctxload_process filters/load_bt_xmt.c:544
    #18 0x7f9431de0093 in gf_filter_process_task filter_core/filter.c:3257
    #19 0x7f9431db44c1 in gf_fs_thread_proc filter_core/filter_session.c:2420
    #20 0x7f9431db9582 in gf_fs_run filter_core/filter_session.c:2728
    #21 0x7f943187328a in gf_media_import media_tools/media_import.c:1639
    #22 0x56087f79d411 in import_file /run/media/user/8ed8205b-4114-4c2a-b2d0-e2ad6640262d/gpac/runtime/gpac_asan/applications/mp4box/fileimport.c:1733
    #23 0x56087f759fc9 in do_add_cat /run/media/user/8ed8205b-4114-4c2a-b2d0-e2ad6640262d/gpac/runtime/gpac_asan/applications/mp4box/mp4box.c:4633
    #24 0x56087f75c3f7 in mp4box_main /run/media/user/8ed8205b-4114-4c2a-b2d0-e2ad6640262d/gpac/runtime/gpac_asan/applications/mp4box/mp4box.c:6377
    #25 0x7f9430c33f76 in __libc_start_call_main ../sysdeps/nptl/libc_start_call_main.h:58
    #26 0x7f9430c34026 in __libc_start_main_impl ../csu/libc-start.c:360
    #27 0x56087f73c080 in _start (/run/media/user/8ed8205b-4114-4c2a-b2d0-e2ad6640262d/gpac/runtime/gpac_asan/bin/gcc/MP4Box+0x4d080) (BuildId: 1651312aefdad6adf454cb6d555ab16d3e0fe1b8)

Indirect leak of 32 byte(s) in 2 object(s) allocated from:
    #0 0x7f9432f2435f in malloc ../../../../src/libsanitizer/asan/asan_malloc_linux.cpp:67
    #1 0x7f9431160b1d in gf_list_new utils/list.c:612
    #2 0x7f9431264272 in gf_sg_new scenegraph/base_scenegraph.c:77
    #3 0x7f9431264313 in gf_sg_new_subscene scenegraph/base_scenegraph.c:109
    #4 0x7f9431338cb0 in gf_sg_proto_create_node scenegraph/vrml_proto.c:797
    #5 0x7f94319c4d88 in xmt_parse_element scene_manager/loader_xmt.c:1975
    #6 0x7f94319cbae3 in xmt_node_start scene_manager/loader_xmt.c:2980
    #7 0x7f943119730c in xml_sax_node_start utils/xml_parser.c:308
    #8 0x7f943119ba4c in xml_sax_parse_attribute utils/xml_parser.c:397
    #9 0x7f943119ba4c in xml_sax_parse utils/xml_parser.c:940
    #10 0x7f943119796e in gf_xml_sax_parse_intern utils/xml_parser.c:1084
    #11 0x7f943119cda7 in gf_xml_sax_parse utils/xml_parser.c:1138
    #12 0x7f943119d103 in xml_sax_read_file utils/xml_parser.c:1225
    #13 0x7f943119dbb8 in gf_xml_sax_parse_file utils/xml_parser.c:1338
    #14 0x7f94319baa39 in load_xmt_run scene_manager/loader_xmt.c:3700
    #15 0x7f9432067443 in ctxload_process filters/load_bt_xmt.c:544
    #16 0x7f9431de0093 in gf_filter_process_task filter_core/filter.c:3257
    #17 0x7f9431db44c1 in gf_fs_thread_proc filter_core/filter_session.c:2420
    #18 0x7f9431db9582 in gf_fs_run filter_core/filter_session.c:2728
    #19 0x7f943187328a in gf_media_import media_tools/media_import.c:1639
    #20 0x56087f79d411 in import_file /run/media/user/8ed8205b-4114-4c2a-b2d0-e2ad6640262d/gpac/runtime/gpac_asan/applications/mp4box/fileimport.c:1733
    #21 0x56087f759fc9 in do_add_cat /run/media/user/8ed8205b-4114-4c2a-b2d0-e2ad6640262d/gpac/runtime/gpac_asan/applications/mp4box/mp4box.c:4633
    #22 0x56087f75c3f7 in mp4box_main /run/media/user/8ed8205b-4114-4c2a-b2d0-e2ad6640262d/gpac/runtime/gpac_asan/applications/mp4box/mp4box.c:6377
    #23 0x7f9430c33f76 in __libc_start_call_main ../sysdeps/nptl/libc_start_call_main.h:58
    #24 0x7f9430c34026 in __libc_start_main_impl ../csu/libc-start.c:360
    #25 0x56087f73c080 in _start (/run/media/user/8ed8205b-4114-4c2a-b2d0-e2ad6640262d/gpac/runtime/gpac_asan/bin/gcc/MP4Box+0x4d080) (BuildId: 1651312aefdad6adf454cb6d555ab16d3e0fe1b8)

Indirect leak of 32 byte(s) in 2 object(s) allocated from:
    #0 0x7f9432f2435f in malloc ../../../../src/libsanitizer/asan/asan_malloc_linux.cpp:67
    #1 0x7f9431160b1d in gf_list_new utils/list.c:612
    #2 0x7f943126424d in gf_sg_new scenegraph/base_scenegraph.c:76
    #3 0x7f9431264313 in gf_sg_new_subscene scenegraph/base_scenegraph.c:109
    #4 0x7f9431338cb0 in gf_sg_proto_create_node scenegraph/vrml_proto.c:797
    #5 0x7f94319c4d88 in xmt_parse_element scene_manager/loader_xmt.c:1975
    #6 0x7f94319cbae3 in xmt_node_start scene_manager/loader_xmt.c:2980
    #7 0x7f943119730c in xml_sax_node_start utils/xml_parser.c:308
    #8 0x7f943119ba4c in xml_sax_parse_attribute utils/xml_parser.c:397
    #9 0x7f943119ba4c in xml_sax_parse utils/xml_parser.c:940
    #10 0x7f943119796e in gf_xml_sax_parse_intern utils/xml_parser.c:1084
    #11 0x7f943119cda7 in gf_xml_sax_parse utils/xml_parser.c:1138
    #12 0x7f943119d103 in xml_sax_read_file utils/xml_parser.c:1225
    #13 0x7f943119dbb8 in gf_xml_sax_parse_file utils/xml_parser.c:1338
    #14 0x7f94319baa39 in load_xmt_run scene_manager/loader_xmt.c:3700
    #15 0x7f9432067443 in ctxload_process filters/load_bt_xmt.c:544
    #16 0x7f9431de0093 in gf_filter_process_task filter_core/filter.c:3257
    #17 0x7f9431db44c1 in gf_fs_thread_proc filter_core/filter_session.c:2420
    #18 0x7f9431db9582 in gf_fs_run filter_core/filter_session.c:2728
    #19 0x7f943187328a in gf_media_import media_tools/media_import.c:1639
    #20 0x56087f79d411 in import_file /run/media/user/8ed8205b-4114-4c2a-b2d0-e2ad6640262d/gpac/runtime/gpac_asan/applications/mp4box/fileimport.c:1733
    #21 0x56087f759fc9 in do_add_cat /run/media/user/8ed8205b-4114-4c2a-b2d0-e2ad6640262d/gpac/runtime/gpac_asan/applications/mp4box/mp4box.c:4633
    #22 0x56087f75c3f7 in mp4box_main /run/media/user/8ed8205b-4114-4c2a-b2d0-e2ad6640262d/gpac/runtime/gpac_asan/applications/mp4box/mp4box.c:6377
    #23 0x7f9430c33f76 in __libc_start_call_main ../sysdeps/nptl/libc_start_call_main.h:58
    #24 0x7f9430c34026 in __libc_start_main_impl ../csu/libc-start.c:360
    #25 0x56087f73c080 in _start (/run/media/user/8ed8205b-4114-4c2a-b2d0-e2ad6640262d/gpac/runtime/gpac_asan/bin/gcc/MP4Box+0x4d080) (BuildId: 1651312aefdad6adf454cb6d555ab16d3e0fe1b8)

Indirect leak of 32 byte(s) in 2 object(s) allocated from:
    #0 0x7f9432f2435f in malloc ../../../../src/libsanitizer/asan/asan_malloc_linux.cpp:67
    #1 0x7f9431160b1d in gf_list_new utils/list.c:612
    #2 0x7f9431b4d4fc in compositor_init_layout compositor/mpeg4_layout.c:821
    #3 0x7f9431c5c51a in gf_scene_on_node_init compositor/scene_node_init.c:286
    #4 0x7f9431c5c51a in gf_scene_on_node_init compositor/scene_node_init.c:206
    #5 0x7f9431c5c51a in gf_scene_node_callback compositor/scene_node_init.c:360
    #6 0x7f94319c6a44 in xmt_parse_element scene_manager/loader_xmt.c:2180
    #7 0x7f94319cbae3 in xmt_node_start scene_manager/loader_xmt.c:2980
    #8 0x7f943119730c in xml_sax_node_start utils/xml_parser.c:308
    #9 0x7f943119ae3f in xml_sax_parse utils/xml_parser.c:863
    #10 0x7f943119796e in gf_xml_sax_parse_intern utils/xml_parser.c:1084
    #11 0x7f943119cda7 in gf_xml_sax_parse utils/xml_parser.c:1138
    #12 0x7f943119d103 in xml_sax_read_file utils/xml_parser.c:1225
    #13 0x7f943119dbb8 in gf_xml_sax_parse_file utils/xml_parser.c:1338
    #14 0x7f94319baa39 in load_xmt_run scene_manager/loader_xmt.c:3700
    #15 0x7f9432067443 in ctxload_process filters/load_bt_xmt.c:544
    #16 0x7f9431de0093 in gf_filter_process_task filter_core/filter.c:3257
    #17 0x7f9431db44c1 in gf_fs_thread_proc filter_core/filter_session.c:2420
    #18 0x7f9431db9582 in gf_fs_run filter_core/filter_session.c:2728
    #19 0x7f943187328a in gf_media_import media_tools/media_import.c:1639
    #20 0x56087f79d411 in import_file /run/media/user/8ed8205b-4114-4c2a-b2d0-e2ad6640262d/gpac/runtime/gpac_asan/applications/mp4box/fileimport.c:1733
    #21 0x56087f759fc9 in do_add_cat /run/media/user/8ed8205b-4114-4c2a-b2d0-e2ad6640262d/gpac/runtime/gpac_asan/applications/mp4box/mp4box.c:4633
    #22 0x56087f75c3f7 in mp4box_main /run/media/user/8ed8205b-4114-4c2a-b2d0-e2ad6640262d/gpac/runtime/gpac_asan/applications/mp4box/mp4box.c:6377
    #23 0x7f9430c33f76 in __libc_start_call_main ../sysdeps/nptl/libc_start_call_main.h:58
    #24 0x7f9430c34026 in __libc_start_main_impl ../csu/libc-start.c:360
    #25 0x56087f73c080 in _start (/run/media/user/8ed8205b-4114-4c2a-b2d0-e2ad6640262d/gpac/runtime/gpac_asan/bin/gcc/MP4Box+0x4d080) (BuildId: 1651312aefdad6adf454cb6d555ab16d3e0fe1b8)

Indirect leak of 32 byte(s) in 2 object(s) allocated from:
    #0 0x7f9432f2435f in malloc ../../../../src/libsanitizer/asan/asan_malloc_linux.cpp:67
    #1 0x7f9431160b1d in gf_list_new utils/list.c:612
    #2 0x7f9431264224 in gf_sg_new scenegraph/base_scenegraph.c:72
    #3 0x7f9431264313 in gf_sg_new_subscene scenegraph/base_scenegraph.c:109
    #4 0x7f9431338cb0 in gf_sg_proto_create_node scenegraph/vrml_proto.c:797
    #5 0x7f94319c4d88 in xmt_parse_element scene_manager/loader_xmt.c:1975
    #6 0x7f94319cbae3 in xmt_node_start scene_manager/loader_xmt.c:2980
    #7 0x7f943119730c in xml_sax_node_start utils/xml_parser.c:308
    #8 0x7f943119ba4c in xml_sax_parse_attribute utils/xml_parser.c:397
    #9 0x7f943119ba4c in xml_sax_parse utils/xml_parser.c:940
    #10 0x7f943119796e in gf_xml_sax_parse_intern utils/xml_parser.c:1084
    #11 0x7f943119cda7 in gf_xml_sax_parse utils/xml_parser.c:1138
    #12 0x7f943119d103 in xml_sax_read_file utils/xml_parser.c:1225
    #13 0x7f943119dbb8 in gf_xml_sax_parse_file utils/xml_parser.c:1338
    #14 0x7f94319baa39 in load_xmt_run scene_manager/loader_xmt.c:3700
    #15 0x7f9432067443 in ctxload_process filters/load_bt_xmt.c:544
    #16 0x7f9431de0093 in gf_filter_process_task filter_core/filter.c:3257
    #17 0x7f9431db44c1 in gf_fs_thread_proc filter_core/filter_session.c:2420
    #18 0x7f9431db9582 in gf_fs_run filter_core/filter_session.c:2728
    #19 0x7f943187328a in gf_media_import media_tools/media_import.c:1639
    #20 0x56087f79d411 in import_file /run/media/user/8ed8205b-4114-4c2a-b2d0-e2ad6640262d/gpac/runtime/gpac_asan/applications/mp4box/fileimport.c:1733
    #21 0x56087f759fc9 in do_add_cat /run/media/user/8ed8205b-4114-4c2a-b2d0-e2ad6640262d/gpac/runtime/gpac_asan/applications/mp4box/mp4box.c:4633
    #22 0x56087f75c3f7 in mp4box_main /run/media/user/8ed8205b-4114-4c2a-b2d0-e2ad6640262d/gpac/runtime/gpac_asan/applications/mp4box/mp4box.c:6377
    #23 0x7f9430c33f76 in __libc_start_call_main ../sysdeps/nptl/libc_start_call_main.h:58
    #24 0x7f9430c34026 in __libc_start_main_impl ../csu/libc-start.c:360
    #25 0x56087f73c080 in _start (/run/media/user/8ed8205b-4114-4c2a-b2d0-e2ad6640262d/gpac/runtime/gpac_asan/bin/gcc/MP4Box+0x4d080) (BuildId: 1651312aefdad6adf454cb6d555ab16d3e0fe1b8)

Indirect leak of 32 byte(s) in 2 object(s) allocated from:
    #0 0x7f9432f2435f in malloc ../../../../src/libsanitizer/asan/asan_malloc_linux.cpp:67
    #1 0x7f9431160b1d in gf_list_new utils/list.c:612
    #2 0x7f94312641fb in gf_sg_new scenegraph/base_scenegraph.c:71
    #3 0x7f9431264313 in gf_sg_new_subscene scenegraph/base_scenegraph.c:109
    #4 0x7f9431338cb0 in gf_sg_proto_create_node scenegraph/vrml_proto.c:797
    #5 0x7f94319c4d88 in xmt_parse_element scene_manager/loader_xmt.c:1975
    #6 0x7f94319cbae3 in xmt_node_start scene_manager/loader_xmt.c:2980
    #7 0x7f943119730c in xml_sax_node_start utils/xml_parser.c:308
    #8 0x7f943119ba4c in xml_sax_parse_attribute utils/xml_parser.c:397
    #9 0x7f943119ba4c in xml_sax_parse utils/xml_parser.c:940
    #10 0x7f943119796e in gf_xml_sax_parse_intern utils/xml_parser.c:1084
    #11 0x7f943119cda7 in gf_xml_sax_parse utils/xml_parser.c:1138
    #12 0x7f943119d103 in xml_sax_read_file utils/xml_parser.c:1225
    #13 0x7f943119dbb8 in gf_xml_sax_parse_file utils/xml_parser.c:1338
    #14 0x7f94319baa39 in load_xmt_run scene_manager/loader_xmt.c:3700
    #15 0x7f9432067443 in ctxload_process filters/load_bt_xmt.c:544
    #16 0x7f9431de0093 in gf_filter_process_task filter_core/filter.c:3257
    #17 0x7f9431db44c1 in gf_fs_thread_proc filter_core/filter_session.c:2420
    #18 0x7f9431db9582 in gf_fs_run filter_core/filter_session.c:2728
    #19 0x7f943187328a in gf_media_import media_tools/media_import.c:1639
    #20 0x56087f79d411 in import_file /run/media/user/8ed8205b-4114-4c2a-b2d0-e2ad6640262d/gpac/runtime/gpac_asan/applications/mp4box/fileimport.c:1733
    #21 0x56087f759fc9 in do_add_cat /run/media/user/8ed8205b-4114-4c2a-b2d0-e2ad6640262d/gpac/runtime/gpac_asan/applications/mp4box/mp4box.c:4633
    #22 0x56087f75c3f7 in mp4box_main /run/media/user/8ed8205b-4114-4c2a-b2d0-e2ad6640262d/gpac/runtime/gpac_asan/applications/mp4box/mp4box.c:6377
    #23 0x7f9430c33f76 in __libc_start_call_main ../sysdeps/nptl/libc_start_call_main.h:58
    #24 0x7f9430c34026 in __libc_start_main_impl ../csu/libc-start.c:360
    #25 0x56087f73c080 in _start (/run/media/user/8ed8205b-4114-4c2a-b2d0-e2ad6640262d/gpac/runtime/gpac_asan/bin/gcc/MP4Box+0x4d080) (BuildId: 1651312aefdad6adf454cb6d555ab16d3e0fe1b8)

Indirect leak of 32 byte(s) in 2 object(s) allocated from:
    #0 0x7f9432f2435f in malloc ../../../../src/libsanitizer/asan/asan_malloc_linux.cpp:67
    #1 0x7f9431160b1d in gf_list_new utils/list.c:612
    #2 0x7f94312641d2 in gf_sg_new scenegraph/base_scenegraph.c:70
    #3 0x7f9431264313 in gf_sg_new_subscene scenegraph/base_scenegraph.c:109
    #4 0x7f9431338cb0 in gf_sg_proto_create_node scenegraph/vrml_proto.c:797
    #5 0x7f94319c4d88 in xmt_parse_element scene_manager/loader_xmt.c:1975
    #6 0x7f94319cbae3 in xmt_node_start scene_manager/loader_xmt.c:2980
    #7 0x7f943119730c in xml_sax_node_start utils/xml_parser.c:308
    #8 0x7f943119ba4c in xml_sax_parse_attribute utils/xml_parser.c:397
    #9 0x7f943119ba4c in xml_sax_parse utils/xml_parser.c:940
    #10 0x7f943119796e in gf_xml_sax_parse_intern utils/xml_parser.c:1084
    #11 0x7f943119cda7 in gf_xml_sax_parse utils/xml_parser.c:1138
    #12 0x7f943119d103 in xml_sax_read_file utils/xml_parser.c:1225
    #13 0x7f943119dbb8 in gf_xml_sax_parse_file utils/xml_parser.c:1338
    #14 0x7f94319baa39 in load_xmt_run scene_manager/loader_xmt.c:3700
    #15 0x7f9432067443 in ctxload_process filters/load_bt_xmt.c:544
    #16 0x7f9431de0093 in gf_filter_process_task filter_core/filter.c:3257
    #17 0x7f9431db44c1 in gf_fs_thread_proc filter_core/filter_session.c:2420
    #18 0x7f9431db9582 in gf_fs_run filter_core/filter_session.c:2728
    #19 0x7f943187328a in gf_media_import media_tools/media_import.c:1639
    #20 0x56087f79d411 in import_file /run/media/user/8ed8205b-4114-4c2a-b2d0-e2ad6640262d/gpac/runtime/gpac_asan/applications/mp4box/fileimport.c:1733
    #21 0x56087f759fc9 in do_add_cat /run/media/user/8ed8205b-4114-4c2a-b2d0-e2ad6640262d/gpac/runtime/gpac_asan/applications/mp4box/mp4box.c:4633
    #22 0x56087f75c3f7 in mp4box_main /run/media/user/8ed8205b-4114-4c2a-b2d0-e2ad6640262d/gpac/runtime/gpac_asan/applications/mp4box/mp4box.c:6377
    #23 0x7f9430c33f76 in __libc_start_call_main ../sysdeps/nptl/libc_start_call_main.h:58
    #24 0x7f9430c34026 in __libc_start_main_impl ../csu/libc-start.c:360
    #25 0x56087f73c080 in _start (/run/media/user/8ed8205b-4114-4c2a-b2d0-e2ad6640262d/gpac/runtime/gpac_asan/bin/gcc/MP4Box+0x4d080) (BuildId: 1651312aefdad6adf454cb6d555ab16d3e0fe1b8)

Indirect leak of 32 byte(s) in 2 object(s) allocated from:
    #0 0x7f9432f2435f in malloc ../../../../src/libsanitizer/asan/asan_malloc_linux.cpp:67
    #1 0x7f9431160b1d in gf_list_new utils/list.c:612
    #2 0x7f94312641a9 in gf_sg_new scenegraph/base_scenegraph.c:69
    #3 0x7f9431264313 in gf_sg_new_subscene scenegraph/base_scenegraph.c:109
    #4 0x7f9431338cb0 in gf_sg_proto_create_node scenegraph/vrml_proto.c:797
    #5 0x7f94319c4d88 in xmt_parse_element scene_manager/loader_xmt.c:1975
    #6 0x7f94319cbae3 in xmt_node_start scene_manager/loader_xmt.c:2980
    #7 0x7f943119730c in xml_sax_node_start utils/xml_parser.c:308
    #8 0x7f943119ba4c in xml_sax_parse_attribute utils/xml_parser.c:397
    #9 0x7f943119ba4c in xml_sax_parse utils/xml_parser.c:940
    #10 0x7f943119796e in gf_xml_sax_parse_intern utils/xml_parser.c:1084
    #11 0x7f943119cda7 in gf_xml_sax_parse utils/xml_parser.c:1138
    #12 0x7f943119d103 in xml_sax_read_file utils/xml_parser.c:1225
    #13 0x7f943119dbb8 in gf_xml_sax_parse_file utils/xml_parser.c:1338
    #14 0x7f94319baa39 in load_xmt_run scene_manager/loader_xmt.c:3700
    #15 0x7f9432067443 in ctxload_process filters/load_bt_xmt.c:544
    #16 0x7f9431de0093 in gf_filter_process_task filter_core/filter.c:3257
    #17 0x7f9431db44c1 in gf_fs_thread_proc filter_core/filter_session.c:2420
    #18 0x7f9431db9582 in gf_fs_run filter_core/filter_session.c:2728
    #19 0x7f943187328a in gf_media_import media_tools/media_import.c:1639
    #20 0x56087f79d411 in import_file /run/media/user/8ed8205b-4114-4c2a-b2d0-e2ad6640262d/gpac/runtime/gpac_asan/applications/mp4box/fileimport.c:1733
    #21 0x56087f759fc9 in do_add_cat /run/media/user/8ed8205b-4114-4c2a-b2d0-e2ad6640262d/gpac/runtime/gpac_asan/applications/mp4box/mp4box.c:4633
    #22 0x56087f75c3f7 in mp4box_main /run/media/user/8ed8205b-4114-4c2a-b2d0-e2ad6640262d/gpac/runtime/gpac_asan/applications/mp4box/mp4box.c:6377
    #23 0x7f9430c33f76 in __libc_start_call_main ../sysdeps/nptl/libc_start_call_main.h:58
    #24 0x7f9430c34026 in __libc_start_main_impl ../csu/libc-start.c:360
    #25 0x56087f73c080 in _start (/run/media/user/8ed8205b-4114-4c2a-b2d0-e2ad6640262d/gpac/runtime/gpac_asan/bin/gcc/MP4Box+0x4d080) (BuildId: 1651312aefdad6adf454cb6d555ab16d3e0fe1b8)

Indirect leak of 32 byte(s) in 2 object(s) allocated from:
    #0 0x7f9432f2435f in malloc ../../../../src/libsanitizer/asan/asan_malloc_linux.cpp:67
    #1 0x7f9431160b1d in gf_list_new utils/list.c:612
    #2 0x7f9431b402b4 in compositor_init_layer2d compositor/mpeg4_layer_2d.c:363
    #3 0x7f9431c5c51a in gf_scene_on_node_init compositor/scene_node_init.c:286
    #4 0x7f9431c5c51a in gf_scene_on_node_init compositor/scene_node_init.c:206
    #5 0x7f9431c5c51a in gf_scene_node_callback compositor/scene_node_init.c:360
    #6 0x7f94319c6a44 in xmt_parse_element scene_manager/loader_xmt.c:2180
    #7 0x7f94319cbae3 in xmt_node_start scene_manager/loader_xmt.c:2980
    #8 0x7f943119730c in xml_sax_node_start utils/xml_parser.c:308
    #9 0x7f943119c087 in xml_sax_parse_attribute utils/xml_parser.c:357
    #10 0x7f943119c087 in xml_sax_parse utils/xml_parser.c:940
    #11 0x7f943119796e in gf_xml_sax_parse_intern utils/xml_parser.c:1084
    #12 0x7f943119cda7 in gf_xml_sax_parse utils/xml_parser.c:1138
    #13 0x7f943119d103 in xml_sax_read_file utils/xml_parser.c:1225
    #14 0x7f943119dbb8 in gf_xml_sax_parse_file utils/xml_parser.c:1338
    #15 0x7f94319baa39 in load_xmt_run scene_manager/loader_xmt.c:3700
    #16 0x7f9432067443 in ctxload_process filters/load_bt_xmt.c:544
    #17 0x7f9431de0093 in gf_filter_process_task filter_core/filter.c:3257
    #18 0x7f9431db44c1 in gf_fs_thread_proc filter_core/filter_session.c:2420
    #19 0x7f9431db9582 in gf_fs_run filter_core/filter_session.c:2728
    #20 0x7f943187328a in gf_media_import media_tools/media_import.c:1639
    #21 0x56087f79d411 in import_file /run/media/user/8ed8205b-4114-4c2a-b2d0-e2ad6640262d/gpac/runtime/gpac_asan/applications/mp4box/fileimport.c:1733
    #22 0x56087f759fc9 in do_add_cat /run/media/user/8ed8205b-4114-4c2a-b2d0-e2ad6640262d/gpac/runtime/gpac_asan/applications/mp4box/mp4box.c:4633
    #23 0x56087f75c3f7 in mp4box_main /run/media/user/8ed8205b-4114-4c2a-b2d0-e2ad6640262d/gpac/runtime/gpac_asan/applications/mp4box/mp4box.c:6377
    #24 0x7f9430c33f76 in __libc_start_call_main ../sysdeps/nptl/libc_start_call_main.h:58
    #25 0x7f9430c34026 in __libc_start_main_impl ../csu/libc-start.c:360
    #26 0x56087f73c080 in _start (/run/media/user/8ed8205b-4114-4c2a-b2d0-e2ad6640262d/gpac/runtime/gpac_asan/bin/gcc/MP4Box+0x4d080) (BuildId: 1651312aefdad6adf454cb6d555ab16d3e0fe1b8)

Indirect leak of 32 byte(s) in 2 object(s) allocated from:
    #0 0x7f9432f2435f in malloc ../../../../src/libsanitizer/asan/asan_malloc_linux.cpp:67
    #1 0x7f9431160b1d in gf_list_new utils/list.c:612
    #2 0x7f943141611f in gf_dom_event_target_new scenegraph/dom_events.c:956
    #3 0x7f9431264180 in gf_sg_new scenegraph/base_scenegraph.c:68
    #4 0x7f9431264313 in gf_sg_new_subscene scenegraph/base_scenegraph.c:109
    #5 0x7f9431338cb0 in gf_sg_proto_create_node scenegraph/vrml_proto.c:797
    #6 0x7f94319c4d88 in xmt_parse_element scene_manager/loader_xmt.c:1975
    #7 0x7f94319cbae3 in xmt_node_start scene_manager/loader_xmt.c:2980
    #8 0x7f943119730c in xml_sax_node_start utils/xml_parser.c:308
    #9 0x7f943119ba4c in xml_sax_parse_attribute utils/xml_parser.c:397
    #10 0x7f943119ba4c in xml_sax_parse utils/xml_parser.c:940
    #11 0x7f943119796e in gf_xml_sax_parse_intern utils/xml_parser.c:1084
    #12 0x7f943119cda7 in gf_xml_sax_parse utils/xml_parser.c:1138
    #13 0x7f943119d103 in xml_sax_read_file utils/xml_parser.c:1225
    #14 0x7f943119dbb8 in gf_xml_sax_parse_file utils/xml_parser.c:1338
    #15 0x7f94319baa39 in load_xmt_run scene_manager/loader_xmt.c:3700
    #16 0x7f9432067443 in ctxload_process filters/load_bt_xmt.c:544
    #17 0x7f9431de0093 in gf_filter_process_task filter_core/filter.c:3257
    #18 0x7f9431db44c1 in gf_fs_thread_proc filter_core/filter_session.c:2420
    #19 0x7f9431db9582 in gf_fs_run filter_core/filter_session.c:2728
    #20 0x7f943187328a in gf_media_import media_tools/media_import.c:1639
    #21 0x56087f79d411 in import_file /run/media/user/8ed8205b-4114-4c2a-b2d0-e2ad6640262d/gpac/runtime/gpac_asan/applications/mp4box/fileimport.c:1733
    #22 0x56087f759fc9 in do_add_cat /run/media/user/8ed8205b-4114-4c2a-b2d0-e2ad6640262d/gpac/runtime/gpac_asan/applications/mp4box/mp4box.c:4633
    #23 0x56087f75c3f7 in mp4box_main /run/media/user/8ed8205b-4114-4c2a-b2d0-e2ad6640262d/gpac/runtime/gpac_asan/applications/mp4box/mp4box.c:6377
    #24 0x7f9430c33f76 in __libc_start_call_main ../sysdeps/nptl/libc_start_call_main.h:58
    #25 0x7f9430c34026 in __libc_start_main_impl ../csu/libc-start.c:360
    #26 0x56087f73c080 in _start (/run/media/user/8ed8205b-4114-4c2a-b2d0-e2ad6640262d/gpac/runtime/gpac_asan/bin/gcc/MP4Box+0x4d080) (BuildId: 1651312aefdad6adf454cb6d555ab16d3e0fe1b8)

Indirect leak of 32 byte(s) in 2 object(s) allocated from:
    #0 0x7f9432f2435f in malloc ../../../../src/libsanitizer/asan/asan_malloc_linux.cpp:67
    #1 0x7f9431160b1d in gf_list_new utils/list.c:612
    #2 0x7f9431b36a3a in parent_node_setup compositor/mpeg4_grouping.c:619
    #3 0x7f9431b4d4f5 in compositor_init_layout compositor/mpeg4_layout.c:820
    #4 0x7f9431c5c51a in gf_scene_on_node_init compositor/scene_node_init.c:286
    #5 0x7f9431c5c51a in gf_scene_on_node_init compositor/scene_node_init.c:206
    #6 0x7f9431c5c51a in gf_scene_node_callback compositor/scene_node_init.c:360
    #7 0x7f94319c6a44 in xmt_parse_element scene_manager/loader_xmt.c:2180
    #8 0x7f94319cbae3 in xmt_node_start scene_manager/loader_xmt.c:2980
    #9 0x7f943119730c in xml_sax_node_start utils/xml_parser.c:308
    #10 0x7f943119ae3f in xml_sax_parse utils/xml_parser.c:863
    #11 0x7f943119796e in gf_xml_sax_parse_intern utils/xml_parser.c:1084
    #12 0x7f943119cda7 in gf_xml_sax_parse utils/xml_parser.c:1138
    #13 0x7f943119d103 in xml_sax_read_file utils/xml_parser.c:1225
    #14 0x7f943119dbb8 in gf_xml_sax_parse_file utils/xml_parser.c:1338
    #15 0x7f94319baa39 in load_xmt_run scene_manager/loader_xmt.c:3700
    #16 0x7f9432067443 in ctxload_process filters/load_bt_xmt.c:544
    #17 0x7f9431de0093 in gf_filter_process_task filter_core/filter.c:3257
    #18 0x7f9431db44c1 in gf_fs_thread_proc filter_core/filter_session.c:2420
    #19 0x7f9431db9582 in gf_fs_run filter_core/filter_session.c:2728
    #20 0x7f943187328a in gf_media_import media_tools/media_import.c:1639
    #21 0x56087f79d411 in import_file /run/media/user/8ed8205b-4114-4c2a-b2d0-e2ad6640262d/gpac/runtime/gpac_asan/applications/mp4box/fileimport.c:1733
    #22 0x56087f759fc9 in do_add_cat /run/media/user/8ed8205b-4114-4c2a-b2d0-e2ad6640262d/gpac/runtime/gpac_asan/applications/mp4box/mp4box.c:4633
    #23 0x56087f75c3f7 in mp4box_main /run/media/user/8ed8205b-4114-4c2a-b2d0-e2ad6640262d/gpac/runtime/gpac_asan/applications/mp4box/mp4box.c:6377
    #24 0x7f9430c33f76 in __libc_start_call_main ../sysdeps/nptl/libc_start_call_main.h:58
    #25 0x7f9430c34026 in __libc_start_main_impl ../csu/libc-start.c:360
    #26 0x56087f73c080 in _start (/run/media/user/8ed8205b-4114-4c2a-b2d0-e2ad6640262d/gpac/runtime/gpac_asan/bin/gcc/MP4Box+0x4d080) (BuildId: 1651312aefdad6adf454cb6d555ab16d3e0fe1b8)

Indirect leak of 28 byte(s) in 7 object(s) allocated from:
    #0 0x7f9432f2435f in malloc ../../../../src/libsanitizer/asan/asan_malloc_linux.cpp:67
    #1 0x7f943136f16f in NewSFBool scenegraph/vrml_tools.c:298
    #2 0x7f943136f16f in gf_sg_vrml_field_pointer_new scenegraph/vrml_tools.c:501
    #3 0x7f94319cf92b in xmt_parse_command scene_manager/loader_xmt.c:2717
    #4 0x7f94319cf92b in xmt_node_start scene_manager/loader_xmt.c:2968
    #5 0x7f943119730c in xml_sax_node_start utils/xml_parser.c:308
    #6 0x7f943119c087 in xml_sax_parse_attribute utils/xml_parser.c:357
    #7 0x7f943119c087 in xml_sax_parse utils/xml_parser.c:940
    #8 0x7f943119796e in gf_xml_sax_parse_intern utils/xml_parser.c:1084
    #9 0x7f943119cda7 in gf_xml_sax_parse utils/xml_parser.c:1138
    #10 0x7f943119d103 in xml_sax_read_file utils/xml_parser.c:1225
    #11 0x7f943119dbb8 in gf_xml_sax_parse_file utils/xml_parser.c:1338
    #12 0x7f94319baa39 in load_xmt_run scene_manager/loader_xmt.c:3700
    #13 0x7f9432067443 in ctxload_process filters/load_bt_xmt.c:544
    #14 0x7f9431de0093 in gf_filter_process_task filter_core/filter.c:3257
    #15 0x7f9431db44c1 in gf_fs_thread_proc filter_core/filter_session.c:2420
    #16 0x7f9431db9582 in gf_fs_run filter_core/filter_session.c:2728
    #17 0x7f943187328a in gf_media_import media_tools/media_import.c:1639
    #18 0x56087f79d411 in import_file /run/media/user/8ed8205b-4114-4c2a-b2d0-e2ad6640262d/gpac/runtime/gpac_asan/applications/mp4box/fileimport.c:1733
    #19 0x56087f759fc9 in do_add_cat /run/media/user/8ed8205b-4114-4c2a-b2d0-e2ad6640262d/gpac/runtime/gpac_asan/applications/mp4box/mp4box.c:4633
    #20 0x56087f75c3f7 in mp4box_main /run/media/user/8ed8205b-4114-4c2a-b2d0-e2ad6640262d/gpac/runtime/gpac_asan/applications/mp4box/mp4box.c:6377
    #21 0x7f9430c33f76 in __libc_start_call_main ../sysdeps/nptl/libc_start_call_main.h:58
    #22 0x7f9430c34026 in __libc_start_main_impl ../csu/libc-start.c:360
    #23 0x56087f73c080 in _start (/run/media/user/8ed8205b-4114-4c2a-b2d0-e2ad6640262d/gpac/runtime/gpac_asan/bin/gcc/MP4Box+0x4d080) (BuildId: 1651312aefdad6adf454cb6d555ab16d3e0fe1b8)

Indirect leak of 24 byte(s) in 1 object(s) allocated from:
    #0 0x7f9432f2435f in malloc ../../../../src/libsanitizer/asan/asan_malloc_linux.cpp:67
    #1 0x7f9431c0e085 in InitInputSensor compositor/mpeg4_inputsensor.c:525
    #2 0x7f9431c5c5b5 in gf_scene_on_node_init compositor/scene_node_init.c:229
    #3 0x7f9431c5c5b5 in gf_scene_on_node_init compositor/scene_node_init.c:206
    #4 0x7f9431c5c5b5 in gf_scene_node_callback compositor/scene_node_init.c:360
    #5 0x7f94319c6a44 in xmt_parse_element scene_manager/loader_xmt.c:2180
    #6 0x7f94319cbae3 in xmt_node_start scene_manager/loader_xmt.c:2980
    #7 0x7f943119730c in xml_sax_node_start utils/xml_parser.c:308
    #8 0x7f943119ba4c in xml_sax_parse_attribute utils/xml_parser.c:397
    #9 0x7f943119ba4c in xml_sax_parse utils/xml_parser.c:940
    #10 0x7f943119796e in gf_xml_sax_parse_intern utils/xml_parser.c:1084
    #11 0x7f943119cda7 in gf_xml_sax_parse utils/xml_parser.c:1138
    #12 0x7f943119d103 in xml_sax_read_file utils/xml_parser.c:1225
    #13 0x7f943119dbb8 in gf_xml_sax_parse_file utils/xml_parser.c:1338
    #14 0x7f94319baa39 in load_xmt_run scene_manager/loader_xmt.c:3700
    #15 0x7f9432067443 in ctxload_process filters/load_bt_xmt.c:544
    #16 0x7f9431de0093 in gf_filter_process_task filter_core/filter.c:3257
    #17 0x7f9431db44c1 in gf_fs_thread_proc filter_core/filter_session.c:2420
    #18 0x7f9431db9582 in gf_fs_run filter_core/filter_session.c:2728
    #19 0x7f943187328a in gf_media_import media_tools/media_import.c:1639
    #20 0x56087f79d411 in import_file /run/media/user/8ed8205b-4114-4c2a-b2d0-e2ad6640262d/gpac/runtime/gpac_asan/applications/mp4box/fileimport.c:1733
    #21 0x56087f759fc9 in do_add_cat /run/media/user/8ed8205b-4114-4c2a-b2d0-e2ad6640262d/gpac/runtime/gpac_asan/applications/mp4box/mp4box.c:4633
    #22 0x56087f75c3f7 in mp4box_main /run/media/user/8ed8205b-4114-4c2a-b2d0-e2ad6640262d/gpac/runtime/gpac_asan/applications/mp4box/mp4box.c:6377
    #23 0x7f9430c33f76 in __libc_start_call_main ../sysdeps/nptl/libc_start_call_main.h:58
    #24 0x7f9430c34026 in __libc_start_main_impl ../csu/libc-start.c:360
    #25 0x56087f73c080 in _start (/run/media/user/8ed8205b-4114-4c2a-b2d0-e2ad6640262d/gpac/runtime/gpac_asan/bin/gcc/MP4Box+0x4d080) (BuildId: 1651312aefdad6adf454cb6d555ab16d3e0fe1b8)

Indirect leak of 24 byte(s) in 1 object(s) allocated from:
    #0 0x7f9432f2435f in malloc ../../../../src/libsanitizer/asan/asan_malloc_linux.cpp:67
    #1 0x7f94312e0211 in PointSet_Create scenegraph/mpeg4_nodes.c:11301
    #2 0x7f94312e0211 in gf_sg_mpeg4_node_new scenegraph/mpeg4_nodes.c:36848
    #3 0x7f943126aa22 in gf_node_new scenegraph/base_scenegraph.c:2112
    #4 0x7f94319c6560 in xmt_parse_element scene_manager/loader_xmt.c:2036
    #5 0x7f94319cbae3 in xmt_node_start scene_manager/loader_xmt.c:2980
    #6 0x7f943119730c in xml_sax_node_start utils/xml_parser.c:308
    #7 0x7f943119ba4c in xml_sax_parse_attribute utils/xml_parser.c:397
    #8 0x7f943119ba4c in xml_sax_parse utils/xml_parser.c:940
    #9 0x7f943119796e in gf_xml_sax_parse_intern utils/xml_parser.c:1084
    #10 0x7f943119cda7 in gf_xml_sax_parse utils/xml_parser.c:1138
    #11 0x7f943119d103 in xml_sax_read_file utils/xml_parser.c:1225
    #12 0x7f943119dbb8 in gf_xml_sax_parse_file utils/xml_parser.c:1338
    #13 0x7f94319baa39 in load_xmt_run scene_manager/loader_xmt.c:3700
    #14 0x7f9432067443 in ctxload_process filters/load_bt_xmt.c:544
    #15 0x7f9431de0093 in gf_filter_process_task filter_core/filter.c:3257
    #16 0x7f9431db44c1 in gf_fs_thread_proc filter_core/filter_session.c:2420
    #17 0x7f9431db9582 in gf_fs_run filter_core/filter_session.c:2728
    #18 0x7f943187328a in gf_media_import media_tools/media_import.c:1639
    #19 0x56087f79d411 in import_file /run/media/user/8ed8205b-4114-4c2a-b2d0-e2ad6640262d/gpac/runtime/gpac_asan/applications/mp4box/fileimport.c:1733
    #20 0x56087f759fc9 in do_add_cat /run/media/user/8ed8205b-4114-4c2a-b2d0-e2ad6640262d/gpac/runtime/gpac_asan/applications/mp4box/mp4box.c:4633
    #21 0x56087f75c3f7 in mp4box_main /run/media/user/8ed8205b-4114-4c2a-b2d0-e2ad6640262d/gpac/runtime/gpac_asan/applications/mp4box/mp4box.c:6377
    #22 0x7f9430c33f76 in __libc_start_call_main ../sysdeps/nptl/libc_start_call_main.h:58
    #23 0x7f9430c34026 in __libc_start_main_impl ../csu/libc-start.c:360
    #24 0x56087f73c080 in _start (/run/media/user/8ed8205b-4114-4c2a-b2d0-e2ad6640262d/gpac/runtime/gpac_asan/bin/gcc/MP4Box+0x4d080) (BuildId: 1651312aefdad6adf454cb6d555ab16d3e0fe1b8)

Indirect leak of 24 byte(s) in 1 object(s) allocated from:
    #0 0x7f9432f2435f in malloc ../../../../src/libsanitizer/asan/asan_malloc_linux.cpp:67
    #1 0x7f94312e13d8 in Color_Create scenegraph/mpeg4_nodes.c:2594
    #2 0x7f94312e13d8 in gf_sg_mpeg4_node_new scenegraph/mpeg4_nodes.c:36742
    #3 0x7f943126aa22 in gf_node_new scenegraph/base_scenegraph.c:2112
    #4 0x7f94319c6560 in xmt_parse_element scene_manager/loader_xmt.c:2036
    #5 0x7f94319cbae3 in xmt_node_start scene_manager/loader_xmt.c:2980
    #6 0x7f943119730c in xml_sax_node_start utils/xml_parser.c:308
    #7 0x7f943119c087 in xml_sax_parse_attribute utils/xml_parser.c:357
    #8 0x7f943119c087 in xml_sax_parse utils/xml_parser.c:940
    #9 0x7f9431197d60 in gf_xml_sax_parse_intern utils/xml_parser.c:1110
    #10 0x7f943119cda7 in gf_xml_sax_parse utils/xml_parser.c:1138
    #11 0x7f943119d103 in xml_sax_read_file utils/xml_parser.c:1225
    #12 0x7f943119dbb8 in gf_xml_sax_parse_file utils/xml_parser.c:1338
    #13 0x7f94319baa39 in load_xmt_run scene_manager/loader_xmt.c:3700
    #14 0x7f9432067443 in ctxload_process filters/load_bt_xmt.c:544
    #15 0x7f9431de0093 in gf_filter_process_task filter_core/filter.c:3257
    #16 0x7f9431db44c1 in gf_fs_thread_proc filter_core/filter_session.c:2420
    #17 0x7f9431db9582 in gf_fs_run filter_core/filter_session.c:2728
    #18 0x7f943187328a in gf_media_import media_tools/media_import.c:1639
    #19 0x56087f79d411 in import_file /run/media/user/8ed8205b-4114-4c2a-b2d0-e2ad6640262d/gpac/runtime/gpac_asan/applications/mp4box/fileimport.c:1733
    #20 0x56087f759fc9 in do_add_cat /run/media/user/8ed8205b-4114-4c2a-b2d0-e2ad6640262d/gpac/runtime/gpac_asan/applications/mp4box/mp4box.c:4633
    #21 0x56087f75c3f7 in mp4box_main /run/media/user/8ed8205b-4114-4c2a-b2d0-e2ad6640262d/gpac/runtime/gpac_asan/applications/mp4box/mp4box.c:6377
    #22 0x7f9430c33f76 in __libc_start_call_main ../sysdeps/nptl/libc_start_call_main.h:58
    #23 0x7f9430c34026 in __libc_start_main_impl ../csu/libc-start.c:360
    #24 0x56087f73c080 in _start (/run/media/user/8ed8205b-4114-4c2a-b2d0-e2ad6640262d/gpac/runtime/gpac_asan/bin/gcc/MP4Box+0x4d080) (BuildId: 1651312aefdad6adf454cb6d555ab16d3e0fe1b8)

Indirect leak of 24 byte(s) in 1 object(s) allocated from:
    #0 0x7f9432f2435f in malloc ../../../../src/libsanitizer/asan/asan_malloc_linux.cpp:67
    #1 0x7f94312e10ce in Cone_Create scenegraph/mpeg4_nodes.c:3307
    #2 0x7f94312e10ce in gf_sg_mpeg4_node_new scenegraph/mpeg4_nodes.c:36752
    #3 0x7f943126aa22 in gf_node_new scenegraph/base_scenegraph.c:2112
    #4 0x7f94319c6560 in xmt_parse_element scene_manager/loader_xmt.c:2036
    #5 0x7f94319cbae3 in xmt_node_start scene_manager/loader_xmt.c:2980
    #6 0x7f943119730c in xml_sax_node_start utils/xml_parser.c:308
    #7 0x7f943119c087 in xml_sax_parse_attribute utils/xml_parser.c:357
    #8 0x7f943119c087 in xml_sax_parse utils/xml_parser.c:940
    #9 0x7f9431197d60 in gf_xml_sax_parse_intern utils/xml_parser.c:1110
    #10 0x7f943119cda7 in gf_xml_sax_parse utils/xml_parser.c:1138
    #11 0x7f943119d103 in xml_sax_read_file utils/xml_parser.c:1225
    #12 0x7f943119dbb8 in gf_xml_sax_parse_file utils/xml_parser.c:1338
    #13 0x7f94319baa39 in load_xmt_run scene_manager/loader_xmt.c:3700
    #14 0x7f9432067443 in ctxload_process filters/load_bt_xmt.c:544
    #15 0x7f9431de0093 in gf_filter_process_task filter_core/filter.c:3257
    #16 0x7f9431db44c1 in gf_fs_thread_proc filter_core/filter_session.c:2420
    #17 0x7f9431db9582 in gf_fs_run filter_core/filter_session.c:2728
    #18 0x7f943187328a in gf_media_import media_tools/media_import.c:1639
    #19 0x56087f79d411 in import_file /run/media/user/8ed8205b-4114-4c2a-b2d0-e2ad6640262d/gpac/runtime/gpac_asan/applications/mp4box/fileimport.c:1733
    #20 0x56087f759fc9 in do_add_cat /run/media/user/8ed8205b-4114-4c2a-b2d0-e2ad6640262d/gpac/runtime/gpac_asan/applications/mp4box/mp4box.c:4633
    #21 0x56087f75c3f7 in mp4box_main /run/media/user/8ed8205b-4114-4c2a-b2d0-e2ad6640262d/gpac/runtime/gpac_asan/applications/mp4box/mp4box.c:6377
    #22 0x7f9430c33f76 in __libc_start_call_main ../sysdeps/nptl/libc_start_call_main.h:58
    #23 0x7f9430c34026 in __libc_start_main_impl ../csu/libc-start.c:360
    #24 0x56087f73c080 in _start (/run/media/user/8ed8205b-4114-4c2a-b2d0-e2ad6640262d/gpac/runtime/gpac_asan/bin/gcc/MP4Box+0x4d080) (BuildId: 1651312aefdad6adf454cb6d555ab16d3e0fe1b8)

Indirect leak of 24 byte(s) in 1 object(s) allocated from:
    #0 0x7f9432f2435f in malloc ../../../../src/libsanitizer/asan/asan_malloc_linux.cpp:67
    #1 0x7f94312e14cf in Box_Create scenegraph/mpeg4_nodes.c:2260
    #2 0x7f94312e14cf in gf_sg_mpeg4_node_new scenegraph/mpeg4_nodes.c:36736
    #3 0x7f943126aa22 in gf_node_new scenegraph/base_scenegraph.c:2112
    #4 0x7f94319c6560 in xmt_parse_element scene_manager/loader_xmt.c:2036
    #5 0x7f94319cbae3 in xmt_node_start scene_manager/loader_xmt.c:2980
    #6 0x7f943119730c in xml_sax_node_start utils/xml_parser.c:308
    #7 0x7f943119c087 in xml_sax_parse_attribute utils/xml_parser.c:357
    #8 0x7f943119c087 in xml_sax_parse utils/xml_parser.c:940
    #9 0x7f9431197d60 in gf_xml_sax_parse_intern utils/xml_parser.c:1110
    #10 0x7f943119cda7 in gf_xml_sax_parse utils/xml_parser.c:1138
    #11 0x7f943119d103 in xml_sax_read_file utils/xml_parser.c:1225
    #12 0x7f943119dbb8 in gf_xml_sax_parse_file utils/xml_parser.c:1338
    #13 0x7f94319baa39 in load_xmt_run scene_manager/loader_xmt.c:3700
    #14 0x7f9432067443 in ctxload_process filters/load_bt_xmt.c:544
    #15 0x7f9431de0093 in gf_filter_process_task filter_core/filter.c:3257
    #16 0x7f9431db44c1 in gf_fs_thread_proc filter_core/filter_session.c:2420
    #17 0x7f9431db9582 in gf_fs_run filter_core/filter_session.c:2728
    #18 0x7f943187328a in gf_media_import media_tools/media_import.c:1639
    #19 0x56087f79d411 in import_file /run/media/user/8ed8205b-4114-4c2a-b2d0-e2ad6640262d/gpac/runtime/gpac_asan/applications/mp4box/fileimport.c:1733
    #20 0x56087f759fc9 in do_add_cat /run/media/user/8ed8205b-4114-4c2a-b2d0-e2ad6640262d/gpac/runtime/gpac_asan/applications/mp4box/mp4box.c:4633
    #21 0x56087f75c3f7 in mp4box_main /run/media/user/8ed8205b-4114-4c2a-b2d0-e2ad6640262d/gpac/runtime/gpac_asan/applications/mp4box/mp4box.c:6377
    #22 0x7f9430c33f76 in __libc_start_call_main ../sysdeps/nptl/libc_start_call_main.h:58
    #23 0x7f9430c34026 in __libc_start_main_impl ../csu/libc-start.c:360
    #24 0x56087f73c080 in _start (/run/media/user/8ed8205b-4114-4c2a-b2d0-e2ad6640262d/gpac/runtime/gpac_asan/bin/gcc/MP4Box+0x4d080) (BuildId: 1651312aefdad6adf454cb6d555ab16d3e0fe1b8)

Indirect leak of 24 byte(s) in 1 object(s) allocated from:
    #0 0x7f9432f2435f in malloc ../../../../src/libsanitizer/asan/asan_malloc_linux.cpp:67
    #1 0x7f94312e01da in PointSet2D_Create scenegraph/mpeg4_nodes.c:11400
    #2 0x7f94312e01da in gf_sg_mpeg4_node_new scenegraph/mpeg4_nodes.c:36850
    #3 0x7f943126aa22 in gf_node_new scenegraph/base_scenegraph.c:2112
    #4 0x7f94319c6560 in xmt_parse_element scene_manager/loader_xmt.c:2036
    #5 0x7f94319cbae3 in xmt_node_start scene_manager/loader_xmt.c:2980
    #6 0x7f943119730c in xml_sax_node_start utils/xml_parser.c:308
    #7 0x7f943119ba4c in xml_sax_parse_attribute utils/xml_parser.c:397
    #8 0x7f943119ba4c in xml_sax_parse utils/xml_parser.c:940
    #9 0x7f9431197d60 in gf_xml_sax_parse_intern utils/xml_parser.c:1110
    #10 0x7f943119cda7 in gf_xml_sax_parse utils/xml_parser.c:1138
    #11 0x7f943119d103 in xml_sax_read_file utils/xml_parser.c:1225
    #12 0x7f943119dbb8 in gf_xml_sax_parse_file utils/xml_parser.c:1338
    #13 0x7f94319baa39 in load_xmt_run scene_manager/loader_xmt.c:3700
    #14 0x7f9432067443 in ctxload_process filters/load_bt_xmt.c:544
    #15 0x7f9431de0093 in gf_filter_process_task filter_core/filter.c:3257
    #16 0x7f9431db44c1 in gf_fs_thread_proc filter_core/filter_session.c:2420
    #17 0x7f9431db9582 in gf_fs_run filter_core/filter_session.c:2728
    #18 0x7f943187328a in gf_media_import media_tools/media_import.c:1639
    #19 0x56087f79d411 in import_file /run/media/user/8ed8205b-4114-4c2a-b2d0-e2ad6640262d/gpac/runtime/gpac_asan/applications/mp4box/fileimport.c:1733
    #20 0x56087f759fc9 in do_add_cat /run/media/user/8ed8205b-4114-4c2a-b2d0-e2ad6640262d/gpac/runtime/gpac_asan/applications/mp4box/mp4box.c:4633
    #21 0x56087f75c3f7 in mp4box_main /run/media/user/8ed8205b-4114-4c2a-b2d0-e2ad6640262d/gpac/runtime/gpac_asan/applications/mp4box/mp4box.c:6377
    #22 0x7f9430c33f76 in __libc_start_call_main ../sysdeps/nptl/libc_start_call_main.h:58
    #23 0x7f9430c34026 in __libc_start_main_impl ../csu/libc-start.c:360
    #24 0x56087f73c080 in _start (/run/media/user/8ed8205b-4114-4c2a-b2d0-e2ad6640262d/gpac/runtime/gpac_asan/bin/gcc/MP4Box+0x4d080) (BuildId: 1651312aefdad6adf454cb6d555ab16d3e0fe1b8)

Indirect leak of 18 byte(s) in 6 object(s) allocated from:
    #0 0x7f9432f1da04 in strdup ../../../../src/libsanitizer/asan/asan_interceptors.cpp:617
    #1 0x7f94319b845f in xmt_parse_string scene_manager/loader_xmt.c:890
    #2 0x7f94319bf4cc in xmt_parse_mf_field scene_manager/loader_xmt.c:1106
    #3 0x7f94319c764d in xmt_parse_element scene_manager/loader_xmt.c:2123
    #4 0x7f94319cbae3 in xmt_node_start scene_manager/loader_xmt.c:2980
    #5 0x7f943119730c in xml_sax_node_start utils/xml_parser.c:308
    #6 0x7f943119c087 in xml_sax_parse_attribute utils/xml_parser.c:357
    #7 0x7f943119c087 in xml_sax_parse utils/xml_parser.c:940
    #8 0x7f943119796e in gf_xml_sax_parse_intern utils/xml_parser.c:1084
    #9 0x7f943119cda7 in gf_xml_sax_parse utils/xml_parser.c:1138
    #10 0x7f943119d103 in xml_sax_read_file utils/xml_parser.c:1225
    #11 0x7f943119dbb8 in gf_xml_sax_parse_file utils/xml_parser.c:1338
    #12 0x7f94319baa39 in load_xmt_run scene_manager/loader_xmt.c:3700
    #13 0x7f9432067443 in ctxload_process filters/load_bt_xmt.c:544
    #14 0x7f9431de0093 in gf_filter_process_task filter_core/filter.c:3257
    #15 0x7f9431db44c1 in gf_fs_thread_proc filter_core/filter_session.c:2420
    #16 0x7f9431db9582 in gf_fs_run filter_core/filter_session.c:2728
    #17 0x7f943187328a in gf_media_import media_tools/media_import.c:1639
    #18 0x56087f79d411 in import_file /run/media/user/8ed8205b-4114-4c2a-b2d0-e2ad6640262d/gpac/runtime/gpac_asan/applications/mp4box/fileimport.c:1733
    #19 0x56087f759fc9 in do_add_cat /run/media/user/8ed8205b-4114-4c2a-b2d0-e2ad6640262d/gpac/runtime/gpac_asan/applications/mp4box/mp4box.c:4633
    #20 0x56087f75c3f7 in mp4box_main /run/media/user/8ed8205b-4114-4c2a-b2d0-e2ad6640262d/gpac/runtime/gpac_asan/applications/mp4box/mp4box.c:6377
    #21 0x7f9430c33f76 in __libc_start_call_main ../sysdeps/nptl/libc_start_call_main.h:58
    #22 0x7f9430c34026 in __libc_start_main_impl ../csu/libc-start.c:360
    #23 0x56087f73c080 in _start (/run/media/user/8ed8205b-4114-4c2a-b2d0-e2ad6640262d/gpac/runtime/gpac_asan/bin/gcc/MP4Box+0x4d080) (BuildId: 1651312aefdad6adf454cb6d555ab16d3e0fe1b8)

Indirect leak of 18 byte(s) in 2 object(s) allocated from:
    #0 0x7f9432f1da04 in strdup ../../../../src/libsanitizer/asan/asan_interceptors.cpp:617
    #1 0x7f94311e61e7 in gf_mx_new utils/os_thread.c:550
    #2 0x7f9431264151 in gf_sg_new scenegraph/base_scenegraph.c:67
    #3 0x7f9431264313 in gf_sg_new_subscene scenegraph/base_scenegraph.c:109
    #4 0x7f9431338cb0 in gf_sg_proto_create_node scenegraph/vrml_proto.c:797
    #5 0x7f94319c4d88 in xmt_parse_element scene_manager/loader_xmt.c:1975
    #6 0x7f94319cbae3 in xmt_node_start scene_manager/loader_xmt.c:2980
    #7 0x7f943119730c in xml_sax_node_start utils/xml_parser.c:308
    #8 0x7f943119ba4c in xml_sax_parse_attribute utils/xml_parser.c:397
    #9 0x7f943119ba4c in xml_sax_parse utils/xml_parser.c:940
    #10 0x7f943119796e in gf_xml_sax_parse_intern utils/xml_parser.c:1084
    #11 0x7f943119cda7 in gf_xml_sax_parse utils/xml_parser.c:1138
    #12 0x7f943119d103 in xml_sax_read_file utils/xml_parser.c:1225
    #13 0x7f943119dbb8 in gf_xml_sax_parse_file utils/xml_parser.c:1338
    #14 0x7f94319baa39 in load_xmt_run scene_manager/loader_xmt.c:3700
    #15 0x7f9432067443 in ctxload_process filters/load_bt_xmt.c:544
    #16 0x7f9431de0093 in gf_filter_process_task filter_core/filter.c:3257
    #17 0x7f9431db44c1 in gf_fs_thread_proc filter_core/filter_session.c:2420
    #18 0x7f9431db9582 in gf_fs_run filter_core/filter_session.c:2728
    #19 0x7f943187328a in gf_media_import media_tools/media_import.c:1639
    #20 0x56087f79d411 in import_file /run/media/user/8ed8205b-4114-4c2a-b2d0-e2ad6640262d/gpac/runtime/gpac_asan/applications/mp4box/fileimport.c:1733
    #21 0x56087f759fc9 in do_add_cat /run/media/user/8ed8205b-4114-4c2a-b2d0-e2ad6640262d/gpac/runtime/gpac_asan/applications/mp4box/mp4box.c:4633
    #22 0x56087f75c3f7 in mp4box_main /run/media/user/8ed8205b-4114-4c2a-b2d0-e2ad6640262d/gpac/runtime/gpac_asan/applications/mp4box/mp4box.c:6377
    #23 0x7f9430c33f76 in __libc_start_call_main ../sysdeps/nptl/libc_start_call_main.h:58
    #24 0x7f9430c34026 in __libc_start_main_impl ../csu/libc-start.c:360
    #25 0x56087f73c080 in _start (/run/media/user/8ed8205b-4114-4c2a-b2d0-e2ad6640262d/gpac/runtime/gpac_asan/bin/gcc/MP4Box+0x4d080) (BuildId: 1651312aefdad6adf454cb6d555ab16d3e0fe1b8)

Indirect leak of 16 byte(s) in 1 object(s) allocated from:
    #0 0x7f9432f2435f in malloc ../../../../src/libsanitizer/asan/asan_malloc_linux.cpp:67
    #1 0x7f94312e1580 in Bitmap_Create scenegraph/mpeg4_nodes.c:2172
    #2 0x7f94312e1580 in gf_sg_mpeg4_node_new scenegraph/mpeg4_nodes.c:36734
    #3 0x7f943126aa22 in gf_node_new scenegraph/base_scenegraph.c:2112
    #4 0x7f94319c6560 in xmt_parse_element scene_manager/loader_xmt.c:2036
    #5 0x7f94319cbae3 in xmt_node_start scene_manager/loader_xmt.c:2980
    #6 0x7f943119730c in xml_sax_node_start utils/xml_parser.c:308
    #7 0x7f943119ae3f in xml_sax_parse utils/xml_parser.c:863
    #8 0x7f9431197d60 in gf_xml_sax_parse_intern utils/xml_parser.c:1110
    #9 0x7f943119cda7 in gf_xml_sax_parse utils/xml_parser.c:1138
    #10 0x7f943119d103 in xml_sax_read_file utils/xml_parser.c:1225
    #11 0x7f943119dbb8 in gf_xml_sax_parse_file utils/xml_parser.c:1338
    #12 0x7f94319baa39 in load_xmt_run scene_manager/loader_xmt.c:3700
    #13 0x7f9432067443 in ctxload_process filters/load_bt_xmt.c:544
    #14 0x7f9431de0093 in gf_filter_process_task filter_core/filter.c:3257
    #15 0x7f9431db44c1 in gf_fs_thread_proc filter_core/filter_session.c:2420
    #16 0x7f9431db9582 in gf_fs_run filter_core/filter_session.c:2728
    #17 0x7f943187328a in gf_media_import media_tools/media_import.c:1639
    #18 0x56087f79d411 in import_file /run/media/user/8ed8205b-4114-4c2a-b2d0-e2ad6640262d/gpac/runtime/gpac_asan/applications/mp4box/fileimport.c:1733
    #19 0x56087f759fc9 in do_add_cat /run/media/user/8ed8205b-4114-4c2a-b2d0-e2ad6640262d/gpac/runtime/gpac_asan/applications/mp4box/mp4box.c:4633
    #20 0x56087f75c3f7 in mp4box_main /run/media/user/8ed8205b-4114-4c2a-b2d0-e2ad6640262d/gpac/runtime/gpac_asan/applications/mp4box/mp4box.c:6377
    #21 0x7f9430c33f76 in __libc_start_call_main ../sysdeps/nptl/libc_start_call_main.h:58
    #22 0x7f9430c34026 in __libc_start_main_impl ../csu/libc-start.c:360
    #23 0x56087f73c080 in _start (/run/media/user/8ed8205b-4114-4c2a-b2d0-e2ad6640262d/gpac/runtime/gpac_asan/bin/gcc/MP4Box+0x4d080) (BuildId: 1651312aefdad6adf454cb6d555ab16d3e0fe1b8)

Indirect leak of 16 byte(s) in 1 object(s) allocated from:
    #0 0x7f9432f2435f in malloc ../../../../src/libsanitizer/asan/asan_malloc_linux.cpp:67
    #1 0x7f94312e1473 in Circle_Create scenegraph/mpeg4_nodes.c:2361
    #2 0x7f94312e1473 in gf_sg_mpeg4_node_new scenegraph/mpeg4_nodes.c:36738
    #3 0x7f943126aa22 in gf_node_new scenegraph/base_scenegraph.c:2112
    #4 0x7f94319c6560 in xmt_parse_element scene_manager/loader_xmt.c:2036
    #5 0x7f94319cbae3 in xmt_node_start scene_manager/loader_xmt.c:2980
    #6 0x7f943119730c in xml_sax_node_start utils/xml_parser.c:308
    #7 0x7f943119c087 in xml_sax_parse_attribute utils/xml_parser.c:357
    #8 0x7f943119c087 in xml_sax_parse utils/xml_parser.c:940
    #9 0x7f9431197d60 in gf_xml_sax_parse_intern utils/xml_parser.c:1110
    #10 0x7f943119cda7 in gf_xml_sax_parse utils/xml_parser.c:1138
    #11 0x7f943119d103 in xml_sax_read_file utils/xml_parser.c:1225
    #12 0x7f943119dbb8 in gf_xml_sax_parse_file utils/xml_parser.c:1338
    #13 0x7f94319baa39 in load_xmt_run scene_manager/loader_xmt.c:3700
    #14 0x7f9432067443 in ctxload_process filters/load_bt_xmt.c:544
    #15 0x7f9431de0093 in gf_filter_process_task filter_core/filter.c:3257
    #16 0x7f9431db44c1 in gf_fs_thread_proc filter_core/filter_session.c:2420
    #17 0x7f9431db9582 in gf_fs_run filter_core/filter_session.c:2728
    #18 0x7f943187328a in gf_media_import media_tools/media_import.c:1639
    #19 0x56087f79d411 in import_file /run/media/user/8ed8205b-4114-4c2a-b2d0-e2ad6640262d/gpac/runtime/gpac_asan/applications/mp4box/fileimport.c:1733
    #20 0x56087f759fc9 in do_add_cat /run/media/user/8ed8205b-4114-4c2a-b2d0-e2ad6640262d/gpac/runtime/gpac_asan/applications/mp4box/mp4box.c:4633
    #21 0x56087f75c3f7 in mp4box_main /run/media/user/8ed8205b-4114-4c2a-b2d0-e2ad6640262d/gpac/runtime/gpac_asan/applications/mp4box/mp4box.c:6377
    #22 0x7f9430c33f76 in __libc_start_call_main ../sysdeps/nptl/libc_start_call_main.h:58
    #23 0x7f9430c34026 in __libc_start_main_impl ../csu/libc-start.c:360
    #24 0x56087f73c080 in _start (/run/media/user/8ed8205b-4114-4c2a-b2d0-e2ad6640262d/gpac/runtime/gpac_asan/bin/gcc/MP4Box+0x4d080) (BuildId: 1651312aefdad6adf454cb6d555ab16d3e0fe1b8)

Indirect leak of 16 byte(s) in 1 object(s) allocated from:
    #0 0x7f9432f2435f in malloc ../../../../src/libsanitizer/asan/asan_malloc_linux.cpp:67
    #1 0x7f94319bdf26 in xmt_parse_sf_field scene_manager/loader_xmt.c:1036
    #2 0x7f94319c6a1a in xmt_parse_element scene_manager/loader_xmt.c:2121
    #3 0x7f94319cbae3 in xmt_node_start scene_manager/loader_xmt.c:2980
    #4 0x7f943119730c in xml_sax_node_start utils/xml_parser.c:308
    #5 0x7f943119c087 in xml_sax_parse_attribute utils/xml_parser.c:357
    #6 0x7f943119c087 in xml_sax_parse utils/xml_parser.c:940
    #7 0x7f9431197d60 in gf_xml_sax_parse_intern utils/xml_parser.c:1110
    #8 0x7f943119cda7 in gf_xml_sax_parse utils/xml_parser.c:1138
    #9 0x7f943119d103 in xml_sax_read_file utils/xml_parser.c:1225
    #10 0x7f943119dbb8 in gf_xml_sax_parse_file utils/xml_parser.c:1338
    #11 0x7f94319baa39 in load_xmt_run scene_manager/loader_xmt.c:3700
    #12 0x7f9432067443 in ctxload_process filters/load_bt_xmt.c:544
    #13 0x7f9431de0093 in gf_filter_process_task filter_core/filter.c:3257
    #14 0x7f9431db44c1 in gf_fs_thread_proc filter_core/filter_session.c:2420
    #15 0x7f9431db9582 in gf_fs_run filter_core/filter_session.c:2728
    #16 0x7f943187328a in gf_media_import media_tools/media_import.c:1639
    #17 0x56087f79d411 in import_file /run/media/user/8ed8205b-4114-4c2a-b2d0-e2ad6640262d/gpac/runtime/gpac_asan/applications/mp4box/fileimport.c:1733
    #18 0x56087f759fc9 in do_add_cat /run/media/user/8ed8205b-4114-4c2a-b2d0-e2ad6640262d/gpac/runtime/gpac_asan/applications/mp4box/mp4box.c:4633
    #19 0x56087f75c3f7 in mp4box_main /run/media/user/8ed8205b-4114-4c2a-b2d0-e2ad6640262d/gpac/runtime/gpac_asan/applications/mp4box/mp4box.c:6377
    #20 0x7f9430c33f76 in __libc_start_call_main ../sysdeps/nptl/libc_start_call_main.h:58
    #21 0x7f9430c34026 in __libc_start_main_impl ../csu/libc-start.c:360
    #22 0x56087f73c080 in _start (/run/media/user/8ed8205b-4114-4c2a-b2d0-e2ad6640262d/gpac/runtime/gpac_asan/bin/gcc/MP4Box+0x4d080) (BuildId: 1651312aefdad6adf454cb6d555ab16d3e0fe1b8)

Indirect leak of 16 byte(s) in 1 object(s) allocated from:
    #0 0x7f9432f2435f in malloc ../../../../src/libsanitizer/asan/asan_malloc_linux.cpp:67
    #1 0x7f9431160b1d in gf_list_new utils/list.c:612
    #2 0x7f9431b07a63 in compositor_init_audiobuffer compositor/mpeg4_audio.c:621
    #3 0x7f9431c5c51a in gf_scene_on_node_init compositor/scene_node_init.c:286
    #4 0x7f9431c5c51a in gf_scene_on_node_init compositor/scene_node_init.c:206
    #5 0x7f9431c5c51a in gf_scene_node_callback compositor/scene_node_init.c:360
    #6 0x7f94319c6a44 in xmt_parse_element scene_manager/loader_xmt.c:2180
    #7 0x7f94319cbae3 in xmt_node_start scene_manager/loader_xmt.c:2980
    #8 0x7f943119730c in xml_sax_node_start utils/xml_parser.c:308
    #9 0x7f943119ae3f in xml_sax_parse utils/xml_parser.c:863
    #10 0x7f9431197d60 in gf_xml_sax_parse_intern utils/xml_parser.c:1110
    #11 0x7f943119cda7 in gf_xml_sax_parse utils/xml_parser.c:1138
    #12 0x7f943119d103 in xml_sax_read_file utils/xml_parser.c:1225
    #13 0x7f943119dbb8 in gf_xml_sax_parse_file utils/xml_parser.c:1338
    #14 0x7f94319baa39 in load_xmt_run scene_manager/loader_xmt.c:3700
    #15 0x7f9432067443 in ctxload_process filters/load_bt_xmt.c:544
    #16 0x7f9431de0093 in gf_filter_process_task filter_core/filter.c:3257
    #17 0x7f9431db44c1 in gf_fs_thread_proc filter_core/filter_session.c:2420
    #18 0x7f9431db9582 in gf_fs_run filter_core/filter_session.c:2728
    #19 0x7f943187328a in gf_media_import media_tools/media_import.c:1639
    #20 0x56087f79d411 in import_file /run/media/user/8ed8205b-4114-4c2a-b2d0-e2ad6640262d/gpac/runtime/gpac_asan/applications/mp4box/fileimport.c:1733
    #21 0x56087f759fc9 in do_add_cat /run/media/user/8ed8205b-4114-4c2a-b2d0-e2ad6640262d/gpac/runtime/gpac_asan/applications/mp4box/mp4box.c:4633
    #22 0x56087f75c3f7 in mp4box_main /run/media/user/8ed8205b-4114-4c2a-b2d0-e2ad6640262d/gpac/runtime/gpac_asan/applications/mp4box/mp4box.c:6377
    #23 0x7f9430c33f76 in __libc_start_call_main ../sysdeps/nptl/libc_start_call_main.h:58
    #24 0x7f9430c34026 in __libc_start_main_impl ../csu/libc-start.c:360
    #25 0x56087f73c080 in _start (/run/media/user/8ed8205b-4114-4c2a-b2d0-e2ad6640262d/gpac/runtime/gpac_asan/bin/gcc/MP4Box+0x4d080) (BuildId: 1651312aefdad6adf454cb6d555ab16d3e0fe1b8)

Indirect leak of 16 byte(s) in 1 object(s) allocated from:
    #0 0x7f9432f2435f in malloc ../../../../src/libsanitizer/asan/asan_malloc_linux.cpp:67
    #1 0x7f9431160b1d in gf_list_new utils/list.c:612
    #2 0x7f9431a1c09c in gf_mixer_new compositor/audio_mixer.c:105
    #3 0x7f9431b07a3a in compositor_init_audiobuffer compositor/mpeg4_audio.c:620
    #4 0x7f9431c5c51a in gf_scene_on_node_init compositor/scene_node_init.c:286
    #5 0x7f9431c5c51a in gf_scene_on_node_init compositor/scene_node_init.c:206
    #6 0x7f9431c5c51a in gf_scene_node_callback compositor/scene_node_init.c:360
    #7 0x7f94319c6a44 in xmt_parse_element scene_manager/loader_xmt.c:2180
    #8 0x7f94319cbae3 in xmt_node_start scene_manager/loader_xmt.c:2980
    #9 0x7f943119730c in xml_sax_node_start utils/xml_parser.c:308
    #10 0x7f943119ae3f in xml_sax_parse utils/xml_parser.c:863
    #11 0x7f9431197d60 in gf_xml_sax_parse_intern utils/xml_parser.c:1110
    #12 0x7f943119cda7 in gf_xml_sax_parse utils/xml_parser.c:1138
    #13 0x7f943119d103 in xml_sax_read_file utils/xml_parser.c:1225
    #14 0x7f943119dbb8 in gf_xml_sax_parse_file utils/xml_parser.c:1338
    #15 0x7f94319baa39 in load_xmt_run scene_manager/loader_xmt.c:3700
    #16 0x7f9432067443 in ctxload_process filters/load_bt_xmt.c:544
    #17 0x7f9431de0093 in gf_filter_process_task filter_core/filter.c:3257
    #18 0x7f9431db44c1 in gf_fs_thread_proc filter_core/filter_session.c:2420
    #19 0x7f9431db9582 in gf_fs_run filter_core/filter_session.c:2728
    #20 0x7f943187328a in gf_media_import media_tools/media_import.c:1639
    #21 0x56087f79d411 in import_file /run/media/user/8ed8205b-4114-4c2a-b2d0-e2ad6640262d/gpac/runtime/gpac_asan/applications/mp4box/fileimport.c:1733
    #22 0x56087f759fc9 in do_add_cat /run/media/user/8ed8205b-4114-4c2a-b2d0-e2ad6640262d/gpac/runtime/gpac_asan/applications/mp4box/mp4box.c:4633
    #23 0x56087f75c3f7 in mp4box_main /run/media/user/8ed8205b-4114-4c2a-b2d0-e2ad6640262d/gpac/runtime/gpac_asan/applications/mp4box/mp4box.c:6377
    #24 0x7f9430c33f76 in __libc_start_call_main ../sysdeps/nptl/libc_start_call_main.h:58
    #25 0x7f9430c34026 in __libc_start_main_impl ../csu/libc-start.c:360
    #26 0x56087f73c080 in _start (/run/media/user/8ed8205b-4114-4c2a-b2d0-e2ad6640262d/gpac/runtime/gpac_asan/bin/gcc/MP4Box+0x4d080) (BuildId: 1651312aefdad6adf454cb6d555ab16d3e0fe1b8)

Indirect leak of 16 byte(s) in 2 object(s) allocated from:
    #0 0x7f9432f2435f in malloc ../../../../src/libsanitizer/asan/asan_malloc_linux.cpp:67
    #1 0x7f94312cbfae in Layout_Create scenegraph/mpeg4_nodes.c:9193
    #2 0x7f943126aa22 in gf_node_new scenegraph/base_scenegraph.c:2112
    #3 0x7f94319c6560 in xmt_parse_element scene_manager/loader_xmt.c:2036
    #4 0x7f94319cbae3 in xmt_node_start scene_manager/loader_xmt.c:2980
    #5 0x7f943119730c in xml_sax_node_start utils/xml_parser.c:308
    #6 0x7f943119ae3f in xml_sax_parse utils/xml_parser.c:863
    #7 0x7f943119796e in gf_xml_sax_parse_intern utils/xml_parser.c:1084
    #8 0x7f943119cda7 in gf_xml_sax_parse utils/xml_parser.c:1138
    #9 0x7f943119d103 in xml_sax_read_file utils/xml_parser.c:1225
    #10 0x7f943119dbb8 in gf_xml_sax_parse_file utils/xml_parser.c:1338
    #11 0x7f94319baa39 in load_xmt_run scene_manager/loader_xmt.c:3700
    #12 0x7f9432067443 in ctxload_process filters/load_bt_xmt.c:544
    #13 0x7f9431de0093 in gf_filter_process_task filter_core/filter.c:3257
    #14 0x7f9431db44c1 in gf_fs_thread_proc filter_core/filter_session.c:2420
    #15 0x7f9431db9582 in gf_fs_run filter_core/filter_session.c:2728
    #16 0x7f943187328a in gf_media_import media_tools/media_import.c:1639
    #17 0x56087f79d411 in import_file /run/media/user/8ed8205b-4114-4c2a-b2d0-e2ad6640262d/gpac/runtime/gpac_asan/applications/mp4box/fileimport.c:1733
    #18 0x56087f759fc9 in do_add_cat /run/media/user/8ed8205b-4114-4c2a-b2d0-e2ad6640262d/gpac/runtime/gpac_asan/applications/mp4box/mp4box.c:4633
    #19 0x56087f75c3f7 in mp4box_main /run/media/user/8ed8205b-4114-4c2a-b2d0-e2ad6640262d/gpac/runtime/gpac_asan/applications/mp4box/mp4box.c:6377
    #20 0x7f9430c33f76 in __libc_start_call_main ../sysdeps/nptl/libc_start_call_main.h:58
    #21 0x7f9430c34026 in __libc_start_main_impl ../csu/libc-start.c:360
    #22 0x56087f73c080 in _start (/run/media/user/8ed8205b-4114-4c2a-b2d0-e2ad6640262d/gpac/runtime/gpac_asan/bin/gcc/MP4Box+0x4d080) (BuildId: 1651312aefdad6adf454cb6d555ab16d3e0fe1b8)

Indirect leak of 16 byte(s) in 1 object(s) allocated from:
    #0 0x7f9432f2435f in malloc ../../../../src/libsanitizer/asan/asan_malloc_linux.cpp:67
    #1 0x7f94312e1473 in Circle_Create scenegraph/mpeg4_nodes.c:2361
    #2 0x7f94312e1473 in gf_sg_mpeg4_node_new scenegraph/mpeg4_nodes.c:36738
    #3 0x7f943126aa22 in gf_node_new scenegraph/base_scenegraph.c:2112
    #4 0x7f94319c6560 in xmt_parse_element scene_manager/loader_xmt.c:2036
    #5 0x7f94319cbae3 in xmt_node_start scene_manager/loader_xmt.c:2980
    #6 0x7f943119730c in xml_sax_node_start utils/xml_parser.c:308
    #7 0x7f943119c087 in xml_sax_parse_attribute utils/xml_parser.c:357
    #8 0x7f943119c087 in xml_sax_parse utils/xml_parser.c:940
    #9 0x7f943119796e in gf_xml_sax_parse_intern utils/xml_parser.c:1084
    #10 0x7f943119cda7 in gf_xml_sax_parse utils/xml_parser.c:1138
    #11 0x7f943119d103 in xml_sax_read_file utils/xml_parser.c:1225
    #12 0x7f943119dbb8 in gf_xml_sax_parse_file utils/xml_parser.c:1338
    #13 0x7f94319baa39 in load_xmt_run scene_manager/loader_xmt.c:3700
    #14 0x7f9432067443 in ctxload_process filters/load_bt_xmt.c:544
    #15 0x7f9431de0093 in gf_filter_process_task filter_core/filter.c:3257
    #16 0x7f9431db44c1 in gf_fs_thread_proc filter_core/filter_session.c:2420
    #17 0x7f9431db9582 in gf_fs_run filter_core/filter_session.c:2728
    #18 0x7f943187328a in gf_media_import media_tools/media_import.c:1639
    #19 0x56087f79d411 in import_file /run/media/user/8ed8205b-4114-4c2a-b2d0-e2ad6640262d/gpac/runtime/gpac_asan/applications/mp4box/fileimport.c:1733
    #20 0x56087f759fc9 in do_add_cat /run/media/user/8ed8205b-4114-4c2a-b2d0-e2ad6640262d/gpac/runtime/gpac_asan/applications/mp4box/mp4box.c:4633
    #21 0x56087f75c3f7 in mp4box_main /run/media/user/8ed8205b-4114-4c2a-b2d0-e2ad6640262d/gpac/runtime/gpac_asan/applications/mp4box/mp4box.c:6377
    #22 0x7f9430c33f76 in __libc_start_call_main ../sysdeps/nptl/libc_start_call_main.h:58
    #23 0x7f9430c34026 in __libc_start_main_impl ../csu/libc-start.c:360
    #24 0x56087f73c080 in _start (/run/media/user/8ed8205b-4114-4c2a-b2d0-e2ad6640262d/gpac/runtime/gpac_asan/bin/gcc/MP4Box+0x4d080) (BuildId: 1651312aefdad6adf454cb6d555ab16d3e0fe1b8)

Indirect leak of 16 byte(s) in 1 object(s) allocated from:
    #0 0x7f9432f2435f in malloc ../../../../src/libsanitizer/asan/asan_malloc_linux.cpp:67
    #1 0x7f9431160b1d in gf_list_new utils/list.c:612
    #2 0x7f9431b07a63 in compositor_init_audiobuffer compositor/mpeg4_audio.c:621
    #3 0x7f9431c5c51a in gf_scene_on_node_init compositor/scene_node_init.c:286
    #4 0x7f9431c5c51a in gf_scene_on_node_init compositor/scene_node_init.c:206
    #5 0x7f9431c5c51a in gf_scene_node_callback compositor/scene_node_init.c:360
    #6 0x7f94319c6a44 in xmt_parse_element scene_manager/loader_xmt.c:2180
    #7 0x7f94319cbae3 in xmt_node_start scene_manager/loader_xmt.c:2980
    #8 0x7f943119730c in xml_sax_node_start utils/xml_parser.c:308
    #9 0x7f943119ae3f in xml_sax_parse utils/xml_parser.c:863
    #10 0x7f943119796e in gf_xml_sax_parse_intern utils/xml_parser.c:1084
    #11 0x7f943119cda7 in gf_xml_sax_parse utils/xml_parser.c:1138
    #12 0x7f943119d103 in xml_sax_read_file utils/xml_parser.c:1225
    #13 0x7f943119dbb8 in gf_xml_sax_parse_file utils/xml_parser.c:1338
    #14 0x7f94319baa39 in load_xmt_run scene_manager/loader_xmt.c:3700
    #15 0x7f9432067443 in ctxload_process filters/load_bt_xmt.c:544
    #16 0x7f9431de0093 in gf_filter_process_task filter_core/filter.c:3257
    #17 0x7f9431db44c1 in gf_fs_thread_proc filter_core/filter_session.c:2420
    #18 0x7f9431db9582 in gf_fs_run filter_core/filter_session.c:2728
    #19 0x7f943187328a in gf_media_import media_tools/media_import.c:1639
    #20 0x56087f79d411 in import_file /run/media/user/8ed8205b-4114-4c2a-b2d0-e2ad6640262d/gpac/runtime/gpac_asan/applications/mp4box/fileimport.c:1733
    #21 0x56087f759fc9 in do_add_cat /run/media/user/8ed8205b-4114-4c2a-b2d0-e2ad6640262d/gpac/runtime/gpac_asan/applications/mp4box/mp4box.c:4633
    #22 0x56087f75c3f7 in mp4box_main /run/media/user/8ed8205b-4114-4c2a-b2d0-e2ad6640262d/gpac/runtime/gpac_asan/applications/mp4box/mp4box.c:6377
    #23 0x7f9430c33f76 in __libc_start_call_main ../sysdeps/nptl/libc_start_call_main.h:58
    #24 0x7f9430c34026 in __libc_start_main_impl ../csu/libc-start.c:360
    #25 0x56087f73c080 in _start (/run/media/user/8ed8205b-4114-4c2a-b2d0-e2ad6640262d/gpac/runtime/gpac_asan/bin/gcc/MP4Box+0x4d080) (BuildId: 1651312aefdad6adf454cb6d555ab16d3e0fe1b8)

Indirect leak of 16 byte(s) in 1 object(s) allocated from:
    #0 0x7f9432f2435f in malloc ../../../../src/libsanitizer/asan/asan_malloc_linux.cpp:67
    #1 0x7f9431160b1d in gf_list_new utils/list.c:612
    #2 0x7f9431a1c09c in gf_mixer_new compositor/audio_mixer.c:105
    #3 0x7f9431b07a3a in compositor_init_audiobuffer compositor/mpeg4_audio.c:620
    #4 0x7f9431c5c51a in gf_scene_on_node_init compositor/scene_node_init.c:286
    #5 0x7f9431c5c51a in gf_scene_on_node_init compositor/scene_node_init.c:206
    #6 0x7f9431c5c51a in gf_scene_node_callback compositor/scene_node_init.c:360
    #7 0x7f94319c6a44 in xmt_parse_element scene_manager/loader_xmt.c:2180
    #8 0x7f94319cbae3 in xmt_node_start scene_manager/loader_xmt.c:2980
    #9 0x7f943119730c in xml_sax_node_start utils/xml_parser.c:308
    #10 0x7f943119ae3f in xml_sax_parse utils/xml_parser.c:863
    #11 0x7f943119796e in gf_xml_sax_parse_intern utils/xml_parser.c:1084
    #12 0x7f943119cda7 in gf_xml_sax_parse utils/xml_parser.c:1138
    #13 0x7f943119d103 in xml_sax_read_file utils/xml_parser.c:1225
    #14 0x7f943119dbb8 in gf_xml_sax_parse_file utils/xml_parser.c:1338
    #15 0x7f94319baa39 in load_xmt_run scene_manager/loader_xmt.c:3700
    #16 0x7f9432067443 in ctxload_process filters/load_bt_xmt.c:544
    #17 0x7f9431de0093 in gf_filter_process_task filter_core/filter.c:3257
    #18 0x7f9431db44c1 in gf_fs_thread_proc filter_core/filter_session.c:2420
    #19 0x7f9431db9582 in gf_fs_run filter_core/filter_session.c:2728
    #20 0x7f943187328a in gf_media_import media_tools/media_import.c:1639
    #21 0x56087f79d411 in import_file /run/media/user/8ed8205b-4114-4c2a-b2d0-e2ad6640262d/gpac/runtime/gpac_asan/applications/mp4box/fileimport.c:1733
    #22 0x56087f759fc9 in do_add_cat /run/media/user/8ed8205b-4114-4c2a-b2d0-e2ad6640262d/gpac/runtime/gpac_asan/applications/mp4box/mp4box.c:4633
    #23 0x56087f75c3f7 in mp4box_main /run/media/user/8ed8205b-4114-4c2a-b2d0-e2ad6640262d/gpac/runtime/gpac_asan/applications/mp4box/mp4box.c:6377
    #24 0x7f9430c33f76 in __libc_start_call_main ../sysdeps/nptl/libc_start_call_main.h:58
    #25 0x7f9430c34026 in __libc_start_main_impl ../csu/libc-start.c:360
    #26 0x56087f73c080 in _start (/run/media/user/8ed8205b-4114-4c2a-b2d0-e2ad6640262d/gpac/runtime/gpac_asan/bin/gcc/MP4Box+0x4d080) (BuildId: 1651312aefdad6adf454cb6d555ab16d3e0fe1b8)

Indirect leak of 16 byte(s) in 1 object(s) allocated from:
    #0 0x7f9432f2435f in malloc ../../../../src/libsanitizer/asan/asan_malloc_linux.cpp:67
    #1 0x7f9431160b1d in gf_list_new utils/list.c:612
    #2 0x7f94312df00d in InputSensor_Create scenegraph/mpeg4_nodes.c:22793
    #3 0x7f94312df00d in gf_sg_mpeg4_node_new scenegraph/mpeg4_nodes.c:36938
    #4 0x7f943126aa22 in gf_node_new scenegraph/base_scenegraph.c:2112
    #5 0x7f94319c6560 in xmt_parse_element scene_manager/loader_xmt.c:2036
    #6 0x7f94319cbae3 in xmt_node_start scene_manager/loader_xmt.c:2980
    #7 0x7f943119730c in xml_sax_node_start utils/xml_parser.c:308
    #8 0x7f943119ba4c in xml_sax_parse_attribute utils/xml_parser.c:397
    #9 0x7f943119ba4c in xml_sax_parse utils/xml_parser.c:940
    #10 0x7f943119796e in gf_xml_sax_parse_intern utils/xml_parser.c:1084
    #11 0x7f943119cda7 in gf_xml_sax_parse utils/xml_parser.c:1138
    #12 0x7f943119d103 in xml_sax_read_file utils/xml_parser.c:1225
    #13 0x7f943119dbb8 in gf_xml_sax_parse_file utils/xml_parser.c:1338
    #14 0x7f94319baa39 in load_xmt_run scene_manager/loader_xmt.c:3700
    #15 0x7f9432067443 in ctxload_process filters/load_bt_xmt.c:544
    #16 0x7f9431de0093 in gf_filter_process_task filter_core/filter.c:3257
    #17 0x7f9431db44c1 in gf_fs_thread_proc filter_core/filter_session.c:2420
    #18 0x7f9431db9582 in gf_fs_run filter_core/filter_session.c:2728
    #19 0x7f943187328a in gf_media_import media_tools/media_import.c:1639
    #20 0x56087f79d411 in import_file /run/media/user/8ed8205b-4114-4c2a-b2d0-e2ad6640262d/gpac/runtime/gpac_asan/applications/mp4box/fileimport.c:1733
    #21 0x56087f759fc9 in do_add_cat /run/media/user/8ed8205b-4114-4c2a-b2d0-e2ad6640262d/gpac/runtime/gpac_asan/applications/mp4box/mp4box.c:4633
    #22 0x56087f75c3f7 in mp4box_main /run/media/user/8ed8205b-4114-4c2a-b2d0-e2ad6640262d/gpac/runtime/gpac_asan/applications/mp4box/mp4box.c:6377
    #23 0x7f9430c33f76 in __libc_start_call_main ../sysdeps/nptl/libc_start_call_main.h:58
    #24 0x7f9430c34026 in __libc_start_main_impl ../csu/libc-start.c:360
    #25 0x56087f73c080 in _start (/run/media/user/8ed8205b-4114-4c2a-b2d0-e2ad6640262d/gpac/runtime/gpac_asan/bin/gcc/MP4Box+0x4d080) (BuildId: 1651312aefdad6adf454cb6d555ab16d3e0fe1b8)

Indirect leak of 16 byte(s) in 1 object(s) allocated from:
    #0 0x7f9432f2435f in malloc ../../../../src/libsanitizer/asan/asan_malloc_linux.cpp:67
    #1 0x7f94312c9ff1 in Extrusion_Create scenegraph/mpeg4_nodes.c:5119
    #2 0x7f943126aa22 in gf_node_new scenegraph/base_scenegraph.c:2112
    #3 0x7f94319c6560 in xmt_parse_element scene_manager/loader_xmt.c:2036
    #4 0x7f94319cbae3 in xmt_node_start scene_manager/loader_xmt.c:2980
    #5 0x7f943119730c in xml_sax_node_start utils/xml_parser.c:308
    #6 0x7f943119c087 in xml_sax_parse_attribute utils/xml_parser.c:357
    #7 0x7f943119c087 in xml_sax_parse utils/xml_parser.c:940
    #8 0x7f9431197d60 in gf_xml_sax_parse_intern utils/xml_parser.c:1110
    #9 0x7f943119cda7 in gf_xml_sax_parse utils/xml_parser.c:1138
    #10 0x7f943119d103 in xml_sax_read_file utils/xml_parser.c:1225
    #11 0x7f943119dbb8 in gf_xml_sax_parse_file utils/xml_parser.c:1338
    #12 0x7f94319baa39 in load_xmt_run scene_manager/loader_xmt.c:3700
    #13 0x7f9432067443 in ctxload_process filters/load_bt_xmt.c:544
    #14 0x7f9431de0093 in gf_filter_process_task filter_core/filter.c:3257
    #15 0x7f9431db44c1 in gf_fs_thread_proc filter_core/filter_session.c:2420
    #16 0x7f9431db9582 in gf_fs_run filter_core/filter_session.c:2728
    #17 0x7f943187328a in gf_media_import media_tools/media_import.c:1639
    #18 0x56087f79d411 in import_file /run/media/user/8ed8205b-4114-4c2a-b2d0-e2ad6640262d/gpac/runtime/gpac_asan/applications/mp4box/fileimport.c:1733
    #19 0x56087f759fc9 in do_add_cat /run/media/user/8ed8205b-4114-4c2a-b2d0-e2ad6640262d/gpac/runtime/gpac_asan/applications/mp4box/mp4box.c:4633
    #20 0x56087f75c3f7 in mp4box_main /run/media/user/8ed8205b-4114-4c2a-b2d0-e2ad6640262d/gpac/runtime/gpac_asan/applications/mp4box/mp4box.c:6377
    #21 0x7f9430c33f76 in __libc_start_call_main ../sysdeps/nptl/libc_start_call_main.h:58
    #22 0x7f9430c34026 in __libc_start_main_impl ../csu/libc-start.c:360
    #23 0x56087f73c080 in _start (/run/media/user/8ed8205b-4114-4c2a-b2d0-e2ad6640262d/gpac/runtime/gpac_asan/bin/gcc/MP4Box+0x4d080) (BuildId: 1651312aefdad6adf454cb6d555ab16d3e0fe1b8)

Indirect leak of 14 byte(s) in 2 object(s) allocated from:
    #0 0x7f9432f1da04 in strdup ../../../../src/libsanitizer/asan/asan_interceptors.cpp:617
    #1 0x7f9431338c74 in gf_sg_proto_create_node scenegraph/vrml_proto.c:794
    #2 0x7f94319c4d88 in xmt_parse_element scene_manager/loader_xmt.c:1975
    #3 0x7f94319cbae3 in xmt_node_start scene_manager/loader_xmt.c:2980
    #4 0x7f943119730c in xml_sax_node_start utils/xml_parser.c:308
    #5 0x7f943119ba4c in xml_sax_parse_attribute utils/xml_parser.c:397
    #6 0x7f943119ba4c in xml_sax_parse utils/xml_parser.c:940
    #7 0x7f943119796e in gf_xml_sax_parse_intern utils/xml_parser.c:1084
    #8 0x7f943119cda7 in gf_xml_sax_parse utils/xml_parser.c:1138
    #9 0x7f943119d103 in xml_sax_read_file utils/xml_parser.c:1225
    #10 0x7f943119dbb8 in gf_xml_sax_parse_file utils/xml_parser.c:1338
    #11 0x7f94319baa39 in load_xmt_run scene_manager/loader_xmt.c:3700
    #12 0x7f9432067443 in ctxload_process filters/load_bt_xmt.c:544
    #13 0x7f9431de0093 in gf_filter_process_task filter_core/filter.c:3257
    #14 0x7f9431db44c1 in gf_fs_thread_proc filter_core/filter_session.c:2420
    #15 0x7f9431db9582 in gf_fs_run filter_core/filter_session.c:2728
    #16 0x7f943187328a in gf_media_import media_tools/media_import.c:1639
    #17 0x56087f79d411 in import_file /run/media/user/8ed8205b-4114-4c2a-b2d0-e2ad6640262d/gpac/runtime/gpac_asan/applications/mp4box/fileimport.c:1733
    #18 0x56087f759fc9 in do_add_cat /run/media/user/8ed8205b-4114-4c2a-b2d0-e2ad6640262d/gpac/runtime/gpac_asan/applications/mp4box/mp4box.c:4633
    #19 0x56087f75c3f7 in mp4box_main /run/media/user/8ed8205b-4114-4c2a-b2d0-e2ad6640262d/gpac/runtime/gpac_asan/applications/mp4box/mp4box.c:6377
    #20 0x7f9430c33f76 in __libc_start_call_main ../sysdeps/nptl/libc_start_call_main.h:58
    #21 0x7f9430c34026 in __libc_start_main_impl ../csu/libc-start.c:360
    #22 0x56087f73c080 in _start (/run/media/user/8ed8205b-4114-4c2a-b2d0-e2ad6640262d/gpac/runtime/gpac_asan/bin/gcc/MP4Box+0x4d080) (BuildId: 1651312aefdad6adf454cb6d555ab16d3e0fe1b8)

Indirect leak of 12 byte(s) in 2 object(s) allocated from:
    #0 0x7f9432f1da04 in strdup ../../../../src/libsanitizer/asan/asan_interceptors.cpp:617
    #1 0x7f94312cbffe in Layout_Create scenegraph/mpeg4_nodes.c:9195
    #2 0x7f943126aa22 in gf_node_new scenegraph/base_scenegraph.c:2112
    #3 0x7f94319c6560 in xmt_parse_element scene_manager/loader_xmt.c:2036
    #4 0x7f94319cbae3 in xmt_node_start scene_manager/loader_xmt.c:2980
    #5 0x7f943119730c in xml_sax_node_start utils/xml_parser.c:308
    #6 0x7f943119ae3f in xml_sax_parse utils/xml_parser.c:863
    #7 0x7f943119796e in gf_xml_sax_parse_intern utils/xml_parser.c:1084
    #8 0x7f943119cda7 in gf_xml_sax_parse utils/xml_parser.c:1138
    #9 0x7f943119d103 in xml_sax_read_file utils/xml_parser.c:1225
    #10 0x7f943119dbb8 in gf_xml_sax_parse_file utils/xml_parser.c:1338
    #11 0x7f94319baa39 in load_xmt_run scene_manager/loader_xmt.c:3700
    #12 0x7f9432067443 in ctxload_process filters/load_bt_xmt.c:544
    #13 0x7f9431de0093 in gf_filter_process_task filter_core/filter.c:3257
    #14 0x7f9431db44c1 in gf_fs_thread_proc filter_core/filter_session.c:2420
    #15 0x7f9431db9582 in gf_fs_run filter_core/filter_session.c:2728
    #16 0x7f943187328a in gf_media_import media_tools/media_import.c:1639
    #17 0x56087f79d411 in import_file /run/media/user/8ed8205b-4114-4c2a-b2d0-e2ad6640262d/gpac/runtime/gpac_asan/applications/mp4box/fileimport.c:1733
    #18 0x56087f759fc9 in do_add_cat /run/media/user/8ed8205b-4114-4c2a-b2d0-e2ad6640262d/gpac/runtime/gpac_asan/applications/mp4box/mp4box.c:4633
    #19 0x56087f75c3f7 in mp4box_main /run/media/user/8ed8205b-4114-4c2a-b2d0-e2ad6640262d/gpac/runtime/gpac_asan/applications/mp4box/mp4box.c:6377
    #20 0x7f9430c33f76 in __libc_start_call_main ../sysdeps/nptl/libc_start_call_main.h:58
    #21 0x7f9430c34026 in __libc_start_main_impl ../csu/libc-start.c:360
    #22 0x56087f73c080 in _start (/run/media/user/8ed8205b-4114-4c2a-b2d0-e2ad6640262d/gpac/runtime/gpac_asan/bin/gcc/MP4Box+0x4d080) (BuildId: 1651312aefdad6adf454cb6d555ab16d3e0fe1b8)

Indirect leak of 9 byte(s) in 1 object(s) allocated from:
    #0 0x7f9432f1da04 in strdup ../../../../src/libsanitizer/asan/asan_interceptors.cpp:617
    #1 0x7f94311e61e7 in gf_mx_new utils/os_thread.c:550
    #2 0x7f9431a1c079 in gf_mixer_new compositor/audio_mixer.c:104
    #3 0x7f9431b07a3a in compositor_init_audiobuffer compositor/mpeg4_audio.c:620
    #4 0x7f9431c5c51a in gf_scene_on_node_init compositor/scene_node_init.c:286
    #5 0x7f9431c5c51a in gf_scene_on_node_init compositor/scene_node_init.c:206
    #6 0x7f9431c5c51a in gf_scene_node_callback compositor/scene_node_init.c:360
    #7 0x7f94319c6a44 in xmt_parse_element scene_manager/loader_xmt.c:2180
    #8 0x7f94319cbae3 in xmt_node_start scene_manager/loader_xmt.c:2980
    #9 0x7f943119730c in xml_sax_node_start utils/xml_parser.c:308
    #10 0x7f943119ae3f in xml_sax_parse utils/xml_parser.c:863
    #11 0x7f9431197d60 in gf_xml_sax_parse_intern utils/xml_parser.c:1110
    #12 0x7f943119cda7 in gf_xml_sax_parse utils/xml_parser.c:1138
    #13 0x7f943119d103 in xml_sax_read_file utils/xml_parser.c:1225
    #14 0x7f943119dbb8 in gf_xml_sax_parse_file utils/xml_parser.c:1338
    #15 0x7f94319baa39 in load_xmt_run scene_manager/loader_xmt.c:3700
    #16 0x7f9432067443 in ctxload_process filters/load_bt_xmt.c:544
    #17 0x7f9431de0093 in gf_filter_process_task filter_core/filter.c:3257
    #18 0x7f9431db44c1 in gf_fs_thread_proc filter_core/filter_session.c:2420
    #19 0x7f9431db9582 in gf_fs_run filter_core/filter_session.c:2728
    #20 0x7f943187328a in gf_media_import media_tools/media_import.c:1639
    #21 0x56087f79d411 in import_file /run/media/user/8ed8205b-4114-4c2a-b2d0-e2ad6640262d/gpac/runtime/gpac_asan/applications/mp4box/fileimport.c:1733
    #22 0x56087f759fc9 in do_add_cat /run/media/user/8ed8205b-4114-4c2a-b2d0-e2ad6640262d/gpac/runtime/gpac_asan/applications/mp4box/mp4box.c:4633
    #23 0x56087f75c3f7 in mp4box_main /run/media/user/8ed8205b-4114-4c2a-b2d0-e2ad6640262d/gpac/runtime/gpac_asan/applications/mp4box/mp4box.c:6377
    #24 0x7f9430c33f76 in __libc_start_call_main ../sysdeps/nptl/libc_start_call_main.h:58
    #25 0x7f9430c34026 in __libc_start_main_impl ../csu/libc-start.c:360
    #26 0x56087f73c080 in _start (/run/media/user/8ed8205b-4114-4c2a-b2d0-e2ad6640262d/gpac/runtime/gpac_asan/bin/gcc/MP4Box+0x4d080) (BuildId: 1651312aefdad6adf454cb6d555ab16d3e0fe1b8)

Indirect leak of 9 byte(s) in 1 object(s) allocated from:
    #0 0x7f9432f1da04 in strdup ../../../../src/libsanitizer/asan/asan_interceptors.cpp:617
    #1 0x7f94311e61e7 in gf_mx_new utils/os_thread.c:550
    #2 0x7f9431a1c079 in gf_mixer_new compositor/audio_mixer.c:104
    #3 0x7f9431b07a3a in compositor_init_audiobuffer compositor/mpeg4_audio.c:620
    #4 0x7f9431c5c51a in gf_scene_on_node_init compositor/scene_node_init.c:286
    #5 0x7f9431c5c51a in gf_scene_on_node_init compositor/scene_node_init.c:206
    #6 0x7f9431c5c51a in gf_scene_node_callback compositor/scene_node_init.c:360
    #7 0x7f94319c6a44 in xmt_parse_element scene_manager/loader_xmt.c:2180
    #8 0x7f94319cbae3 in xmt_node_start scene_manager/loader_xmt.c:2980
    #9 0x7f943119730c in xml_sax_node_start utils/xml_parser.c:308
    #10 0x7f943119ae3f in xml_sax_parse utils/xml_parser.c:863
    #11 0x7f943119796e in gf_xml_sax_parse_intern utils/xml_parser.c:1084
    #12 0x7f943119cda7 in gf_xml_sax_parse utils/xml_parser.c:1138
    #13 0x7f943119d103 in xml_sax_read_file utils/xml_parser.c:1225
    #14 0x7f943119dbb8 in gf_xml_sax_parse_file utils/xml_parser.c:1338
    #15 0x7f94319baa39 in load_xmt_run scene_manager/loader_xmt.c:3700
    #16 0x7f9432067443 in ctxload_process filters/load_bt_xmt.c:544
    #17 0x7f9431de0093 in gf_filter_process_task filter_core/filter.c:3257
    #18 0x7f9431db44c1 in gf_fs_thread_proc filter_core/filter_session.c:2420
    #19 0x7f9431db9582 in gf_fs_run filter_core/filter_session.c:2728
    #20 0x7f943187328a in gf_media_import media_tools/media_import.c:1639
    #21 0x56087f79d411 in import_file /run/media/user/8ed8205b-4114-4c2a-b2d0-e2ad6640262d/gpac/runtime/gpac_asan/applications/mp4box/fileimport.c:1733
    #22 0x56087f759fc9 in do_add_cat /run/media/user/8ed8205b-4114-4c2a-b2d0-e2ad6640262d/gpac/runtime/gpac_asan/applications/mp4box/mp4box.c:4633
    #23 0x56087f75c3f7 in mp4box_main /run/media/user/8ed8205b-4114-4c2a-b2d0-e2ad6640262d/gpac/runtime/gpac_asan/applications/mp4box/mp4box.c:6377
    #24 0x7f9430c33f76 in __libc_start_call_main ../sysdeps/nptl/libc_start_call_main.h:58
    #25 0x7f9430c34026 in __libc_start_main_impl ../csu/libc-start.c:360
    #26 0x56087f73c080 in _start (/run/media/user/8ed8205b-4114-4c2a-b2d0-e2ad6640262d/gpac/runtime/gpac_asan/bin/gcc/MP4Box+0x4d080) (BuildId: 1651312aefdad6adf454cb6d555ab16d3e0fe1b8)

Indirect leak of 8 byte(s) in 1 object(s) allocated from:
    #0 0x7f9432f2435f in malloc ../../../../src/libsanitizer/asan/asan_malloc_linux.cpp:67
    #1 0x7f9431bc7542 in drawable_3d_new compositor/visual_manager_3d.c:38
    #2 0x7f9431b2ab1b in compositor_init_box compositor/mpeg4_geometry_3d.c:82
    #3 0x7f9431c5c51a in gf_scene_on_node_init compositor/scene_node_init.c:286
    #4 0x7f9431c5c51a in gf_scene_on_node_init compositor/scene_node_init.c:206
    #5 0x7f9431c5c51a in gf_scene_node_callback compositor/scene_node_init.c:360
    #6 0x7f94319c6a44 in xmt_parse_element scene_manager/loader_xmt.c:2180
    #7 0x7f94319cbae3 in xmt_node_start scene_manager/loader_xmt.c:2980
    #8 0x7f943119730c in xml_sax_node_start utils/xml_parser.c:308
    #9 0x7f943119c087 in xml_sax_parse_attribute utils/xml_parser.c:357
    #10 0x7f943119c087 in xml_sax_parse utils/xml_parser.c:940
    #11 0x7f9431197d60 in gf_xml_sax_parse_intern utils/xml_parser.c:1110
    #12 0x7f943119cda7 in gf_xml_sax_parse utils/xml_parser.c:1138
    #13 0x7f943119d103 in xml_sax_read_file utils/xml_parser.c:1225
    #14 0x7f943119dbb8 in gf_xml_sax_parse_file utils/xml_parser.c:1338
    #15 0x7f94319baa39 in load_xmt_run scene_manager/loader_xmt.c:3700
    #16 0x7f9432067443 in ctxload_process filters/load_bt_xmt.c:544
    #17 0x7f9431de0093 in gf_filter_process_task filter_core/filter.c:3257
    #18 0x7f9431db44c1 in gf_fs_thread_proc filter_core/filter_session.c:2420
    #19 0x7f9431db9582 in gf_fs_run filter_core/filter_session.c:2728
    #20 0x7f943187328a in gf_media_import media_tools/media_import.c:1639
    #21 0x56087f79d411 in import_file /run/media/user/8ed8205b-4114-4c2a-b2d0-e2ad6640262d/gpac/runtime/gpac_asan/applications/mp4box/fileimport.c:1733
    #22 0x56087f759fc9 in do_add_cat /run/media/user/8ed8205b-4114-4c2a-b2d0-e2ad6640262d/gpac/runtime/gpac_asan/applications/mp4box/mp4box.c:4633
    #23 0x56087f75c3f7 in mp4box_main /run/media/user/8ed8205b-4114-4c2a-b2d0-e2ad6640262d/gpac/runtime/gpac_asan/applications/mp4box/mp4box.c:6377
    #24 0x7f9430c33f76 in __libc_start_call_main ../sysdeps/nptl/libc_start_call_main.h:58
    #25 0x7f9430c34026 in __libc_start_main_impl ../csu/libc-start.c:360
    #26 0x56087f73c080 in _start (/run/media/user/8ed8205b-4114-4c2a-b2d0-e2ad6640262d/gpac/runtime/gpac_asan/bin/gcc/MP4Box+0x4d080) (BuildId: 1651312aefdad6adf454cb6d555ab16d3e0fe1b8)

Indirect leak of 8 byte(s) in 1 object(s) allocated from:
    #0 0x7f9432f2435f in malloc ../../../../src/libsanitizer/asan/asan_malloc_linux.cpp:67
    #1 0x7f9431bc7542 in drawable_3d_new compositor/visual_manager_3d.c:38
    #2 0x7f9431b2bd1b in compositor_init_point_set compositor/mpeg4_geometry_3d.c:232
    #3 0x7f9431c5c51a in gf_scene_on_node_init compositor/scene_node_init.c:286
    #4 0x7f9431c5c51a in gf_scene_on_node_init compositor/scene_node_init.c:206
    #5 0x7f9431c5c51a in gf_scene_node_callback compositor/scene_node_init.c:360
    #6 0x7f94319c6a44 in xmt_parse_element scene_manager/loader_xmt.c:2180
    #7 0x7f94319cbae3 in xmt_node_start scene_manager/loader_xmt.c:2980
    #8 0x7f943119730c in xml_sax_node_start utils/xml_parser.c:308
    #9 0x7f943119ba4c in xml_sax_parse_attribute utils/xml_parser.c:397
    #10 0x7f943119ba4c in xml_sax_parse utils/xml_parser.c:940
    #11 0x7f943119796e in gf_xml_sax_parse_intern utils/xml_parser.c:1084
    #12 0x7f943119cda7 in gf_xml_sax_parse utils/xml_parser.c:1138
    #13 0x7f943119d103 in xml_sax_read_file utils/xml_parser.c:1225
    #14 0x7f943119dbb8 in gf_xml_sax_parse_file utils/xml_parser.c:1338
    #15 0x7f94319baa39 in load_xmt_run scene_manager/loader_xmt.c:3700
    #16 0x7f9432067443 in ctxload_process filters/load_bt_xmt.c:544
    #17 0x7f9431de0093 in gf_filter_process_task filter_core/filter.c:3257
    #18 0x7f9431db44c1 in gf_fs_thread_proc filter_core/filter_session.c:2420
    #19 0x7f9431db9582 in gf_fs_run filter_core/filter_session.c:2728
    #20 0x7f943187328a in gf_media_import media_tools/media_import.c:1639
    #21 0x56087f79d411 in import_file /run/media/user/8ed8205b-4114-4c2a-b2d0-e2ad6640262d/gpac/runtime/gpac_asan/applications/mp4box/fileimport.c:1733
    #22 0x56087f759fc9 in do_add_cat /run/media/user/8ed8205b-4114-4c2a-b2d0-e2ad6640262d/gpac/runtime/gpac_asan/applications/mp4box/mp4box.c:4633
    #23 0x56087f75c3f7 in mp4box_main /run/media/user/8ed8205b-4114-4c2a-b2d0-e2ad6640262d/gpac/runtime/gpac_asan/applications/mp4box/mp4box.c:6377
    #24 0x7f9430c33f76 in __libc_start_call_main ../sysdeps/nptl/libc_start_call_main.h:58
    #25 0x7f9430c34026 in __libc_start_main_impl ../csu/libc-start.c:360
    #26 0x56087f73c080 in _start (/run/media/user/8ed8205b-4114-4c2a-b2d0-e2ad6640262d/gpac/runtime/gpac_asan/bin/gcc/MP4Box+0x4d080) (BuildId: 1651312aefdad6adf454cb6d555ab16d3e0fe1b8)

Indirect leak of 8 byte(s) in 1 object(s) allocated from:
    #0 0x7f9432f2435f in malloc ../../../../src/libsanitizer/asan/asan_malloc_linux.cpp:67
    #1 0x7f9431bc7542 in drawable_3d_new compositor/visual_manager_3d.c:38
    #2 0x7f9431b2bd3b in compositor_init_ifs compositor/mpeg4_geometry_3d.c:284
    #3 0x7f9431c5c51a in gf_scene_on_node_init compositor/scene_node_init.c:286
    #4 0x7f9431c5c51a in gf_scene_on_node_init compositor/scene_node_init.c:206
    #5 0x7f9431c5c51a in gf_scene_node_callback compositor/scene_node_init.c:360
    #6 0x7f94319c6a44 in xmt_parse_element scene_manager/loader_xmt.c:2180
    #7 0x7f94319cbae3 in xmt_node_start scene_manager/loader_xmt.c:2980
    #8 0x7f943119730c in xml_sax_node_start utils/xml_parser.c:308
    #9 0x7f943119c087 in xml_sax_parse_attribute utils/xml_parser.c:357
    #10 0x7f943119c087 in xml_sax_parse utils/xml_parser.c:940
    #11 0x7f943119796e in gf_xml_sax_parse_intern utils/xml_parser.c:1084
    #12 0x7f943119cda7 in gf_xml_sax_parse utils/xml_parser.c:1138
    #13 0x7f943119d103 in xml_sax_read_file utils/xml_parser.c:1225
    #14 0x7f943119dbb8 in gf_xml_sax_parse_file utils/xml_parser.c:1338
    #15 0x7f94319baa39 in load_xmt_run scene_manager/loader_xmt.c:3700
    #16 0x7f9432067443 in ctxload_process filters/load_bt_xmt.c:544
    #17 0x7f9431de0093 in gf_filter_process_task filter_core/filter.c:3257
    #18 0x7f9431db44c1 in gf_fs_thread_proc filter_core/filter_session.c:2420
    #19 0x7f9431db9582 in gf_fs_run filter_core/filter_session.c:2728
    #20 0x7f943187328a in gf_media_import media_tools/media_import.c:1639
    #21 0x56087f79d411 in import_file /run/media/user/8ed8205b-4114-4c2a-b2d0-e2ad6640262d/gpac/runtime/gpac_asan/applications/mp4box/fileimport.c:1733
    #22 0x56087f759fc9 in do_add_cat /run/media/user/8ed8205b-4114-4c2a-b2d0-e2ad6640262d/gpac/runtime/gpac_asan/applications/mp4box/mp4box.c:4633
    #23 0x56087f75c3f7 in mp4box_main /run/media/user/8ed8205b-4114-4c2a-b2d0-e2ad6640262d/gpac/runtime/gpac_asan/applications/mp4box/mp4box.c:6377
    #24 0x7f9430c33f76 in __libc_start_call_main ../sysdeps/nptl/libc_start_call_main.h:58
    #25 0x7f9430c34026 in __libc_start_main_impl ../csu/libc-start.c:360
    #26 0x56087f73c080 in _start (/run/media/user/8ed8205b-4114-4c2a-b2d0-e2ad6640262d/gpac/runtime/gpac_asan/bin/gcc/MP4Box+0x4d080) (BuildId: 1651312aefdad6adf454cb6d555ab16d3e0fe1b8)

Indirect leak of 8 byte(s) in 1 object(s) allocated from:
    #0 0x7f9432f2435f in malloc ../../../../src/libsanitizer/asan/asan_malloc_linux.cpp:67
    #1 0x7f9431bc7542 in drawable_3d_new compositor/visual_manager_3d.c:38
    #2 0x7f9431b2bf5b in compositor_init_non_linear_deformer compositor/mpeg4_geometry_3d.c:668
    #3 0x7f9431c5c51a in gf_scene_on_node_init compositor/scene_node_init.c:286
    #4 0x7f9431c5c51a in gf_scene_on_node_init compositor/scene_node_init.c:206
    #5 0x7f9431c5c51a in gf_scene_node_callback compositor/scene_node_init.c:360
    #6 0x7f94319c6a44 in xmt_parse_element scene_manager/loader_xmt.c:2180
    #7 0x7f94319cbae3 in xmt_node_start scene_manager/loader_xmt.c:2980
    #8 0x7f943119730c in xml_sax_node_start utils/xml_parser.c:308
    #9 0x7f943119ba4c in xml_sax_parse_attribute utils/xml_parser.c:397
    #10 0x7f943119ba4c in xml_sax_parse utils/xml_parser.c:940
    #11 0x7f9431197d60 in gf_xml_sax_parse_intern utils/xml_parser.c:1110
    #12 0x7f943119cda7 in gf_xml_sax_parse utils/xml_parser.c:1138
    #13 0x7f943119d103 in xml_sax_read_file utils/xml_parser.c:1225
    #14 0x7f943119dbb8 in gf_xml_sax_parse_file utils/xml_parser.c:1338
    #15 0x7f94319baa39 in load_xmt_run scene_manager/loader_xmt.c:3700
    #16 0x7f9432067443 in ctxload_process filters/load_bt_xmt.c:544
    #17 0x7f9431de0093 in gf_filter_process_task filter_core/filter.c:3257
    #18 0x7f9431db44c1 in gf_fs_thread_proc filter_core/filter_session.c:2420
    #19 0x7f9431db9582 in gf_fs_run filter_core/filter_session.c:2728
    #20 0x7f943187328a in gf_media_import media_tools/media_import.c:1639
    #21 0x56087f79d411 in import_file /run/media/user/8ed8205b-4114-4c2a-b2d0-e2ad6640262d/gpac/runtime/gpac_asan/applications/mp4box/fileimport.c:1733
    #22 0x56087f759fc9 in do_add_cat /run/media/user/8ed8205b-4114-4c2a-b2d0-e2ad6640262d/gpac/runtime/gpac_asan/applications/mp4box/mp4box.c:4633
    #23 0x56087f75c3f7 in mp4box_main /run/media/user/8ed8205b-4114-4c2a-b2d0-e2ad6640262d/gpac/runtime/gpac_asan/applications/mp4box/mp4box.c:6377
    #24 0x7f9430c33f76 in __libc_start_call_main ../sysdeps/nptl/libc_start_call_main.h:58
    #25 0x7f9430c34026 in __libc_start_main_impl ../csu/libc-start.c:360
    #26 0x56087f73c080 in _start (/run/media/user/8ed8205b-4114-4c2a-b2d0-e2ad6640262d/gpac/runtime/gpac_asan/bin/gcc/MP4Box+0x4d080) (BuildId: 1651312aefdad6adf454cb6d555ab16d3e0fe1b8)

Indirect leak of 8 byte(s) in 1 object(s) allocated from:
    #0 0x7f9432f2435f in malloc ../../../../src/libsanitizer/asan/asan_malloc_linux.cpp:67
    #1 0x7f9431bc7542 in drawable_3d_new compositor/visual_manager_3d.c:38
    #2 0x7f9431b2bdeb in compositor_init_ils compositor/mpeg4_geometry_3d.c:334
    #3 0x7f9431c5c51a in gf_scene_on_node_init compositor/scene_node_init.c:286
    #4 0x7f9431c5c51a in gf_scene_on_node_init compositor/scene_node_init.c:206
    #5 0x7f9431c5c51a in gf_scene_node_callback compositor/scene_node_init.c:360
    #6 0x7f94319c6a44 in xmt_parse_element scene_manager/loader_xmt.c:2180
    #7 0x7f94319cbae3 in xmt_node_start scene_manager/loader_xmt.c:2980
    #8 0x7f943119730c in xml_sax_node_start utils/xml_parser.c:308
    #9 0x7f943119ba4c in xml_sax_parse_attribute utils/xml_parser.c:397
    #10 0x7f943119ba4c in xml_sax_parse utils/xml_parser.c:940
    #11 0x7f9431197d60 in gf_xml_sax_parse_intern utils/xml_parser.c:1110
    #12 0x7f943119cda7 in gf_xml_sax_parse utils/xml_parser.c:1138
    #13 0x7f943119d103 in xml_sax_read_file utils/xml_parser.c:1225
    #14 0x7f943119dbb8 in gf_xml_sax_parse_file utils/xml_parser.c:1338
    #15 0x7f94319baa39 in load_xmt_run scene_manager/loader_xmt.c:3700
    #16 0x7f9432067443 in ctxload_process filters/load_bt_xmt.c:544
    #17 0x7f9431de0093 in gf_filter_process_task filter_core/filter.c:3257
    #18 0x7f9431db44c1 in gf_fs_thread_proc filter_core/filter_session.c:2420
    #19 0x7f9431db9582 in gf_fs_run filter_core/filter_session.c:2728
    #20 0x7f943187328a in gf_media_import media_tools/media_import.c:1639
    #21 0x56087f79d411 in import_file /run/media/user/8ed8205b-4114-4c2a-b2d0-e2ad6640262d/gpac/runtime/gpac_asan/applications/mp4box/fileimport.c:1733
    #22 0x56087f759fc9 in do_add_cat /run/media/user/8ed8205b-4114-4c2a-b2d0-e2ad6640262d/gpac/runtime/gpac_asan/applications/mp4box/mp4box.c:4633
    #23 0x56087f75c3f7 in mp4box_main /run/media/user/8ed8205b-4114-4c2a-b2d0-e2ad6640262d/gpac/runtime/gpac_asan/applications/mp4box/mp4box.c:6377
    #24 0x7f9430c33f76 in __libc_start_call_main ../sysdeps/nptl/libc_start_call_main.h:58
    #25 0x7f9430c34026 in __libc_start_main_impl ../csu/libc-start.c:360
    #26 0x56087f73c080 in _start (/run/media/user/8ed8205b-4114-4c2a-b2d0-e2ad6640262d/gpac/runtime/gpac_asan/bin/gcc/MP4Box+0x4d080) (BuildId: 1651312aefdad6adf454cb6d555ab16d3e0fe1b8)

Indirect leak of 8 byte(s) in 1 object(s) allocated from:
    #0 0x7f9432f2435f in malloc ../../../../src/libsanitizer/asan/asan_malloc_linux.cpp:67
    #1 0x7f9431bc7542 in drawable_3d_new compositor/visual_manager_3d.c:38
    #2 0x7f9431b2bd3b in compositor_init_ifs compositor/mpeg4_geometry_3d.c:284
    #3 0x7f9431c5c51a in gf_scene_on_node_init compositor/scene_node_init.c:286
    #4 0x7f9431c5c51a in gf_scene_on_node_init compositor/scene_node_init.c:206
    #5 0x7f9431c5c51a in gf_scene_node_callback compositor/scene_node_init.c:360
    #6 0x7f94319c6a44 in xmt_parse_element scene_manager/loader_xmt.c:2180
    #7 0x7f94319cbae3 in xmt_node_start scene_manager/loader_xmt.c:2980
    #8 0x7f943119730c in xml_sax_node_start utils/xml_parser.c:308
    #9 0x7f943119ba4c in xml_sax_parse_attribute utils/xml_parser.c:397
    #10 0x7f943119ba4c in xml_sax_parse utils/xml_parser.c:940
    #11 0x7f9431197d60 in gf_xml_sax_parse_intern utils/xml_parser.c:1110
    #12 0x7f943119cda7 in gf_xml_sax_parse utils/xml_parser.c:1138
    #13 0x7f943119d103 in xml_sax_read_file utils/xml_parser.c:1225
    #14 0x7f943119dbb8 in gf_xml_sax_parse_file utils/xml_parser.c:1338
    #15 0x7f94319baa39 in load_xmt_run scene_manager/loader_xmt.c:3700
    #16 0x7f9432067443 in ctxload_process filters/load_bt_xmt.c:544
    #17 0x7f9431de0093 in gf_filter_process_task filter_core/filter.c:3257
    #18 0x7f9431db44c1 in gf_fs_thread_proc filter_core/filter_session.c:2420
    #19 0x7f9431db9582 in gf_fs_run filter_core/filter_session.c:2728
    #20 0x7f943187328a in gf_media_import media_tools/media_import.c:1639
    #21 0x56087f79d411 in import_file /run/media/user/8ed8205b-4114-4c2a-b2d0-e2ad6640262d/gpac/runtime/gpac_asan/applications/mp4box/fileimport.c:1733
    #22 0x56087f759fc9 in do_add_cat /run/media/user/8ed8205b-4114-4c2a-b2d0-e2ad6640262d/gpac/runtime/gpac_asan/applications/mp4box/mp4box.c:4633
    #23 0x56087f75c3f7 in mp4box_main /run/media/user/8ed8205b-4114-4c2a-b2d0-e2ad6640262d/gpac/runtime/gpac_asan/applications/mp4box/mp4box.c:6377
    #24 0x7f9430c33f76 in __libc_start_call_main ../sysdeps/nptl/libc_start_call_main.h:58
    #25 0x7f9430c34026 in __libc_start_main_impl ../csu/libc-start.c:360
    #26 0x56087f73c080 in _start (/run/media/user/8ed8205b-4114-4c2a-b2d0-e2ad6640262d/gpac/runtime/gpac_asan/bin/gcc/MP4Box+0x4d080) (BuildId: 1651312aefdad6adf454cb6d555ab16d3e0fe1b8)

Indirect leak of 8 byte(s) in 1 object(s) allocated from:
    #0 0x7f9432f2435f in malloc ../../../../src/libsanitizer/asan/asan_malloc_linux.cpp:67
    #1 0x7f9431bc7542 in drawable_3d_new compositor/visual_manager_3d.c:38
    #2 0x7f9431b2beab in compositor_init_extrusion compositor/mpeg4_geometry_3d.c:426
    #3 0x7f9431c5c51a in gf_scene_on_node_init compositor/scene_node_init.c:286
    #4 0x7f9431c5c51a in gf_scene_on_node_init compositor/scene_node_init.c:206
    #5 0x7f9431c5c51a in gf_scene_node_callback compositor/scene_node_init.c:360
    #6 0x7f94319c6a44 in xmt_parse_element scene_manager/loader_xmt.c:2180
    #7 0x7f94319cbae3 in xmt_node_start scene_manager/loader_xmt.c:2980
    #8 0x7f943119730c in xml_sax_node_start utils/xml_parser.c:308
    #9 0x7f943119c087 in xml_sax_parse_attribute utils/xml_parser.c:357
    #10 0x7f943119c087 in xml_sax_parse utils/xml_parser.c:940
    #11 0x7f9431197d60 in gf_xml_sax_parse_intern utils/xml_parser.c:1110
    #12 0x7f943119cda7 in gf_xml_sax_parse utils/xml_parser.c:1138
    #13 0x7f943119d103 in xml_sax_read_file utils/xml_parser.c:1225
    #14 0x7f943119dbb8 in gf_xml_sax_parse_file utils/xml_parser.c:1338
    #15 0x7f94319baa39 in load_xmt_run scene_manager/loader_xmt.c:3700
    #16 0x7f9432067443 in ctxload_process filters/load_bt_xmt.c:544
    #17 0x7f9431de0093 in gf_filter_process_task filter_core/filter.c:3257
    #18 0x7f9431db44c1 in gf_fs_thread_proc filter_core/filter_session.c:2420
    #19 0x7f9431db9582 in gf_fs_run filter_core/filter_session.c:2728
    #20 0x7f943187328a in gf_media_import media_tools/media_import.c:1639
    #21 0x56087f79d411 in import_file /run/media/user/8ed8205b-4114-4c2a-b2d0-e2ad6640262d/gpac/runtime/gpac_asan/applications/mp4box/fileimport.c:1733
    #22 0x56087f759fc9 in do_add_cat /run/media/user/8ed8205b-4114-4c2a-b2d0-e2ad6640262d/gpac/runtime/gpac_asan/applications/mp4box/mp4box.c:4633
    #23 0x56087f75c3f7 in mp4box_main /run/media/user/8ed8205b-4114-4c2a-b2d0-e2ad6640262d/gpac/runtime/gpac_asan/applications/mp4box/mp4box.c:6377
    #24 0x7f9430c33f76 in __libc_start_call_main ../sysdeps/nptl/libc_start_call_main.h:58
    #25 0x7f9430c34026 in __libc_start_main_impl ../csu/libc-start.c:360
    #26 0x56087f73c080 in _start (/run/media/user/8ed8205b-4114-4c2a-b2d0-e2ad6640262d/gpac/runtime/gpac_asan/bin/gcc/MP4Box+0x4d080) (BuildId: 1651312aefdad6adf454cb6d555ab16d3e0fe1b8)

Indirect leak of 8 byte(s) in 1 object(s) allocated from:
    #0 0x7f9432f2435f in malloc ../../../../src/libsanitizer/asan/asan_malloc_linux.cpp:67
    #1 0x7f9431bc7542 in drawable_3d_new compositor/visual_manager_3d.c:38
    #2 0x7f9431b2be5b in compositor_init_elevation_grid compositor/mpeg4_geometry_3d.c:371
    #3 0x7f9431c5c51a in gf_scene_on_node_init compositor/scene_node_init.c:286
    #4 0x7f9431c5c51a in gf_scene_on_node_init compositor/scene_node_init.c:206
    #5 0x7f9431c5c51a in gf_scene_node_callback compositor/scene_node_init.c:360
    #6 0x7f94319c6a44 in xmt_parse_element scene_manager/loader_xmt.c:2180
    #7 0x7f94319cbae3 in xmt_node_start scene_manager/loader_xmt.c:2980
    #8 0x7f943119730c in xml_sax_node_start utils/xml_parser.c:308
    #9 0x7f943119c087 in xml_sax_parse_attribute utils/xml_parser.c:357
    #10 0x7f943119c087 in xml_sax_parse utils/xml_parser.c:940
    #11 0x7f9431197d60 in gf_xml_sax_parse_intern utils/xml_parser.c:1110
    #12 0x7f943119cda7 in gf_xml_sax_parse utils/xml_parser.c:1138
    #13 0x7f943119d103 in xml_sax_read_file utils/xml_parser.c:1225
    #14 0x7f943119dbb8 in gf_xml_sax_parse_file utils/xml_parser.c:1338
    #15 0x7f94319baa39 in load_xmt_run scene_manager/loader_xmt.c:3700
    #16 0x7f9432067443 in ctxload_process filters/load_bt_xmt.c:544
    #17 0x7f9431de0093 in gf_filter_process_task filter_core/filter.c:3257
    #18 0x7f9431db44c1 in gf_fs_thread_proc filter_core/filter_session.c:2420
    #19 0x7f9431db9582 in gf_fs_run filter_core/filter_session.c:2728
    #20 0x7f943187328a in gf_media_import media_tools/media_import.c:1639
    #21 0x56087f79d411 in import_file /run/media/user/8ed8205b-4114-4c2a-b2d0-e2ad6640262d/gpac/runtime/gpac_asan/applications/mp4box/fileimport.c:1733
    #22 0x56087f759fc9 in do_add_cat /run/media/user/8ed8205b-4114-4c2a-b2d0-e2ad6640262d/gpac/runtime/gpac_asan/applications/mp4box/mp4box.c:4633
    #23 0x56087f75c3f7 in mp4box_main /run/media/user/8ed8205b-4114-4c2a-b2d0-e2ad6640262d/gpac/runtime/gpac_asan/applications/mp4box/mp4box.c:6377
    #24 0x7f9430c33f76 in __libc_start_call_main ../sysdeps/nptl/libc_start_call_main.h:58
    #25 0x7f9430c34026 in __libc_start_main_impl ../csu/libc-start.c:360
    #26 0x56087f73c080 in _start (/run/media/user/8ed8205b-4114-4c2a-b2d0-e2ad6640262d/gpac/runtime/gpac_asan/bin/gcc/MP4Box+0x4d080) (BuildId: 1651312aefdad6adf454cb6d555ab16d3e0fe1b8)

Indirect leak of 8 byte(s) in 1 object(s) allocated from:
    #0 0x7f9432f2435f in malloc ../../../../src/libsanitizer/asan/asan_malloc_linux.cpp:67
    #1 0x7f9431bc7542 in drawable_3d_new compositor/visual_manager_3d.c:38
    #2 0x7f9431b2ab5b in compositor_init_cylinder compositor/mpeg4_geometry_3d.c:116
    #3 0x7f9431c5c51a in gf_scene_on_node_init compositor/scene_node_init.c:286
    #4 0x7f9431c5c51a in gf_scene_on_node_init compositor/scene_node_init.c:206
    #5 0x7f9431c5c51a in gf_scene_node_callback compositor/scene_node_init.c:360
    #6 0x7f94319c6a44 in xmt_parse_element scene_manager/loader_xmt.c:2180
    #7 0x7f94319cbae3 in xmt_node_start scene_manager/loader_xmt.c:2980
    #8 0x7f943119730c in xml_sax_node_start utils/xml_parser.c:308
    #9 0x7f943119c087 in xml_sax_parse_attribute utils/xml_parser.c:357
    #10 0x7f943119c087 in xml_sax_parse utils/xml_parser.c:940
    #11 0x7f9431197d60 in gf_xml_sax_parse_intern utils/xml_parser.c:1110
    #12 0x7f943119cda7 in gf_xml_sax_parse utils/xml_parser.c:1138
    #13 0x7f943119d103 in xml_sax_read_file utils/xml_parser.c:1225
    #14 0x7f943119dbb8 in gf_xml_sax_parse_file utils/xml_parser.c:1338
    #15 0x7f94319baa39 in load_xmt_run scene_manager/loader_xmt.c:3700
    #16 0x7f9432067443 in ctxload_process filters/load_bt_xmt.c:544
    #17 0x7f9431de0093 in gf_filter_process_task filter_core/filter.c:3257
    #18 0x7f9431db44c1 in gf_fs_thread_proc filter_core/filter_session.c:2420
    #19 0x7f9431db9582 in gf_fs_run filter_core/filter_session.c:2728
    #20 0x7f943187328a in gf_media_import media_tools/media_import.c:1639
    #21 0x56087f79d411 in import_file /run/media/user/8ed8205b-4114-4c2a-b2d0-e2ad6640262d/gpac/runtime/gpac_asan/applications/mp4box/fileimport.c:1733
    #22 0x56087f759fc9 in do_add_cat /run/media/user/8ed8205b-4114-4c2a-b2d0-e2ad6640262d/gpac/runtime/gpac_asan/applications/mp4box/mp4box.c:4633
    #23 0x56087f75c3f7 in mp4box_main /run/media/user/8ed8205b-4114-4c2a-b2d0-e2ad6640262d/gpac/runtime/gpac_asan/applications/mp4box/mp4box.c:6377
    #24 0x7f9430c33f76 in __libc_start_call_main ../sysdeps/nptl/libc_start_call_main.h:58
    #25 0x7f9430c34026 in __libc_start_main_impl ../csu/libc-start.c:360
    #26 0x56087f73c080 in _start (/run/media/user/8ed8205b-4114-4c2a-b2d0-e2ad6640262d/gpac/runtime/gpac_asan/bin/gcc/MP4Box+0x4d080) (BuildId: 1651312aefdad6adf454cb6d555ab16d3e0fe1b8)

Indirect leak of 8 byte(s) in 1 object(s) allocated from:
    #0 0x7f9432f2435f in malloc ../../../../src/libsanitizer/asan/asan_malloc_linux.cpp:67
    #1 0x7f9431bc7542 in drawable_3d_new compositor/visual_manager_3d.c:38
    #2 0x7f9431b2ab3b in compositor_init_cone compositor/mpeg4_geometry_3d.c:99
    #3 0x7f9431c5c51a in gf_scene_on_node_init compositor/scene_node_init.c:286
    #4 0x7f9431c5c51a in gf_scene_on_node_init compositor/scene_node_init.c:206
    #5 0x7f9431c5c51a in gf_scene_node_callback compositor/scene_node_init.c:360
    #6 0x7f94319c6a44 in xmt_parse_element scene_manager/loader_xmt.c:2180
    #7 0x7f94319cbae3 in xmt_node_start scene_manager/loader_xmt.c:2980
    #8 0x7f943119730c in xml_sax_node_start utils/xml_parser.c:308
    #9 0x7f943119c087 in xml_sax_parse_attribute utils/xml_parser.c:357
    #10 0x7f943119c087 in xml_sax_parse utils/xml_parser.c:940
    #11 0x7f9431197d60 in gf_xml_sax_parse_intern utils/xml_parser.c:1110
    #12 0x7f943119cda7 in gf_xml_sax_parse utils/xml_parser.c:1138
    #13 0x7f943119d103 in xml_sax_read_file utils/xml_parser.c:1225
    #14 0x7f943119dbb8 in gf_xml_sax_parse_file utils/xml_parser.c:1338
    #15 0x7f94319baa39 in load_xmt_run scene_manager/loader_xmt.c:3700
    #16 0x7f9432067443 in ctxload_process filters/load_bt_xmt.c:544
    #17 0x7f9431de0093 in gf_filter_process_task filter_core/filter.c:3257
    #18 0x7f9431db44c1 in gf_fs_thread_proc filter_core/filter_session.c:2420
    #19 0x7f9431db9582 in gf_fs_run filter_core/filter_session.c:2728
    #20 0x7f943187328a in gf_media_import media_tools/media_import.c:1639
    #21 0x56087f79d411 in import_file /run/media/user/8ed8205b-4114-4c2a-b2d0-e2ad6640262d/gpac/runtime/gpac_asan/applications/mp4box/fileimport.c:1733
    #22 0x56087f759fc9 in do_add_cat /run/media/user/8ed8205b-4114-4c2a-b2d0-e2ad6640262d/gpac/runtime/gpac_asan/applications/mp4box/mp4box.c:4633
    #23 0x56087f75c3f7 in mp4box_main /run/media/user/8ed8205b-4114-4c2a-b2d0-e2ad6640262d/gpac/runtime/gpac_asan/applications/mp4box/mp4box.c:6377
    #24 0x7f9430c33f76 in __libc_start_call_main ../sysdeps/nptl/libc_start_call_main.h:58
    #25 0x7f9430c34026 in __libc_start_main_impl ../csu/libc-start.c:360
    #26 0x56087f73c080 in _start (/run/media/user/8ed8205b-4114-4c2a-b2d0-e2ad6640262d/gpac/runtime/gpac_asan/bin/gcc/MP4Box+0x4d080) (BuildId: 1651312aefdad6adf454cb6d555ab16d3e0fe1b8)

Indirect leak of 4 byte(s) in 1 object(s) allocated from:
    #0 0x7f9432f2435f in malloc ../../../../src/libsanitizer/asan/asan_malloc_linux.cpp:67
    #1 0x7f9431371a49 in gf_sg_vrml_mf_insert scenegraph/vrml_tools.c:1091
    #2 0x7f94319bf2da in xmt_parse_mf_field scene_manager/loader_xmt.c:1101
    #3 0x7f94319c764d in xmt_parse_element scene_manager/loader_xmt.c:2123
    #4 0x7f94319cbae3 in xmt_node_start scene_manager/loader_xmt.c:2980
    #5 0x7f943119730c in xml_sax_node_start utils/xml_parser.c:308
    #6 0x7f943119ba4c in xml_sax_parse_attribute utils/xml_parser.c:397
    #7 0x7f943119ba4c in xml_sax_parse utils/xml_parser.c:940
    #8 0x7f9431197d60 in gf_xml_sax_parse_intern utils/xml_parser.c:1110
    #9 0x7f943119cda7 in gf_xml_sax_parse utils/xml_parser.c:1138
    #10 0x7f943119d103 in xml_sax_read_file utils/xml_parser.c:1225
    #11 0x7f943119dbb8 in gf_xml_sax_parse_file utils/xml_parser.c:1338
    #12 0x7f94319baa39 in load_xmt_run scene_manager/loader_xmt.c:3700
    #13 0x7f9432067443 in ctxload_process filters/load_bt_xmt.c:544
    #14 0x7f9431de0093 in gf_filter_process_task filter_core/filter.c:3257
    #15 0x7f9431db44c1 in gf_fs_thread_proc filter_core/filter_session.c:2420
    #16 0x7f9431db9582 in gf_fs_run filter_core/filter_session.c:2728
    #17 0x7f943187328a in gf_media_import media_tools/media_import.c:1639
    #18 0x56087f79d411 in import_file /run/media/user/8ed8205b-4114-4c2a-b2d0-e2ad6640262d/gpac/runtime/gpac_asan/applications/mp4box/fileimport.c:1733
    #19 0x56087f759fc9 in do_add_cat /run/media/user/8ed8205b-4114-4c2a-b2d0-e2ad6640262d/gpac/runtime/gpac_asan/applications/mp4box/mp4box.c:4633
    #20 0x56087f75c3f7 in mp4box_main /run/media/user/8ed8205b-4114-4c2a-b2d0-e2ad6640262d/gpac/runtime/gpac_asan/applications/mp4box/mp4box.c:6377
    #21 0x7f9430c33f76 in __libc_start_call_main ../sysdeps/nptl/libc_start_call_main.h:58
    #22 0x7f9430c34026 in __libc_start_main_impl ../csu/libc-start.c:360
    #23 0x56087f73c080 in _start (/run/media/user/8ed8205b-4114-4c2a-b2d0-e2ad6640262d/gpac/runtime/gpac_asan/bin/gcc/MP4Box+0x4d080) (BuildId: 1651312aefdad6adf454cb6d555ab16d3e0fe1b8)

Indirect leak of 4 byte(s) in 1 object(s) allocated from:
    #0 0x7f9432f2435f in malloc ../../../../src/libsanitizer/asan/asan_malloc_linux.cpp:67
    #1 0x7f94312d9e5f in LinearGradient_Create scenegraph/mpeg4_nodes.c:30949
    #2 0x7f943126aa22 in gf_node_new scenegraph/base_scenegraph.c:2112
    #3 0x7f94319c6560 in xmt_parse_element scene_manager/loader_xmt.c:2036
    #4 0x7f94319cbae3 in xmt_node_start scene_manager/loader_xmt.c:2980
    #5 0x7f943119730c in xml_sax_node_start utils/xml_parser.c:308
    #6 0x7f943119c087 in xml_sax_parse_attribute utils/xml_parser.c:357
    #7 0x7f943119c087 in xml_sax_parse utils/xml_parser.c:940
    #8 0x7f9431197d60 in gf_xml_sax_parse_intern utils/xml_parser.c:1110
    #9 0x7f943119cda7 in gf_xml_sax_parse utils/xml_parser.c:1138
    #10 0x7f943119d103 in xml_sax_read_file utils/xml_parser.c:1225
    #11 0x7f943119dbb8 in gf_xml_sax_parse_file utils/xml_parser.c:1338
    #12 0x7f94319baa39 in load_xmt_run scene_manager/loader_xmt.c:3700
    #13 0x7f9432067443 in ctxload_process filters/load_bt_xmt.c:544
    #14 0x7f9431de0093 in gf_filter_process_task filter_core/filter.c:3257
    #15 0x7f9431db44c1 in gf_fs_thread_proc filter_core/filter_session.c:2420
    #16 0x7f9431db9582 in gf_fs_run filter_core/filter_session.c:2728
    #17 0x7f943187328a in gf_media_import media_tools/media_import.c:1639
    #18 0x56087f79d411 in import_file /run/media/user/8ed8205b-4114-4c2a-b2d0-e2ad6640262d/gpac/runtime/gpac_asan/applications/mp4box/fileimport.c:1733
    #19 0x56087f759fc9 in do_add_cat /run/media/user/8ed8205b-4114-4c2a-b2d0-e2ad6640262d/gpac/runtime/gpac_asan/applications/mp4box/mp4box.c:4633
    #20 0x56087f75c3f7 in mp4box_main /run/media/user/8ed8205b-4114-4c2a-b2d0-e2ad6640262d/gpac/runtime/gpac_asan/applications/mp4box/mp4box.c:6377
    #21 0x7f9430c33f76 in __libc_start_call_main ../sysdeps/nptl/libc_start_call_main.h:58
    #22 0x7f9430c34026 in __libc_start_main_impl ../csu/libc-start.c:360
    #23 0x56087f73c080 in _start (/run/media/user/8ed8205b-4114-4c2a-b2d0-e2ad6640262d/gpac/runtime/gpac_asan/bin/gcc/MP4Box+0x4d080) (BuildId: 1651312aefdad6adf454cb6d555ab16d3e0fe1b8)

Indirect leak of 4 byte(s) in 1 object(s) allocated from:
    #0 0x7f9432f2435f in malloc ../../../../src/libsanitizer/asan/asan_malloc_linux.cpp:67
    #1 0x7f94312c864f in AudioBuffer_Create scenegraph/mpeg4_nodes.c:622
    #2 0x7f943126aa22 in gf_node_new scenegraph/base_scenegraph.c:2112
    #3 0x7f94319c6560 in xmt_parse_element scene_manager/loader_xmt.c:2036
    #4 0x7f94319cbae3 in xmt_node_start scene_manager/loader_xmt.c:2980
    #5 0x7f943119730c in xml_sax_node_start utils/xml_parser.c:308
    #6 0x7f943119ae3f in xml_sax_parse utils/xml_parser.c:863
    #7 0x7f943119796e in gf_xml_sax_parse_intern utils/xml_parser.c:1084
    #8 0x7f943119cda7 in gf_xml_sax_parse utils/xml_parser.c:1138
    #9 0x7f943119d103 in xml_sax_read_file utils/xml_parser.c:1225
    #10 0x7f943119dbb8 in gf_xml_sax_parse_file utils/xml_parser.c:1338
    #11 0x7f94319baa39 in load_xmt_run scene_manager/loader_xmt.c:3700
    #12 0x7f9432067443 in ctxload_process filters/load_bt_xmt.c:544
    #13 0x7f9431de0093 in gf_filter_process_task filter_core/filter.c:3257
    #14 0x7f9431db44c1 in gf_fs_thread_proc filter_core/filter_session.c:2420
    #15 0x7f9431db9582 in gf_fs_run filter_core/filter_session.c:2728
    #16 0x7f943187328a in gf_media_import media_tools/media_import.c:1639
    #17 0x56087f79d411 in import_file /run/media/user/8ed8205b-4114-4c2a-b2d0-e2ad6640262d/gpac/runtime/gpac_asan/applications/mp4box/fileimport.c:1733
    #18 0x56087f759fc9 in do_add_cat /run/media/user/8ed8205b-4114-4c2a-b2d0-e2ad6640262d/gpac/runtime/gpac_asan/applications/mp4box/mp4box.c:4633
    #19 0x56087f75c3f7 in mp4box_main /run/media/user/8ed8205b-4114-4c2a-b2d0-e2ad6640262d/gpac/runtime/gpac_asan/applications/mp4box/mp4box.c:6377
    #20 0x7f9430c33f76 in __libc_start_call_main ../sysdeps/nptl/libc_start_call_main.h:58
    #21 0x7f9430c34026 in __libc_start_main_impl ../csu/libc-start.c:360
    #22 0x56087f73c080 in _start (/run/media/user/8ed8205b-4114-4c2a-b2d0-e2ad6640262d/gpac/runtime/gpac_asan/bin/gcc/MP4Box+0x4d080) (BuildId: 1651312aefdad6adf454cb6d555ab16d3e0fe1b8)

Indirect leak of 4 byte(s) in 1 object(s) allocated from:
    #0 0x7f9432f2435f in malloc ../../../../src/libsanitizer/asan/asan_malloc_linux.cpp:67
    #1 0x7f94312c864f in AudioBuffer_Create scenegraph/mpeg4_nodes.c:622
    #2 0x7f943126aa22 in gf_node_new scenegraph/base_scenegraph.c:2112
    #3 0x7f94319c6560 in xmt_parse_element scene_manager/loader_xmt.c:2036
    #4 0x7f94319cbae3 in xmt_node_start scene_manager/loader_xmt.c:2980
    #5 0x7f943119730c in xml_sax_node_start utils/xml_parser.c:308
    #6 0x7f943119ae3f in xml_sax_parse utils/xml_parser.c:863
    #7 0x7f9431197d60 in gf_xml_sax_parse_intern utils/xml_parser.c:1110
    #8 0x7f943119cda7 in gf_xml_sax_parse utils/xml_parser.c:1138
    #9 0x7f943119d103 in xml_sax_read_file utils/xml_parser.c:1225
    #10 0x7f943119dbb8 in gf_xml_sax_parse_file utils/xml_parser.c:1338
    #11 0x7f94319baa39 in load_xmt_run scene_manager/loader_xmt.c:3700
    #12 0x7f9432067443 in ctxload_process filters/load_bt_xmt.c:544
    #13 0x7f9431de0093 in gf_filter_process_task filter_core/filter.c:3257
    #14 0x7f9431db44c1 in gf_fs_thread_proc filter_core/filter_session.c:2420
    #15 0x7f9431db9582 in gf_fs_run filter_core/filter_session.c:2728
    #16 0x7f943187328a in gf_media_import media_tools/media_import.c:1639
    #17 0x56087f79d411 in import_file /run/media/user/8ed8205b-4114-4c2a-b2d0-e2ad6640262d/gpac/runtime/gpac_asan/applications/mp4box/fileimport.c:1733
    #18 0x56087f759fc9 in do_add_cat /run/media/user/8ed8205b-4114-4c2a-b2d0-e2ad6640262d/gpac/runtime/gpac_asan/applications/mp4box/mp4box.c:4633
    #19 0x56087f75c3f7 in mp4box_main /run/media/user/8ed8205b-4114-4c2a-b2d0-e2ad6640262d/gpac/runtime/gpac_asan/applications/mp4box/mp4box.c:6377
    #20 0x7f9430c33f76 in __libc_start_call_main ../sysdeps/nptl/libc_start_call_main.h:58
    #21 0x7f9430c34026 in __libc_start_main_impl ../csu/libc-start.c:360
    #22 0x56087f73c080 in _start (/run/media/user/8ed8205b-4114-4c2a-b2d0-e2ad6640262d/gpac/runtime/gpac_asan/bin/gcc/MP4Box+0x4d080) (BuildId: 1651312aefdad6adf454cb6d555ab16d3e0fe1b8)

SUMMARY: AddressSanitizer: 41172 byte(s) leaked in 856 allocation(s).
